relative_path	sha256	file_size	producer_raw	profile	profile_version	code_version	page_count	cut_len	crease_len	total_stroke_len	cov_cut	cov_crease	assigned_coverage_total	dist_cut	dist_crease	ambiguous_len	unassigned_len	neutral_len	other_structural	other_colors	n_up_guess	component_count	extracted
test/uploads/010223_013414-363949.pdf	edca5c8b457a4f472e64ffb8a15a3b0275807ca3c8d7a6f141c17a67ee01a62f	26183427	Adobe PDF library 17.00	adobe_ocg_v1	adobe_ocg_v1	dd47a14	1	12934	9318	190735	0.068	0.049	0.117	0.0	0.0	0	16756	16593	1	(0.95, 0.44, 0.26):6542;(0.37, 0.59, 0.71):6347;(0.4, 0.17, 0.57):3638;(0.37, 0.18, 0.57):142;(0.0, 0.68, 0.94):87	3	41	1
test/uploads/010223_021059-233347.pdf	1555dbaa5536d15106e0587a313502f766fc06a1c785eddedb345258ddc791a1	4309644	Adobe PDF library 16.07	adobe_ocg_v1	adobe_ocg_v1	dd47a14	1	22299	16140	92431	0.241	0.175	0.416	0.0	0.0	0	1557	343	0	(0.4, 0.17, 0.57):1448;(0.93, 0.0, 0.55):81;(0.0, 0.68, 0.94):28	7	117	1
test/uploads/010223_055342-232176.pdf	6e1629983bbfacf75488887260fe88eaa40c4480f9d1c492807e503c59068a8b	150059	Adobe PDF library 16.00	adobe_ocg_v1	adobe_ocg_v1	dd47a14	1	32694	21334	59021	0.554	0.361	0.915	0.0	0.0	0	0	4994	0		1	196	1
test/uploads/010223_061146-693661.pdf	9731727dbcfe5c4e4e9a6a7538f137b873e5dab9f215a2eca5bf3d045f124531	143343	Adobe PDF library 16.00	adobe_ocg_v1	adobe_ocg_v1	dd47a14	1	26772	21620	53386	0.501	0.405	0.906	0.0	0.0	0	0	4994	0		12	234	1
test/uploads/010223_063211-261727.pdf	ca428df510180b34a913a20354be83465d87a5ff0cf1bd8ed3de0e3ecc19852b	132166	Adobe PDF library 16.00	adobe_ocg_v1	adobe_ocg_v1	dd47a14	1	21884	19206	46084	0.475	0.417	0.892	0.0	0.0	0	0	4994	0		15	160	1
test/uploads/010223_072616-469890.pdf	7f2e35611bbfd71f89c4ab2c530f16e90ab0ae79bb3bf2134c6f263a49d31403	5152755	Adobe PDF library 16.07	adobe_ocg_v1	adobe_ocg_v1	dd47a14	1	4950	3120	53697	0.092	0.058	0.15	0.0	0.0	0	0	3049	0		2	40	1
test/uploads/010323_050555-128863.pdf	ea8086679883a120b943a838ff93727810537e416dc9dcafb5a549a04108e707	115875	Adobe PDF library 17.00	adobe_ocg_v1	adobe_ocg_v1	dd47a14	1	8101	3878	16972	0.477	0.228	0.706	0.0	0.0	0	0	4994	0		1	22	1
test/uploads/010323_060935-258718.pdf	70a67933c0863df0d63359b35d7b96c3d0eff9c14b669c8e508cf9ab547c43a1	1170790	Adobe PDF library 15.00	adobe_ocg_v1	adobe_ocg_v1	dd47a14	1	34755	5060	94321	0.368	0.054	0.422	0.0	0.0	0	7605	3353	1	(0.0, 0.6, 0.51):5439;(0.96, 0.67, 0.72):2166;(0.55, 0.44, 0.3):0	11	707	1
test/uploads/010623_035227-144934.pdf	879a2779dbb5323c558204f6f039efffbbc7c166557080d51350b52b7338c81b	2608813	Adobe PDF library 9.90	adobe_ocg_v1	adobe_ocg_v1	dd47a14	1	10296	3316	72332	0.142	0.046	0.188	0.0	0.0	0	0	3349	0		5	106	1
test/uploads/010623_035239-865943.pdf	d06d313b84415c6e0efc7332bfa1d019bfb15d569e65cda850680fb606b808b8	2600531	Adobe PDF library 9.90	adobe_ocg_v1	adobe_ocg_v1	dd47a14	1	10296	3316	71946	0.143	0.046	0.189	0.0	0.0	0	0	3349	0		5	99	1
test/uploads/010623_040242-409977.pdf	73a7219c3230af96493845f7f8e7ac5a3cc213101a3b4d0f8fca3813b8cf74aa	278757	Adobe PDF library 16.07	adobe_ocg_v1	adobe_ocg_v1	dd47a14	1	29832	14246	44078	0.677	0.323	1.0	0.0	0.0	0	0	0	0		10	154	1
test/uploads/010623_042842-681862.pdf	313246a6e43e05a3d898e630ed8e91e9c3c57e04587efae9af5fa48c07a96385	117533	Adobe PDF library 17.00	adobe_ocg_v1	adobe_ocg_v1	dd47a14	1	13209	6263	24466	0.54	0.256	0.796	0.0	0.0	0	0	4994	0		1	39	1
test/uploads/010623_063619-854417.pdf	b8470ee46c4a7ac3eacf6b0656cfb773192131b1d4a2d483ed97a1ef15f44fcb	119105	Adobe PDF library 17.00	adobe_ocg_v1	adobe_ocg_v1	dd47a14	1	14281	6884	26428	0.54	0.26	0.801	0.0	0.0	0	0	5263	0		1	38	1
test/uploads/010623_063821-107331.pdf	86133b13b82e094a3503ccb3c8bf2f1d459a0d2cb2a75fbe850e6b7bc0b79bce	118897	Adobe PDF library 17.00	adobe_ocg_v1	adobe_ocg_v1	dd47a14	1	14154	7094	26511	0.534	0.268	0.801	0.0	0.0	0	0	5263	0		1	44	1
test/uploads/010623_072435-686211.pdf	ba70f84ec16246ceec563364fea78ace4fa5d1212b13c7d4d8594c0116e0c760	4148183	Adobe PDF library 16.07	adobe_ocg_v1	adobe_ocg_v1	dd47a14	1	5276	2276	77358	0.068	0.029	0.098	0.0	0.0	0	8718	8289	1	(0.0, 0.68, 0.94):7739;(0.44, 0.44, 0.7):934;(0.67, 0.88, 0.98):45	1	56	0
test/uploads/010922_071406-205743.pdf	e8ecaf82a3d57ccfb891bb081170dd66f50d4731ac123ed7beff89a970020828	79828	Adobe PDF library 16.07	adobe_ocg_v1	adobe_ocg_v1	dd47a14	1	36048	7535	43583	0.827	0.173	1.0	0.0	0.0	0	0	0	0		2	59	1
test/uploads/010922_071413-461220.pdf	c59e242fd632475c1671a9184b408066dd1bfe97eb6ec0db1b8e90d6f17f121a	99431	Adobe PDF library 16.07	adobe_ocg_v1	adobe_ocg_v1	dd47a14	1	25842	19900	45742	0.565	0.435	1.0	0.0	0.0	0	0	0	0		4	152	1
test/uploads/010922_100102-217423.pdf	da750093fb64f8a07c2574a75d8d5fc60306cbc52dba221043c69992190a6c41	1875215	Adobe PDF library 16.07	adobe_ocg_v1	adobe_ocg_v1	dd47a14	1	9243	5188	206683	0.045	0.025	0.07	0.0	0.0	0	44731	11662	1	(0.0, 0.68, 0.94):40805;(0.73, 0.33, 0.62):2513;(0.44, 0.44, 0.7):1322;(0.7, 0.9, 0.98):91;(0.91, 0.15, 0.16):0	2	88	0
test/uploads/011022_042323-391636.pdf	81234140836ee01245acfa97726c5c0f9259b5c49a5f3dea1680535420fac4d1	129697	Adobe PDF library 16.00	adobe_ocg_v1	adobe_ocg_v1	dd47a14	1	21003	10951	36948	0.568	0.296	0.865	0.0	0.0	0	0	4994	0		4	60	1
test/uploads/011222_012342-943698.pdf	37a8793ae1a1f3485f54d61c782c4edb25fe3950239e1693a5996eaf6ec8f606	161573	Adobe PDF library 16.00	adobe_ocg_v1	adobe_ocg_v1	dd47a14	1	35580	24387	64961	0.548	0.375	0.923	0.0	0.0	0	0	4994	0		6	393	1
test/uploads/011222_013017-545727.pdf	a997804ebeac28d5c7ad11b64dc1c2bb190bb27a0b7d30cfc896f4add9734b0e	9161065	Adobe PDF library 16.07	adobe_ocg_v1	adobe_ocg_v1	dd47a14	1	7567	7268	365518	0.021	0.02	0.041	0.0	0.0	0	1589	10994	0	(0.44, 0.44, 0.7):1322;(0.0, 0.68, 0.94):206;(0.73, 0.33, 0.62):60	1	8	0
test/uploads/011222_013020-208291.pdf	f9e6285f4bd74449661a45324f22ffa5954a4d6f8fce884a771e97034f6716f3	9570588	Adobe PDF library 16.07	adobe_ocg_v1	adobe_ocg_v1	dd47a14	1	7567	7268	389542	0.019	0.019	0.038	0.0	0.0	0	1589	10994	0	(0.44, 0.44, 0.7):1322;(0.0, 0.68, 0.94):206;(0.73, 0.33, 0.62):60	1	8	0
test/uploads/011222_013024-525427.pdf	10b126c862d3aa09d30b681213a416295ad409f69c4b951d6ee77b06f0337866	8796178	Adobe PDF library 16.07	adobe_ocg_v1	adobe_ocg_v1	dd47a14	1	7567	7268	360576	0.021	0.02	0.041	0.0	0.0	0	1589	10994	0	(0.44, 0.44, 0.7):1322;(0.0, 0.68, 0.94):206;(0.73, 0.33, 0.62):60	1	8	0
test/uploads/011222_030650-496115.pdf	2f7570b83152924d9a79f8a2aff98cd50d77e558a32fd530f11e93e402eed90a	10932593	Adobe PDF library 10.01	adobe_ocg_v1	adobe_ocg_v1	dd47a14	1	16155	605	92875	0.174	0.007	0.18	0.0	0.0	0	972	2938	0	(0.95, 0.42, 0.14):778;(0.69, 0.07, 0.09):191;(0.94, 0.21, 0.19):3	1	202	0
test/uploads/020223_031132-169611.pdf	a87aae45d697273f8af7ac9045025de3b5d415f315fbd277cd419d52caff9ff0	2873903	Adobe PDF library 17.00	adobe_ocg_v1	adobe_ocg_v1	dd47a14	1	6852	4245	136040	0.05	0.031	0.082	0.0	0.0	0	3514	9182	1	(0.4, 0.17, 0.57):3308;(0.37, 0.18, 0.57):128;(0.0, 0.68, 0.94):78;(0.1, 0.22, 0.54):0	1	17	1
test/uploads/020323_002408-534130.pdf	bfe8fb28526786f0fdc0b3e53262d12476365c903bf49c1ed82eebe697190704	1033013	Adobe PDF library 15.00	adobe_ocg_v1	adobe_ocg_v1	dd47a14	1	7255	0	31540	0.23	0.0	0.23	0.0	0.0	0	0	2205	0		1	4	0
test/uploads/020323_003327-516114.pdf	4bc1de1c3230a13d77ab2920b8daa49261a930918839f6b3239564b45511bf9a	464087	Adobe PDF library 16.07	adobe_ocg_v1	adobe_ocg_v1	dd47a14	1	5582	5964	101877	0.055	0.059	0.113	0.0	0.0	0	1182	8908	0	(0.44, 0.44, 0.7):934;(0.0, 0.68, 0.94):249	2	5	1
test/uploads/020323_003331-385566.pdf	c9894ebfa8ae553c88e5036ce69007e8bbd5ae2839991df9256e964794792336	452567	Adobe PDF library 16.07	adobe_ocg_v1	adobe_ocg_v1	dd47a14	1	6441	5105	95876	0.067	0.053	0.12	0.0	0.0	0	1002	6918	0	(0.44, 0.44, 0.7):791;(0.0, 0.68, 0.94):211	2	156	1
test/uploads/020323_055559-387575.pdf	b2b6cdf3a5edc7454b6781fea388d8063a1284ce9d65c03bf0b0abfbbe6361a0	155317	Adobe PDF library 17.00	adobe_ocg_v1	adobe_ocg_v1	dd47a14	1	30990	20119	56102	0.552	0.359	0.911	0.0	0.0	0	0	4994	0		16	198	1
test/uploads/020523_025245-622122.pdf	6db541ba496c9b2c69c4cf2196e5f69549a4ddb3649f65523402efff119c870d	145813	Adobe PDF library 17.00	adobe_ocg_v1	adobe_ocg_v1	dd47a14	1	20754	11566	37313	0.556	0.31	0.866	0.0	0.0	0	0	4994	0		9	147	1
test/uploads/020623_074041-756297.pdf	dc337d4be377dc3098210bd90b83804d5cfed8b5fb502d2d7841e9523990049b	190686	Adobe PDF library 17.00	adobe_ocg_v1	adobe_ocg_v1	dd47a14	1	35707	20610	61311	0.582	0.336	0.919	0.0	0.0	0	0	4994	0		8	197	1
test/uploads/020822_100903.pdf	caaaac183eb086fab771499cfb32dc4f540abdedbd9228500fd3bd975a6003b9	4166229	Adobe PDF library 15.00	adobe_ocg_v1	adobe_ocg_v1	dd47a14	1	8007	213	64081	0.125	0.003	0.128	0.0	0.0	0	0	4512	0		1	8	0
test/uploads/021122_042125-473229.pdf	e7fa67083778b6f27fdbf7ce2b313e0b1eceab81b50bef67592167c8db6ec474	193304	Adobe PDF library 16.00	adobe_ocg_v1	adobe_ocg_v1	dd47a14	1	35236	25309	65538	0.538	0.386	0.924	0.0	0.0	0	0	4994	0		6	1078	1
test/uploads/021122_082716-868857.pdf	2156d12ceb51d0583666dabfacc6a03d1c551ca886560c0d8297c9ed846177ba	164055	Adobe PDF library 16.00	adobe_ocg_v1	adobe_ocg_v1	dd47a14	1	43133	26533	74660	0.578	0.355	0.933	0.0	0.0	0	0	4994	0		9	123	1
test/uploads/021122_084009-929310.pdf	156a3ccb20a381051866977fced148c17a1eba8c3ed3cd8ceeec8f42b60efb0d	174100	Adobe PDF library 16.00	adobe_ocg_v1	adobe_ocg_v1	dd47a14	1	39704	19841	64538	0.615	0.307	0.923	0.0	0.0	0	0	4994	0		9	161	1
test/uploads/021122_091421-986939.pdf	ba43a8f7af2093b11d1745361ec5d9db0e71faea9ad6b2515a056ce1a2f26ca2	506232	Adobe PDF library 15.00	adobe_ocg_v1	adobe_ocg_v1	dd47a14	1	6284	2788	73729	0.085	0.038	0.123	0.0	0.0	0	2253	8712	1	(0.44, 0.44, 0.7):1322;(0.52, 0.46, 0.31):724;(0.0, 0.68, 0.94):206	1	1	1
test/uploads/021122_100850-733868.pdf	5df0fede7b8bd81c1b3b8946bc0ea396bd7b44e8e3a9a27cea90da997a45568a	135434	Adobe PDF library 16.00	adobe_ocg_v1	adobe_ocg_v1	dd47a14	1	20225	13806	39024	0.518	0.354	0.872	0.0	0.0	0	0	4994	0		4	98	1
test/uploads/021222_030039-942976.pdf	1a987e1745e31c7a768e0fb0e8aa14dec6bc0ef6ee356fab5387564be8380744	162680	Adobe PDF library 16.00	adobe_ocg_v1	adobe_ocg_v1	dd47a14	1	40619	29016	74628	0.544	0.389	0.933	0.0	0.0	0	0	4994	0		9	168	1
test/uploads/021222_031046-265712.pdf	a2ca7079adb1e7994e068abb768e6d79f56d23c29925630a952948e70bdb1617	125695	Adobe PDF library 16.00	adobe_ocg_v1	adobe_ocg_v1	dd47a14	1	14612	9342	28948	0.505	0.323	0.827	0.0	0.0	0	0	4994	0		2	98	1
test/uploads/021222_033109-833633.pdf	0ea7e516493a6d8729647f33f55e9a39f6371acbe066e3e1864362e51012ce66	117762	Adobe PDF library 16.00	adobe_ocg_v1	adobe_ocg_v1	dd47a14	1	2414	0	8268	0.292	0.0	0.292	0.0	0.0	0	0	5854	0		1	35	0
test/uploads/021222_033210-728036.pdf	2b91bdca6ffcc54a9b20a1fa32e8f1aaf3e23098ef2d66a52939357caec232d8	161079	Adobe PDF library 16.00	adobe_ocg_v1	adobe_ocg_v1	dd47a14	1	40619	29016	74628	0.544	0.389	0.933	0.0	0.0	0	0	4994	0		9	168	1
test/uploads/021222_033317-139877.pdf	2b91bdca6ffcc54a9b20a1fa32e8f1aaf3e23098ef2d66a52939357caec232d8	161079	Adobe PDF library 16.00	adobe_ocg_v1	adobe_ocg_v1	dd47a14	1	40619	29016	74628	0.544	0.389	0.933	0.0	0.0	0	0	4994	0		9	168	1
test/uploads/030123_090159-694045.pdf	49f514cc23da3f4282130fa7b8bb1d5ab505bcf8dcfb333af170ce6325b1eb2a	122872	Adobe PDF library 16.00	adobe_ocg_v1	adobe_ocg_v1	dd47a14	1	18988	12015	35997	0.527	0.334	0.861	0.0	0.0	0	0	4994	0		5	51	1
test/uploads/030223_043928-257182.pdf	7465bbcb934e6f90be92da96c9c44d55e115df9b648e6e505c69042454b57e25	140393	Adobe PDF library 16.00	adobe_ocg_v1	adobe_ocg_v1	dd47a14	1	23793	13841	42628	0.558	0.325	0.883	0.0	0.0	0	0	4994	0		16	76	1
test/uploads/030223_060856-259550.pdf	41f587dcc39712562d5d0dc6ebda55518b3fe0ccb2ee2c1433bff3c428a7e123	147666	Adobe PDF library 16.00	adobe_ocg_v1	adobe_ocg_v1	dd47a14	1	27479	15218	47691	0.576	0.319	0.895	0.0	0.0	0	0	4994	0		12	199	1
test/uploads/030223_062714-261480.pdf	98f2d1c767ef1d86a8452955ad77b7f8cee26dd2b4801d15d722e4c79a4dfcfc	145507	Adobe PDF library 16.00	adobe_ocg_v1	adobe_ocg_v1	dd47a14	1	29794	17405	52193	0.571	0.333	0.904	0.0	0.0	0	0	4994	0		11	72	1
test/uploads/030323_020207-499769.pdf	8a6ca025d38b66ad4e513fcbdc6728f05d7c4473e9f3f93a7d03b03b3bcaa6b7	286048	Adobe PDF library 16.07	adobe_ocg_v1	adobe_ocg_v1	dd47a14	1	30287	23798	54085	0.56	0.44	1.0	0.0	0.0	0	0	0	0		10	237	1
test/uploads/030323_072710-933251.pdf	bb5a905d4ebb8f3f50f6472b0149c50803735a418ffee2d7ca3505d416c4a70d	1896947	Adobe PDF library 16.07	adobe_ocg_v1	adobe_ocg_v1	dd47a14	1	4934	2004	53366	0.092	0.038	0.13	0.0	0.0	0	1691	7776	1	(0.44, 0.44, 0.7):1322;(0.74, 0.83, 0.9):231;(0.93, 0.11, 0.14):138;(0.02, 0.17, 0.28):0	1	5	1
test/uploads/030323_072740-989488.pdf	13171f3a7970f160353d33cdcbf7b28a38d1c74cbd23d0e9202ef8df70405c37	1361094	Adobe PDF library 16.07	adobe_ocg_v1	adobe_ocg_v1	dd47a14	1	4934	2004	53389	0.092	0.038	0.13	0.0	0.0	0	1691	7790	1	(0.44, 0.44, 0.7):1322;(0.74, 0.83, 0.9):231;(0.93, 0.11, 0.14):138;(0.02, 0.17, 0.28):0	1	5	1
test/uploads/030323_091904-812913.pdf	12f632a53390086837c0c0063d5bc9a123f0ea8cee14abaa984e99de99bfb20f	9709573	Adobe PDF library 17.00	adobe_ocg_v1	adobe_ocg_v1	dd47a14	1	2722	1630	30720	0.089	0.053	0.142	0.0	0.0	0	1970	336	1	(0.54, 0.78, 0.25):1050;(0.0, 0.68, 0.94):775;(0.88, 0.15, 0.15):144	1	41	1
test/uploads/030423_082623-279648.pdf	03e9c35a130b502d3a4fd0245e880c94078b333346797b3f4a65b40692810f00	122839	Adobe PDF library 17.00	adobe_ocg_v1	adobe_ocg_v1	dd47a14	1	13396	5450	23840	0.562	0.229	0.791	0.0	0.0	0	0	4994	0		2	48	1
test/uploads/030523_031656-492396.pdf	8e55452ba644f59260664857a0e878cd16512dc35353e0908b79a07e847f5486	166029	Adobe PDF library 17.00	adobe_ocg_v1	adobe_ocg_v1	dd47a14	1	47043	44677	96713	0.486	0.462	0.948	0.0	0.0	0	0	4994	0		14	298	1
test/uploads/030523_035506-101364.pdf	4872f93f9e725156cab7250d679179ed3c2ae519acb1c983d690a7cbe1445b6e	145754	Adobe PDF library 17.00	adobe_ocg_v1	adobe_ocg_v1	dd47a14	1	23402	14515	42910	0.545	0.338	0.884	0.0	0.0	0	0	4994	0		9	140	1
test/uploads/030622_030835.pdf	fa8be8b93ad79d052084c649fe88e589788d80e29efcf1b5fc33cbe0ed56f468	2747625	Adobe PDF library 15.00	adobe_ocg_v1	adobe_ocg_v1	dd47a14	1	31420	5144	92571	0.339	0.056	0.395	0.0	0.0	0	450	1288	0	(0.0, 0.62, 0.89):239;(0.0, 0.0, 1.0):211	10	734	1
test/uploads/030622_032422.pdf	fa8be8b93ad79d052084c649fe88e589788d80e29efcf1b5fc33cbe0ed56f468	2747625	Adobe PDF library 15.00	adobe_ocg_v1	adobe_ocg_v1	dd47a14	1	31420	5144	92571	0.339	0.056	0.395	0.0	0.0	0	450	1288	0	(0.0, 0.62, 0.89):239;(0.0, 0.0, 1.0):211	10	734	1
test/uploads/030723_140950-709810.pdf	3760b31571617a3a5b5970e532aabff7c8865a1bfffc3321c899736232a68a0c	156368	Adobe PDF library 17.00	adobe_ocg_v1	adobe_ocg_v1	dd47a14	1	13902	8763	28519	0.487	0.307	0.795	0.0	0.0	0	0	5854	0		2	43	1
test/uploads/030723_141325-253940.pdf	22fd488d53ac4fa82cb2fa22e570380dfbff975716a74145b39d512026de27d2	1007687	Adobe PDF library 17.00	adobe_ocg_v1	adobe_ocg_v1	dd47a14	1	3886	2194	64775	0.06	0.034	0.094	0.0	0.0	0	1166	5979	0	(0.44, 0.44, 0.7):934;(0.0, 0.68, 0.94):232;(0.92, 0.12, 0.15):0	2	14	1
test/uploads/030822_011922.pdf	3236c9e481d922e3f7090d5708365ffed6ca2c2f0bb9752b64b8925657c5fc42	2826380	Adobe PDF library 15.00	adobe_ocg_v1	adobe_ocg_v1	dd47a14	1	8007	213	60788	0.132	0.003	0.135	0.0	0.0	0	0	4511	0		1	8	0
test/uploads/030822_020738.pdf	903cf6ff0680ae5f0c2c171153a4c0bb93509f4f4e8e6155c175f245d5d74197	27504893	Adobe PDF library 16.07	adobe_ocg_v1	adobe_ocg_v1	dd47a14	1	860	0	63093	0.014	0.0	0.014	0.0	0.0	0	10622	994	1	(0.88, 0.09, 0.52):10622	1	16	0
test/uploads/030822_020802.pdf	266e84fd30760847ddb1eef12835cae0bf58cf4a75ba08c14c3d57584197f75b	6679385	Adobe PDF library 16.07	adobe_ocg_v1	adobe_ocg_v1	dd47a14	1	860	0	65128	0.013	0.0	0.013	0.0	0.0	0	10622	1170	1	(0.87, 0.09, 0.51):10622	1	16	0
test/uploads/030822_033256.pdf	ab9eadebe6511918dd57d857ce0e945ee575536da0abea6ea4b890d2a93752dd	127194	Adobe PDF library 16.00	adobe_ocg_v1	adobe_ocg_v1	dd47a14	1	19367	24049	48409	0.4	0.497	0.897	0.0	0.0	0	0	4994	0		6	26	1
test/uploads/030822_054146.pdf	39969369202ee6134175f8b728be6473293137b97995da8f592887319351ec19	118617	Adobe PDF library 16.00	adobe_ocg_v1	adobe_ocg_v1	dd47a14	1	12487	14810	32291	0.387	0.459	0.845	0.0	0.0	0	0	4994	0		2	23	1
test/uploads/030822_055611.pdf	f2fef570e23710018911eb74fae6c9f532b48dec9d13cc9b734626062b77dd1b	129597	Adobe PDF library 16.00	adobe_ocg_v1	adobe_ocg_v1	dd47a14	1	22383	26983	54359	0.412	0.496	0.908	0.0	0.0	0	0	4994	0		4	30	1
test/uploads/030822_055758.pdf	31eaa1fea04a5ee22be0d81d4366d6eae7cabbd7343cc53875f933e884006d0f	129623	Adobe PDF library 16.00	adobe_ocg_v1	adobe_ocg_v1	dd47a14	1	23237	27891	56122	0.414	0.497	0.911	0.0	0.0	0	0	4994	0		4	30	1
test/uploads/030822_060103.pdf	efb0f8b6e8db5ba15d8bdd3f3c01a537adef12e04b823ee7fd82694a916abdea	125698	Adobe PDF library 16.00	adobe_ocg_v1	adobe_ocg_v1	dd47a14	1	19091	23187	47272	0.404	0.491	0.894	0.0	0.0	0	0	4994	0		8	32	1
test/uploads/030822_060321.pdf	efb0f8b6e8db5ba15d8bdd3f3c01a537adef12e04b823ee7fd82694a916abdea	125698	Adobe PDF library 16.00	adobe_ocg_v1	adobe_ocg_v1	dd47a14	1	19091	23187	47272	0.404	0.491	0.894	0.0	0.0	0	0	4994	0		8	32	1
test/uploads/030822_060854.pdf	04ef0a6315a441d5de90e9d6bf40ae03e5b1ab7926432f675b15a902e617bbec	117346	Adobe PDF library 16.00	adobe_ocg_v1	adobe_ocg_v1	dd47a14	1	10391	12777	28162	0.369	0.454	0.823	0.0	0.0	0	0	4994	0		3	21	1
test/uploads/030822_061047.pdf	04ef0a6315a441d5de90e9d6bf40ae03e5b1ab7926432f675b15a902e617bbec	117346	Adobe PDF library 16.00	adobe_ocg_v1	adobe_ocg_v1	dd47a14	1	10391	12777	28162	0.369	0.454	0.823	0.0	0.0	0	0	4994	0		3	21	1
test/uploads/030822_095712.pdf	62219805872a790071f9a626de52083a8b5dab6cb551600de423a1e7c486da49	4027460	Adobe PDF library 15.00	adobe_ocg_v1	adobe_ocg_v1	dd47a14	1	8021	4565	291081	0.028	0.016	0.043	0.0	0.0	0	1777	10981	0	(0.47, 0.43, 0.69):1322;(0.0, 0.62, 0.89):206;(0.89, 0.02, 0.08):104;(0.53, 0.79, 0.75):72;(0.9, 0.0, 0.49):69;(0.94, 0.59, 0.5):3	2	100	0
test/uploads/030922_012228-628034.pdf	d6a58c7150fc580e8b3cf72e29b49b4f8a2254b7c4fed68909be13e9ef49b79f	6235732	Adobe PDF library 16.04	adobe_ocg_v1	adobe_ocg_v1	dd47a14	1	5791	3817	182322	0.032	0.021	0.053	0.0	0.0	0	39814	6675	1	(0.0, 0.68, 0.94):38679;(0.44, 0.44, 0.7):1136	2	121	0
test/uploads/031022_093913-678012.pdf	fe53bc0a86a0edef171ed35434ce2423b248f418f883637b312446f37683a1b5	136255	Adobe PDF library 16.00	adobe_ocg_v1	adobe_ocg_v1	dd47a14	1	16735	8612	30340	0.552	0.284	0.835	0.0	0.0	0	0	4994	0		2	198	1
test/uploads/031022_093918-601311.pdf	046eef9e976dd8f7e519086246844643441a7f01f7f56677a35bf10b2e60f3da	147100	Adobe PDF library 16.00	adobe_ocg_v1	adobe_ocg_v1	dd47a14	1	24672	12918	42583	0.579	0.303	0.883	0.0	0.0	0	0	4994	0		3	290	1
test/uploads/031122_025530-657830.pdf	51914660cfa38e9f7f5c91150fe690e35153e746bc4783bb08f099e365042268	1340844	Adobe PDF library 16.07	adobe_ocg_v1	adobe_ocg_v1	dd47a14	1	27901	16952	188577	0.148	0.09	0.238	0.0	0.0	0	24722	19904	1	(0.0, 0.68, 0.94):22374;(0.44, 0.44, 0.7):1322;(0.63, 0.43, 0.31):730;(0.7, 0.9, 0.98):218;(0.9, 0.65, 0.36):78	9	140	1
test/uploads/031122_040048-382686.pdf	f7263d3892ae8ab14358937852b9500abdfdb23fd4661ef426f3148d5df5ba3c	1341530	Adobe PDF library 16.07	adobe_ocg_v1	adobe_ocg_v1	dd47a14	1	27986	17037	173491	0.161	0.098	0.26	0.0	0.0	0	24722	19989	1	(0.0, 0.68, 0.94):22374;(0.44, 0.44, 0.7):1322;(0.63, 0.43, 0.31):730;(0.7, 0.9, 0.98):218;(0.9, 0.65, 0.36):78	9	140	1
test/uploads/031122_085005-314364.pdf	d6a58c7150fc580e8b3cf72e29b49b4f8a2254b7c4fed68909be13e9ef49b79f	6235732	Adobe PDF library 16.04	adobe_ocg_v1	adobe_ocg_v1	dd47a14	1	5791	3817	182322	0.032	0.021	0.053	0.0	0.0	0	39814	6675	1	(0.0, 0.68, 0.94):38679;(0.44, 0.44, 0.7):1136	2	121	0
test/uploads/031222_003456-795820.pdf	2fa3d42fbb55dde09817b2ccbf00aa2d39d1453dff9ab1a178667ad2841f9275	130903	Adobe PDF library 16.00	adobe_ocg_v1	adobe_ocg_v1	dd47a14	1	24707	18689	48390	0.511	0.386	0.897	0.0	0.0	0	0	4994	0		8	134	1
test/uploads/031222_010825-594380.pdf	1207680130cf94692f566c85ec4b5256a97275ff7d85afa4305e5d7951f8b834	139846	Adobe PDF library 16.00	adobe_ocg_v1	adobe_ocg_v1	dd47a14	1	23369	15094	43457	0.538	0.347	0.885	0.0	0.0	0	0	4994	0		6	109	1
test/uploads/031222_011331-927117.pdf	d8cd95e26460bc6c2fd028a88b917d290e691dfe5989031357ded232ec4c3614	1249460	Adobe PDF library 16.07	adobe_ocg_v1	adobe_ocg_v1	dd47a14	1	3912	3766	28290	0.138	0.133	0.271	0.0	0.0	0	0	6763	0		4	5	1
test/uploads/031222_011355-864983.pdf	0b83ebdb041719e506c03230def172ffd27453b0c707f869acefb00fb76b1e7b	132056	Adobe PDF library 16.00	adobe_ocg_v1	adobe_ocg_v1	dd47a14	1	24735	18821	48549	0.509	0.388	0.897	0.0	0.0	0	0	4994	0		8	108	1
test/uploads/040423_025045-458631.pdf	62760b7b04842d881cd4c2c0be8fedb726e3aa26c3d498cf7e600d099d10efcc	122307	Adobe PDF library 17.00	adobe_ocg_v1	adobe_ocg_v1	dd47a14	1	12198	12073	30359	0.402	0.398	0.799	0.0	0.0	0	0	6087	0		4	52	1
test/uploads/040423_061046-204126.pdf	56090396ddb0ed10dd174e7aa8409b3d81b3f04dac6f3706a4997c48bbd519e5	123318	Adobe PDF library 17.00	adobe_ocg_v1	adobe_ocg_v1	dd47a14	1	11210	7200	24264	0.462	0.297	0.759	0.0	0.0	0	0	5854	0		1	22	1
test/uploads/040523_024914-848794.pdf	ce331061fed6a3797ed37f607717e99c9433b5744e10eeda9b9025224e7bc685	131749	Adobe PDF library 17.00	adobe_ocg_v1	adobe_ocg_v1	dd47a14	1	18719	12327	36039	0.519	0.342	0.861	0.0	0.0	0	0	4994	0		3	55	1
test/uploads/040723_122127-474554.pdf	ddbd4644bf6fa4db6a80a58921619fca273d00a1b808e20eb5f88373593ff1a8	202635	Adobe PDF library 15.00	adobe_ocg_v1	adobe_ocg_v1	dd47a14	1	5950	3287	13704	0.434	0.24	0.674	0.0	0.0	0	0	4467	0		1	129	1
test/uploads/040723_142618-368235.pdf	f1de61825a5ece79307d757cecd3f457cf76e630f0395feea44d19abac9c1699	1869814	Adobe PDF library 17.00	adobe_ocg_v1	adobe_ocg_v1	dd47a14	1	9246	3994	46552	0.199	0.086	0.284	0.0	0.0	0	0	1647	0		5	69	1
test/uploads/040822_015624.pdf	62219805872a790071f9a626de52083a8b5dab6cb551600de423a1e7c486da49	4027460	Adobe PDF library 15.00	adobe_ocg_v1	adobe_ocg_v1	dd47a14	1	8021	4565	291081	0.028	0.016	0.043	0.0	0.0	0	1777	10981	0	(0.47, 0.43, 0.69):1322;(0.0, 0.62, 0.89):206;(0.89, 0.02, 0.08):104;(0.53, 0.79, 0.75):72;(0.9, 0.0, 0.49):69;(0.94, 0.59, 0.5):3	2	100	0
test/uploads/040822_073116.pdf	d50ae4fcce1cac650c338a0a12d87a40c80718630d4d21cfd70a9f4519495c0e	104357	Adobe PDF library 16.03	adobe_ocg_v1	adobe_ocg_v1	dd47a14	1	13391	4896	23281	0.575	0.21	0.786	0.0	0.0	0	0	4994	0		3	6	1
test/uploads/040822_073121.pdf	09995606d358e0d7e453b754c7beb3fd6cc6191294eeab1681f92b5fc6deb3f8	109232	Adobe PDF library 16.03	adobe_ocg_v1	adobe_ocg_v1	dd47a14	1	18143	6528	29664	0.612	0.22	0.832	0.0	0.0	0	0	4994	0		4	16	1
test/uploads/040822_083642.pdf	d50ae4fcce1cac650c338a0a12d87a40c80718630d4d21cfd70a9f4519495c0e	104357	Adobe PDF library 16.03	adobe_ocg_v1	adobe_ocg_v1	dd47a14	1	13391	4896	23281	0.575	0.21	0.786	0.0	0.0	0	0	4994	0		3	6	1
test/uploads/040822_083647.pdf	09995606d358e0d7e453b754c7beb3fd6cc6191294eeab1681f92b5fc6deb3f8	109232	Adobe PDF library 16.03	adobe_ocg_v1	adobe_ocg_v1	dd47a14	1	18143	6528	29664	0.612	0.22	0.832	0.0	0.0	0	0	4994	0		4	16	1
test/uploads/040823_123820-134962.pdf	22817a94d44a6ea0277008f397d1ee85152a2a2b8c0ebe56ee4922472e6b1418	2854757	Adobe PDF library 15.00	adobe_ocg_v1	adobe_ocg_v1	dd47a14	1	32562	4277	108965	0.299	0.039	0.338	0.0	0.0	0	418	193	0	(0.0, 0.65, 0.32):325;(0.62, 0.54, 0.35):93	11	707	1
test/uploads/041122_015643-576027.pdf	ba43a8f7af2093b11d1745361ec5d9db0e71faea9ad6b2515a056ce1a2f26ca2	506232	Adobe PDF library 15.00	adobe_ocg_v1	adobe_ocg_v1	dd47a14	1	6284	2788	73729	0.085	0.038	0.123	0.0	0.0	0	2253	8712	1	(0.44, 0.44, 0.7):1322;(0.52, 0.46, 0.31):724;(0.0, 0.68, 0.94):206	1	1	1
test/uploads/041122_093617-839517.pdf	38bf56d852672d592e08d63424167c08417ecfb7df95d8cabd3c709f8b9b1a46	950681	Adobe PDF library 16.07	adobe_ocg_v1	adobe_ocg_v1	dd47a14	1	16449	2554	95726	0.172	0.027	0.199	0.0	0.0	0	27256	14335	1	(0.0, 0.68, 0.94):15352;(0.52, 0.46, 0.31):11903	5	389	0
test/uploads/050123_024232-193761.pdf	0188493e4b22700619dc9ba48e310df1637ab3a23fd5d0c40a32f456107456af	140236	Adobe PDF library 16.00	adobe_ocg_v1	adobe_ocg_v1	dd47a14	1	25776	17475	48245	0.534	0.362	0.896	0.0	0.0	0	0	4994	0		6	146	1
test/uploads/050123_024341-691742.pdf	775c455f0ee741b9e576279886498561d217eba7e0f73e276c791911cd0468ab	131937	Adobe PDF library 16.00	adobe_ocg_v1	adobe_ocg_v1	dd47a14	1	15088	9759	29840	0.506	0.327	0.833	0.0	0.0	0	0	4994	0		3	86	1
test/uploads/050123_024344-386224.pdf	821559161e9f6e8db3cb9929fee9c34e0bf935bca722cded6759da482107d359	137365	Adobe PDF library 16.00	adobe_ocg_v1	adobe_ocg_v1	dd47a14	1	19831	13011	37836	0.524	0.344	0.868	0.0	0.0	0	0	4994	0		4	110	1
test/uploads/050123_024543-373592.pdf	0188493e4b22700619dc9ba48e310df1637ab3a23fd5d0c40a32f456107456af	140236	Adobe PDF library 16.00	adobe_ocg_v1	adobe_ocg_v1	dd47a14	1	25776	17475	48245	0.534	0.362	0.896	0.0	0.0	0	0	4994	0		6	146	1
test/uploads/050123_025405-805911.pdf	1ef4f79d042b78f4568e1aba7afc22659fb4ea8d9df8a5903411805b92127195	138867	Adobe PDF library 16.00	adobe_ocg_v1	adobe_ocg_v1	dd47a14	1	26676	20692	52361	0.509	0.395	0.905	0.0	0.0	0	0	4994	0		6	118	1
test/uploads/050423_025219-793187.pdf	38b9b64b5852525f5243aab04fd5dc8b734ec41588c9ac9ba86071e8e9568ed0	120184	Adobe PDF library 17.00	adobe_ocg_v1	adobe_ocg_v1	dd47a14	1	8220	4613	18975	0.433	0.243	0.676	0.0	0.0	0	0	6141	0		1	16	1
test/uploads/050423_062234-221218.pdf	b5bbbe1c967f2c7cc6540d7e271830179fabf3be2cb1126d884a2d4fad8f4ab8	129992	Adobe PDF library 17.00	adobe_ocg_v1	adobe_ocg_v1	dd47a14	1	13938	11159	30090	0.463	0.371	0.834	0.0	0.0	0	0	4994	0		2	69	1
test/uploads/050523_071238-815645.pdf	6019889d185e065c3c716365bcbd44bb55af81d46e4e73a96ca690881984b255	372704	Adobe PDF library 15.00	adobe_ocg_v1	adobe_ocg_v1	dd47a14	1	50771	9452	80087	0.634	0.118	0.752	0.0	0.0	0	0	394	0		7	743	1
test/uploads/050523_092321-296074.pdf	c701c968d513e65f87ad87a12c774572bad41622a0cc18e3c375e902f8151c8f	1622671	Adobe PDF library 15.00	adobe_ocg_v1	adobe_ocg_v1	dd47a14	1	30757	3533	160435	0.192	0.022	0.214	0.0	0.0	0	24726	3428	1	(0.0, 0.66, 0.53):24726	6	728	0
test/uploads/050723_143702-672484.pdf	c659488e8bb5332700b4fd78763a5d1ba2a311449d57f1738ba6a296cc0dfe84	23540363	Adobe PDF library 17.00	adobe_ocg_v1	adobe_ocg_v1	dd47a14	1	3865	2359	97608	0.04	0.024	0.064	0.0	0.0	0	7669	37354	1	(0.93, 0.0, 0.55):5360;(0.18, 0.19, 0.57):1375;(0.44, 0.44, 0.7):934	1	21	0
test/uploads/050723_152224-869880.pdf	f4d1a29f76506df2f05c9456aa373a1ddcebdeb3e0d8d352422821410f517cf8	193683	Adobe PDF library 17.00	adobe_ocg_v1	adobe_ocg_v1	dd47a14	1	21963	15786	42742	0.514	0.369	0.883	0.0	0.0	0	0	4994	0		6	286	1
test/uploads/050723_152909-309912.pdf	537fc2104add091ab5986482e72ac724a74ec4c08e97bd0726bca70a402fe0a0	190437	Adobe PDF library 17.00	adobe_ocg_v1	adobe_ocg_v1	dd47a14	1	21367	15452	41813	0.511	0.37	0.881	0.0	0.0	0	0	4994	0		4	563	1
test/uploads/050922_070151-796515.pdf	69f068fa1345f331f10bd7b18b6aee6c2af6e84830e38f5ac94f25cb5efcee28	119332	Adobe PDF library 16.00	adobe_ocg_v1	adobe_ocg_v1	dd47a14	1	18515	14882	38391	0.482	0.388	0.87	0.0	0.0	0	0	4994	0		6	23	1
test/uploads/050922_071013-903783.pdf	69f068fa1345f331f10bd7b18b6aee6c2af6e84830e38f5ac94f25cb5efcee28	119332	Adobe PDF library 16.00	adobe_ocg_v1	adobe_ocg_v1	dd47a14	1	18515	14882	38391	0.482	0.388	0.87	0.0	0.0	0	0	4994	0		6	23	1
test/uploads/050922_090207-219880.pdf	8f0680e26e5a88ce80a488d897f602a18441dd6dca9803e5a5a6932167c73c7c	116413	Adobe PDF library 16.00	adobe_ocg_v1	adobe_ocg_v1	dd47a14	1	13487	13126	31607	0.427	0.415	0.842	0.0	0.0	0	0	4994	0		2	18	1
test/uploads/051122_014718-617432.pdf	05e87bc9a5d18d2bc59a8959a1514e712bd84fedacbe1ce5128284e4638a4227	6115551	Adobe PDF library 16.07	adobe_ocg_v1	adobe_ocg_v1	dd47a14	1	3768	0	46071	0.082	0.0	0.082	0.0	0.0	0	2755	7316	1	(0.33, 0.72, 0.28):2755	1	2	0
test/uploads/051222_011913-973157.pdf	999c8f00c4d34e0e0f71cf60035936ad115ffbff98a478e50788ac95579f7573	131560	Adobe PDF library 16.00	adobe_ocg_v1	adobe_ocg_v1	dd47a14	1	25768	21999	52761	0.488	0.417	0.905	0.0	0.0	0	0	4994	0		4	152	1
test/uploads/051222_013012-991054.pdf	f49a72407f357d407d2a08823b3a0c8b1da1768cf8321889c2ac336fdf9d1413	144901	Adobe PDF library 16.00	adobe_ocg_v1	adobe_ocg_v1	dd47a14	1	16172	8428	29594	0.546	0.285	0.831	0.0	0.0	0	0	4994	0		2	488	1
test/uploads/060123_065030-689327.pdf	72e800128221fd640f4a43b554fa3e7d0e4a0b11ec4a5e8ee67a03cea92a3693	135714	Adobe PDF library 16.00	adobe_ocg_v1	adobe_ocg_v1	dd47a14	1	14856	9753	30751	0.483	0.317	0.8	0.0	0.0	0	0	6141	0		2	147	1
test/uploads/060123_065528-918918.pdf	a59f73d65fb5ac5292b332f137993a78a66a438d08c505f8fd1f5254df9af6b7	125455	Adobe PDF library 16.00	adobe_ocg_v1	adobe_ocg_v1	dd47a14	1	18972	11621	35586	0.533	0.327	0.86	0.0	0.0	0	0	4994	0		5	53	1
test/uploads/060123_072047-762551.pdf	e1b417eade16f8471b9d6305f672c6735009b5d28b81e6912353777a1ff7cbbb	147232	Adobe PDF library 16.00	adobe_ocg_v1	adobe_ocg_v1	dd47a14	1	28888	18304	52473	0.551	0.349	0.899	0.0	0.0	0	0	5281	0		6	231	1
test/uploads/060123_072129-185324.pdf	e1b417eade16f8471b9d6305f672c6735009b5d28b81e6912353777a1ff7cbbb	147232	Adobe PDF library 16.00	adobe_ocg_v1	adobe_ocg_v1	dd47a14	1	28888	18304	52473	0.551	0.349	0.899	0.0	0.0	0	0	5281	0		6	231	1
test/uploads/060123_072214-175828.pdf	b9255a6aa123aa1a49b815e9464f246e46f074a290e488968e64625f60468f45	130678	Adobe PDF library 16.00	adobe_ocg_v1	adobe_ocg_v1	dd47a14	1	23195	15431	43907	0.528	0.351	0.88	0.0	0.0	0	0	5281	0		6	132	1
test/uploads/060123_072302-432784.pdf	b9255a6aa123aa1a49b815e9464f246e46f074a290e488968e64625f60468f45	130678	Adobe PDF library 16.00	adobe_ocg_v1	adobe_ocg_v1	dd47a14	1	23195	15431	43907	0.528	0.351	0.88	0.0	0.0	0	0	5281	0		6	132	1
test/uploads/060223_005228-368144.pdf	c54b341e1176b10b603846b1f79bc18692591daad88db26fd7a7ce05e7478235	5104435	Adobe PDF library 17.00	adobe_ocg_v1	adobe_ocg_v1	dd47a14	1	10517	0	56526	0.186	0.0	0.186	0.0	0.0	0	210	0	0	(0.95, 0.51, 0.52):210	3	94	0
test/uploads/060223_060718-184328.pdf	061d087a2ec0224b9c3fb128c0318c3366e98ade85adc9643ece83b6b2636103	140910	Adobe PDF library 16.00	adobe_ocg_v1	adobe_ocg_v1	dd47a14	1	30271	14995	50260	0.602	0.298	0.901	0.0	0.0	0	0	4994	0		14	147	1
test/uploads/060223_073118-729479.pdf	791802378f62de10786a8433ef969b819e212e202d0396d95296e0142a79cc85	1189532	Adobe PDF library 15.00	adobe_ocg_v1	adobe_ocg_v1	dd47a14	1	27447	2356	88140	0.311	0.027	0.338	0.0	0.0	0	6354	2897	1	(0.0, 0.6, 0.51):5351;(1.0, 0.82, 0.0):1004	10	701	0
test/uploads/060423_071345-489716.pdf	360bc7a072ea468932ad4921ca7803933a29c472f32980795619c1762770c8c6	1198987	Adobe PDF library 15.00	adobe_ocg_v1	adobe_ocg_v1	dd47a14	1	27597	2911	71322	0.387	0.041	0.428	0.0	0.0	0	0	227	0		9	678	1
test/uploads/060423_072800-469982.pdf	2905fa8bc81b6d469e000a6ea87aa5066ef863efc47e49e4872b0cb06ca3fe32	717978	Adobe PDF library 15.00	adobe_ocg_v1	adobe_ocg_v1	dd47a14	1	29521	3287	79312	0.372	0.041	0.414	0.0	0.0	0	0	2847	0	(0.74, 0.09, 0.13):0	11	788	1
test/uploads/060423_073240-469863.pdf	2905fa8bc81b6d469e000a6ea87aa5066ef863efc47e49e4872b0cb06ca3fe32	717978	Adobe PDF library 15.00	adobe_ocg_v1	adobe_ocg_v1	dd47a14	1	29521	3287	79312	0.372	0.041	0.414	0.0	0.0	0	0	2847	0	(0.74, 0.09, 0.13):0	11	788	1
test/uploads/060423_074237-401370.pdf	f26b60488c2e3c5a109ee51b0c66871e936d7d32abd64fb64b9761756516d58c	12248230	Adobe PDF library 16.03	adobe_ocg_v1	adobe_ocg_v1	dd47a14	2	5292	0	108895	0.049	0.0	0.049	0.0	0.0	0	0	1861	0		1	5	0
test/uploads/060423_074907-597797.pdf	2905fa8bc81b6d469e000a6ea87aa5066ef863efc47e49e4872b0cb06ca3fe32	717978	Adobe PDF library 15.00	adobe_ocg_v1	adobe_ocg_v1	dd47a14	1	29521	3287	79312	0.372	0.041	0.414	0.0	0.0	0	0	2847	0	(0.74, 0.09, 0.13):0	11	788	1
test/uploads/060423_075219-222086.pdf	2905fa8bc81b6d469e000a6ea87aa5066ef863efc47e49e4872b0cb06ca3fe32	717978	Adobe PDF library 15.00	adobe_ocg_v1	adobe_ocg_v1	dd47a14	1	29521	3287	79312	0.372	0.041	0.414	0.0	0.0	0	0	2847	0	(0.74, 0.09, 0.13):0	11	788	1
test/uploads/060423_080256-846875.pdf	d9840d683f1c747fc151dc82208141a2508346e0e054e572a228f045440ea314	149343	Adobe PDF library 17.00	adobe_ocg_v1	adobe_ocg_v1	dd47a14	1	31471	17992	54457	0.578	0.33	0.908	0.0	0.0	0	0	4994	0		12	131	1
test/uploads/060423_080854-771746.pdf	2905fa8bc81b6d469e000a6ea87aa5066ef863efc47e49e4872b0cb06ca3fe32	717978	Adobe PDF library 15.00	adobe_ocg_v1	adobe_ocg_v1	dd47a14	1	29521	3287	79312	0.372	0.041	0.414	0.0	0.0	0	0	2847	0	(0.74, 0.09, 0.13):0	11	788	1
test/uploads/060423_082116-208291.pdf	1a37c364f99066c1e3e0adb382a06be3d97081b06e17f530aad0213d47d21dc1	849674	Adobe PDF library 15.00	adobe_ocg_v1	adobe_ocg_v1	dd47a14	1	27227	2733	88370	0.308	0.031	0.339	0.0	0.0	0	5668	860	1	(0.87, 0.09, 0.51):5668	11	705	1
test/uploads/060423_101114-806961.pdf	b9e8b3339df1550358511a7d73e8a936b7a9a5e8e2d0f8b5a23a6cb5744eb858	6446872	Adobe PDF library 16.07	adobe_ocg_v1	adobe_ocg_v1	dd47a14	1	8211	1637	92407	0.089	0.018	0.107	0.0	0.0	0	2349	23586	1	(0.44, 0.44, 0.7):1855;(0.0, 0.68, 0.94):494	1	21	0
test/uploads/060423_101122-824565.pdf	1d17f6a73e96feceea93f01e0bb6ac6b1c0ab74ce9aac299eee410c4d5e6ad72	116524	Adobe PDF library 16.00	adobe_ocg_v1	adobe_ocg_v1	dd47a14	1	16846	3859	25699	0.656	0.15	0.806	0.0	0.0	0	0	4994	0		2	56	1
test/uploads/060523_042756-365448.pdf	83f3aa709b8f598ea7cec60068a230f9586f592ddc99d331bd1113e41680749c	865319	Adobe PDF library 15.00	adobe_ocg_v1	adobe_ocg_v1	dd47a14	1	17401	974	73252	0.238	0.013	0.251	0.0	0.0	0	7172	9936	1	(0.32, 0.43, 0.71):7172	1	247	0
test/uploads/060523_052545-279374.pdf	7d225caae04d893818da73cf96696545374f6fc9b6cbdfbe4b002950871f9455	114940	Adobe PDF library 17.00	adobe_ocg_v1	adobe_ocg_v1	dd47a14	1	25990	16736	47720	0.545	0.351	0.895	0.0	0.0	0	0	4994	0		8	60	1
test/uploads/060523_052732-984655.pdf	7d225caae04d893818da73cf96696545374f6fc9b6cbdfbe4b002950871f9455	114940	Adobe PDF library 17.00	adobe_ocg_v1	adobe_ocg_v1	dd47a14	1	25990	16736	47720	0.545	0.351	0.895	0.0	0.0	0	0	4994	0		8	60	1
test/uploads/060523_052842-413526.pdf	7d225caae04d893818da73cf96696545374f6fc9b6cbdfbe4b002950871f9455	114940	Adobe PDF library 17.00	adobe_ocg_v1	adobe_ocg_v1	dd47a14	1	25990	16736	47720	0.545	0.351	0.895	0.0	0.0	0	0	4994	0		8	60	1
test/uploads/060523_053549-336290.pdf	c986eab614d17a2decd2c09f9533e9554114923bd3909fbfda333e18e36ec2b4	140998	Adobe PDF library 17.00	adobe_ocg_v1	adobe_ocg_v1	dd47a14	1	13477	10125	28596	0.471	0.354	0.825	0.0	0.0	0	0	4994	0		1	304	1
test/uploads/060523_073343-623657.pdf	79c4593b7a3c5fab35d1e3d9bccc401ed27d8d7a40e2823dd6804d05acd3f89e	133744	Adobe PDF library 17.00	adobe_ocg_v1	adobe_ocg_v1	dd47a14	1	11395	9329	25718	0.443	0.363	0.806	0.0	0.0	0	0	4994	0		4	200	1
test/uploads/060622_025918.pdf	d417ab203845442322c4f433093f77714f71f472680f995095fafd085459e179	2220523	Adobe PDF library 16.04	adobe_ocg_v1	adobe_ocg_v1	dd47a14	1	2665	2120	49825	0.053	0.043	0.096	0.0	0.0	0	1254	4733	1	(0.44, 0.44, 0.7):1084;(0.93, 0.22, 0.56):169	1	7	1
test/uploads/060622_032034.pdf	42443c0cb1ab0c8f336e6d0689d6a4f54e63079862bb13e8eb2e440ad5482871	3689501	Adobe PDF library 16.07	adobe_ocg_v1	adobe_ocg_v1	dd47a14	1	3513	2632	61816	0.057	0.043	0.099	0.0	0.0	0	1254	6074	1	(0.44, 0.44, 0.7):1084;(0.93, 0.22, 0.56):169	1	9	1
test/uploads/060623_091443-785190.pdf	d9840d683f1c747fc151dc82208141a2508346e0e054e572a228f045440ea314	149343	Adobe PDF library 17.00	adobe_ocg_v1	adobe_ocg_v1	dd47a14	1	31471	17992	54457	0.578	0.33	0.908	0.0	0.0	0	0	4994	0		12	131	1
test/uploads/060723_123759-675554.pdf	33084c8edfd97cc5ad391b3273f8e0622372c32f7508e3db84a3aba26381d342	2159300	Adobe PDF library 17.00	adobe_ocg_v1	adobe_ocg_v1	dd47a14	1	3483	2911	100291	0.035	0.029	0.064	0.0	0.0	0	33565	10961	1	(0.91, 0.74, 0.44):23736;(0.0, 0.68, 0.94):5516;(0.18, 0.16, 0.41):4312	1	3	0
test/uploads/060723_123802-893574.pdf	d607f6ae1f447a6262ce4c124bb45973006cc7878a8c164fec522e63273507d7	2138452	Adobe PDF library 17.00	adobe_ocg_v1	adobe_ocg_v1	dd47a14	1	3684	2911	97252	0.038	0.03	0.068	0.0	0.0	0	33692	10961	1	(0.91, 0.74, 0.44):23202;(0.0, 0.68, 0.94):5571;(0.18, 0.16, 0.41):4348;(0.38, 0.73, 0.28):571	1	3	0
test/uploads/060723_123806-314692.pdf	184ff46084a86de35982e46a60461518eda6ab5f90043570105074049f28ebc1	1905849	Adobe PDF library 17.00	adobe_ocg_v1	adobe_ocg_v1	dd47a14	1	3643	2911	94708	0.038	0.031	0.069	0.0	0.0	0	31958	11014	1	(0.91, 0.74, 0.44):21815;(0.0, 0.68, 0.94):5551;(0.18, 0.16, 0.41):4591	1	3	1
test/uploads/060822_025740-464280.pdf	5668e6e084c44ecd314acceb8ddd5c9fc60fbefb64d08de0612207b76ef15501	126929	Adobe PDF library 16.00	adobe_ocg_v1	adobe_ocg_v1	dd47a14	1	20200	14549	39743	0.508	0.366	0.874	0.0	0.0	0	0	4994	0		3	31	1
test/uploads/060822_070540-306768.pdf	705e0c1a6e6316d73038fe52c78241af67477153df0162921265219952ea3f5b	119887	Adobe PDF library 16.00	adobe_ocg_v1	adobe_ocg_v1	dd47a14	1	18290	15015	38298	0.478	0.392	0.87	0.0	0.0	0	0	4994	0		6	32	1
test/uploads/060822_092440-847443.pdf	ed561c81891c7cfc2f477a0c01b781871a2defc062f7602966c0993c5d41d8b6	2777353	Adobe PDF library 16.07	adobe_ocg_v1	adobe_ocg_v1	dd47a14	1	10448	14707	61092	0.171	0.241	0.412	0.0	0.0	0	0	0	0		5	70	1
test/uploads/060922_014701-353593.pdf	74dcc65a9cd48ed32d58e9e172d48f9f352aa0b1db864899d26f6b344a0ee2d5	129678	Adobe PDF library 16.00	adobe_ocg_v1	adobe_ocg_v1	dd47a14	1	27301	21745	54040	0.505	0.402	0.908	0.0	0.0	0	0	4994	0		4	52	1
test/uploads/060923_115414-319161.pdf	9ebab3a2f152ddc788ce7493aeb5e9dbf712af0434c638ef766c55883f486177	2470868	Adobe PDF library 15.00	adobe_ocg_v1	adobe_ocg_v1	dd47a14	1	32068	4042	119699	0.268	0.034	0.302	0.0	0.0	0	329	1231	0	(0.0, 0.62, 0.89):329	10	839	1
test/uploads/060923_125259-188951.pdf	9f0d02ee50d0d3eeed61d279ac8cc8da8ef52d71abf3345210e56fc68a1e21d1	2091265	Adobe PDF library 16.07	adobe_ocg_v1	adobe_ocg_v1	dd47a14	1	23788	13888	348739	0.068	0.04	0.108	0.0	0.0	0	39158	24950	1	(0.0, 0.68, 0.94):38224;(0.44, 0.44, 0.7):934	3	25	1
test/uploads/061222_051042-464371.pdf	d672f5865da3927a94d29f670d076283df8a6a014394eee11a054385a3c8960d	834760	Adobe PDF library 15.00	adobe_ocg_v1	adobe_ocg_v1	dd47a14	1	32997	3341	96382	0.342	0.035	0.377	0.0	0.0	0	551	96	0	(1.0, 0.88, 0.0):265;(0.96, 0.5, 0.16):135;(0.25, 0.5, 0.76):100;(0.0, 0.45, 0.74):33;(0.96, 0.49, 0.12):15;(0.93, 0.11, 0.14):3	10	809	1
test/uploads/061222_055340-252770.pdf	999c8f00c4d34e0e0f71cf60035936ad115ffbff98a478e50788ac95579f7573	131560	Adobe PDF library 16.00	adobe_ocg_v1	adobe_ocg_v1	dd47a14	1	25768	21999	52761	0.488	0.417	0.905	0.0	0.0	0	0	4994	0		4	152	1
test/uploads/070223_055340-939848.pdf	4d00e38bb81a0ea145ea3d95c61ea8fcebbb67ef86b75f91971d674afda69cce	139337	Adobe PDF library 16.00	adobe_ocg_v1	adobe_ocg_v1	dd47a14	1	25753	17009	47755	0.539	0.356	0.895	0.0	0.0	0	0	4994	0		6	138	1
test/uploads/070223_070032-447397.pdf	7d7be974ac77c1679ed28dfa675fe168d615190a34f32c936ad507db9caf1ea8	124515	Adobe PDF library 16.00	adobe_ocg_v1	adobe_ocg_v1	dd47a14	1	33995	7049	46038	0.738	0.153	0.892	0.0	0.0	0	0	4994	0		20	76	1
test/uploads/070323_060047-142886.pdf	43303f5913b2cc587716d6723e2088879a7f0c4df1cc14e3407227e7e0a041b4	145682	Adobe PDF library 17.00	adobe_ocg_v1	adobe_ocg_v1	dd47a14	1	24907	17146	47047	0.529	0.364	0.894	0.0	0.0	0	0	4994	0		6	162	1
test/uploads/070323_061141-836547.pdf	8fc4ebf29b7fa687db08c0a72d614e92aec993837b4e4f68f3f07a201151c09f	149029	Adobe PDF library 17.00	adobe_ocg_v1	adobe_ocg_v1	dd47a14	1	29907	16345	51245	0.584	0.319	0.903	0.0	0.0	0	0	4994	0		7	255	1
test/uploads/070423_061339-333952.pdf	7466432fecd82a239884ca51ac5027414f79ff8fd5431d8748ac3394d176be7b	163702	Adobe PDF library 16.00	adobe_ocg_v1	adobe_ocg_v1	dd47a14	1	50799	33244	89897	0.565	0.37	0.935	0.0	0.0	0	0	5854	0		18	294	1
test/uploads/070423_065856-683268.pdf	8d29f999401488be796b4424afe07f89879838d25ba1928e2403abf21e03c356	780655	Adobe PDF library 16.07	adobe_ocg_v1	adobe_ocg_v1	dd47a14	1	3444	2223	70275	0.049	0.032	0.081	0.0	0.0	0	3292	5914	1	(0.83, 0.09, 0.45):2201;(0.44, 0.44, 0.7):934;(0.0, 0.68, 0.94):157	2	6	1
test/uploads/070423_081512-377393.pdf	7466432fecd82a239884ca51ac5027414f79ff8fd5431d8748ac3394d176be7b	163702	Adobe PDF library 16.00	adobe_ocg_v1	adobe_ocg_v1	dd47a14	1	50799	33244	89897	0.565	0.37	0.935	0.0	0.0	0	0	5854	0		18	294	1
test/uploads/070723_102933-366737.pdf	c06467fcb2c6d6c1d7a9c51d8a2879ab5535d9a519e70d333d5803cf928a0fba	278714	Adobe PDF library 15.00	adobe_ocg_v1	adobe_ocg_v1	dd47a14	1	43099	27920	71020	0.607	0.393	1.0	0.0	0.0	0	0	0	0		3	100	1
test/uploads/070723_155401-366855.pdf	a1f75d6e0224427cdd51abfcc0514b1c78f2c29f60748436f0984284d6b814f5	233866	Adobe PDF library 17.00	adobe_ocg_v1	adobe_ocg_v1	dd47a14	1	69304	31914	106212	0.653	0.3	0.953	0.0	0.0	0	0	4994	0		1	461	1
test/uploads/070922_004318-733421.pdf	68de5db94795ba3a86f62cd939a8980d68ac6b8c06819c39719f8d0ef34538ed	1886576	Adobe PDF library 16.07	adobe_ocg_v1	adobe_ocg_v1	dd47a14	1	9243	5188	224643	0.041	0.023	0.064	0.0	0.0	0	44731	11662	1	(0.0, 0.68, 0.94):40805;(0.73, 0.33, 0.62):2513;(0.44, 0.44, 0.7):1322;(0.7, 0.9, 0.98):91;(0.91, 0.15, 0.16):0	2	88	0
test/uploads/070922_004327-151242.pdf	b689067d6cc17dcab07282e756bf65ed0f56344725cd027fe7e2ad947399eca3	1916378	Adobe PDF library 16.07	adobe_ocg_v1	adobe_ocg_v1	dd47a14	1	9243	5188	225509	0.041	0.023	0.064	0.0	0.0	0	44731	11662	1	(0.0, 0.68, 0.94):40805;(0.73, 0.33, 0.62):2513;(0.44, 0.44, 0.7):1322;(0.7, 0.9, 0.98):91;(0.91, 0.15, 0.16):0	2	88	0
test/uploads/071022_063055-443743.pdf	97f6880f6e61dda2d545469deaeef85dd739f7de85d5f33c8f45104917d051b5	181024	Adobe PDF library 16.00	adobe_ocg_v1	adobe_ocg_v1	dd47a14	1	36874	16164	58032	0.635	0.279	0.914	0.0	0.0	0	0	4994	0		4	890	1
test/uploads/071022_063346-173076.pdf	97f6880f6e61dda2d545469deaeef85dd739f7de85d5f33c8f45104917d051b5	181024	Adobe PDF library 16.00	adobe_ocg_v1	adobe_ocg_v1	dd47a14	1	36874	16164	58032	0.635	0.279	0.914	0.0	0.0	0	0	4994	0		4	890	1
test/uploads/071022_095539-963577.pdf	e58d2d7531b2141b3a2df110b45c025461b7f5a77ff318f87cef661879cf5203	66360566	Adobe PDF library 16.07	adobe_ocg_v1	adobe_ocg_v1	dd47a14	1	10258	6011	77000	0.133	0.078	0.211	0.0	0.0	0	0	0	0		1	52	1
test/uploads/071122_045701-376946.pdf	98188974e356af068d1566f373030dea6d0604d2f497569f4a068c913640b71f	16990338	Adobe PDF library 16.07	adobe_ocg_v1	adobe_ocg_v1	dd47a14	1	17611	0	136398	0.129	0.0	0.129	0.0	0.0	0	6250	37609	1	(0.12, 0.26, 0.53):4842;(0.71, 0.47, 0.15):1408	3	17	0
test/uploads/071122_045708-923937.pdf	18e3f55f4c81da70a034704738431e16094b2a4c93b3f5a0423aed272ff14679	124692	Adobe PDF library 16.00	adobe_ocg_v1	adobe_ocg_v1	dd47a14	1	16984	195	22172	0.766	0.009	0.775	0.0	0.0	0	0	4994	0		2	226	0
test/uploads/071122_050405-847177.pdf	98188974e356af068d1566f373030dea6d0604d2f497569f4a068c913640b71f	16990338	Adobe PDF library 16.07	adobe_ocg_v1	adobe_ocg_v1	dd47a14	1	17611	0	136398	0.129	0.0	0.129	0.0	0.0	0	6250	37609	1	(0.12, 0.26, 0.53):4842;(0.71, 0.47, 0.15):1408	3	17	0
test/uploads/071122_050413-633474.pdf	18e3f55f4c81da70a034704738431e16094b2a4c93b3f5a0423aed272ff14679	124692	Adobe PDF library 16.00	adobe_ocg_v1	adobe_ocg_v1	dd47a14	1	16984	195	22172	0.766	0.009	0.775	0.0	0.0	0	0	4994	0		2	226	0
test/uploads/071122_082401-293014.pdf	d88c77b8b1693e802dbe3329b4900543a9d93e4c09d19c001d2156365304ad49	1522255	Adobe PDF library 15.00	adobe_ocg_v1	adobe_ocg_v1	dd47a14	1	35327	5797	158467	0.223	0.037	0.26	0.0	0.0	0	14787	4937	1	(0.0, 0.6, 0.51):13389;(0.0, 0.59, 0.24):760;(0.87, 0.09, 0.51):639;(1.0, 0.82, 0.0):0	5	695	1
test/uploads/071122_082556-988739.pdf	b80511924a3e5ca51aedba4e5e9b695ded59b429f886a27830fbc982b335f0b6	1369272	Adobe PDF library 15.00	adobe_ocg_v1	adobe_ocg_v1	dd47a14	1	33995	4916	207424	0.164	0.024	0.188	0.0	0.0	0	13544	3964	1	(0.0, 0.6, 0.51):11907;(1.0, 0.82, 0.0):1164;(0.0, 0.59, 0.24):473	4	683	0
test/uploads/071122_082641-506169.pdf	1849a1d97c7cd61b4620edd116b8374af494a9e73ce2d1a8aa11420f869870fb	1617768	Adobe PDF library 15.00	adobe_ocg_v1	adobe_ocg_v1	dd47a14	1	36104	5756	170759	0.211	0.034	0.245	0.0	0.0	0	15089	4276	1	(0.0, 0.6, 0.51):13691;(1.0, 0.82, 0.0):869;(0.0, 0.59, 0.24):530	4	662	1
test/uploads/071122_082752-952464.pdf	791802378f62de10786a8433ef969b819e212e202d0396d95296e0142a79cc85	1189532	Adobe PDF library 15.00	adobe_ocg_v1	adobe_ocg_v1	dd47a14	1	27447	2356	88140	0.311	0.027	0.338	0.0	0.0	0	6354	2897	1	(0.0, 0.6, 0.51):5351;(1.0, 0.82, 0.0):1004	10	701	0
test/uploads/071222_060109-498599.pdf	607d1cafdd6c29d59678dcc3baca305123f559b94fe1b1f55fb740b283b81af6	9579404	Adobe PDF library 16.07	adobe_ocg_v1	adobe_ocg_v1	dd47a14	1	3996	3052	81046	0.049	0.038	0.087	0.0	0.0	0	3540	5351	1	(0.71, 0.86, 0.71):1819;(0.4, 0.17, 0.57):1044;(0.0, 0.66, 0.31):468;(0.0, 0.65, 0.32):131;(0.93, 0.0, 0.55):59;(0.0, 0.68, 0.94):20	2	5	1
test/uploads/071222_080906-314364.pdf	3679d5192c7f5a2fb201446dd5d35893d163cfa6d349a02a87d142d58806aab3	163523	Adobe PDF library 16.00	adobe_ocg_v1	adobe_ocg_v1	dd47a14	1	45432	24224	74650	0.609	0.325	0.933	0.0	0.0	0	0	4994	0		14	450	1
test/uploads/071222_083641-253611.pdf	3679d5192c7f5a2fb201446dd5d35893d163cfa6d349a02a87d142d58806aab3	163523	Adobe PDF library 16.00	adobe_ocg_v1	adobe_ocg_v1	dd47a14	1	45432	24224	74650	0.609	0.325	0.933	0.0	0.0	0	0	4994	0		14	450	1
test/uploads/080223_020210-433826.pdf	a40a9c1866929452e105592fa2896e6d5d131ee8a91383e71aadc02888626469	2719832	Adobe PDF library 15.00	adobe_ocg_v1	adobe_ocg_v1	dd47a14	1	41025	5485	208958	0.196	0.026	0.223	0.0	0.0	0	19741	20757	1	(0.15, 0.21, 0.5):15429;(0.74, 0.47, 0.33):1170;(0.67, 0.88, 0.95):558;(0.52, 0.3, 0.22):507;(0.97, 0.78, 0.77):460;(0.89, 0.37, 0.6):413	5	781	0
test/uploads/080223_021237-997934.pdf	a1c7ef569e44105f8fceb88e9ba4b0edda218a87072c06eb09448fad877fd221	2704323	Adobe PDF library 15.00	adobe_ocg_v1	adobe_ocg_v1	dd47a14	1	40359	4489	199348	0.202	0.023	0.225	0.0	0.0	0	17224	15393	1	(0.15, 0.21, 0.5):12559;(0.52, 0.3, 0.22):1064;(0.97, 0.78, 0.77):739;(0.67, 0.88, 0.95):558;(0.0, 0.52, 0.8):509;(0.74, 0.47, 0.33):480	7	735	0
test/uploads/080223_090206-372423.pdf	73a7219c3230af96493845f7f8e7ac5a3cc213101a3b4d0f8fca3813b8cf74aa	278757	Adobe PDF library 16.07	adobe_ocg_v1	adobe_ocg_v1	dd47a14	1	29832	14246	44078	0.677	0.323	1.0	0.0	0.0	0	0	0	0		10	154	1
test/uploads/080223_090329-124597.pdf	73a7219c3230af96493845f7f8e7ac5a3cc213101a3b4d0f8fca3813b8cf74aa	278757	Adobe PDF library 16.07	adobe_ocg_v1	adobe_ocg_v1	dd47a14	1	29832	14246	44078	0.677	0.323	1.0	0.0	0.0	0	0	0	0		10	154	1
test/uploads/080223_235011-709627.pdf	9cd199434f23590aa84db131e10f6e842d8838d4e4b7ab031aa0cc06ddff07e5	1454525	Adobe PDF library 15.00	adobe_ocg_v1	adobe_ocg_v1	dd47a14	1	32594	4720	158959	0.205	0.03	0.235	0.0	0.0	0	12475	2698	1	(0.0, 0.6, 0.51):10933;(1.0, 0.82, 0.0):1125;(0.0, 0.59, 0.24):417	5	701	0
test/uploads/080323_023821-719115.pdf	cdbf886be0fc995bdf2a0cf1f2c82336b6f16a41a0da3fcd85f4b3d76b1f3030	1856877	Adobe PDF library 16.03	adobe_ocg_v1	adobe_ocg_v1	dd47a14	1	8415	4582	184276	0.046	0.025	0.071	0.0	0.0	0	1873	7442	0	(0.45, 0.44, 0.7):1225;(1.0, 0.95, 0.21):208;(0.93, 0.11, 0.14):191;(0.42, 0.76, 0.47):171;(0.24, 0.61, 0.32):77	2	140	0
test/uploads/080423_094133-339763.pdf	fee8566ef759b49d33eb35f08631bd13f996b0f496696aeae7425e5efede12ab	121480	Adobe PDF library 17.00	adobe_ocg_v1	adobe_ocg_v1	dd47a14	1	18057	11246	34297	0.527	0.328	0.854	0.0	0.0	0	0	4994	0		2	54	1
test/uploads/080423_095726-268325.pdf	1ceb45d7344f65a4970999a1d9c49dc77fd0fd742aad8a5726c81c7c901426ac	125018	Adobe PDF library 17.00	adobe_ocg_v1	adobe_ocg_v1	dd47a14	1	26518	0	31512	0.842	0.0	0.842	0.0	0.0	0	0	4994	0		3	34	0
test/uploads/080523_014537-129815.pdf	82d6d768e2c8e5534b4f034cd0c97efb5be1e04332167b545bf0b0bae47ee1b9	158501	Adobe PDF library 17.00	adobe_ocg_v1	adobe_ocg_v1	dd47a14	1	30188	21570	56752	0.532	0.38	0.912	0.0	0.0	0	0	4994	0		12	210	1
test/uploads/080523_032559-525245.pdf	a0562a75c2fcf5fef24facf30dc4bd3611ae1db9ca66fd6ed9f9b9a177614be3	2205895	Adobe PDF library 15.00	adobe_ocg_v1	adobe_ocg_v1	dd47a14	1	1661	0	60670	0.027	0.0	0.027	0.0	0.0	0	0	1910	0		4	19	0
test/uploads/080523_032904-502332.pdf	ead20017facf4bbac830733539d9d2f05a76340ca95579539b10f93dfc803f81	73977734	Adobe PDF library 16.07	adobe_ocg_v1	adobe_ocg_v1	dd47a14	1	10573	6656	80946	0.131	0.082	0.213	0.0	0.0	0	4209	6829	1	(0.4, 0.17, 0.57):3957;(0.37, 0.18, 0.57):149;(0.0, 0.46, 0.28):91;(0.96, 0.56, 0.62):13	3	53	1
test/uploads/080523_034215-857953.pdf	d8bbf792235e7fd01037d71f6ed82c4a84418a52ee9f52e2dcf08218fc70b855	3454325	Adobe PDF library 16.07	adobe_ocg_v1	adobe_ocg_v1	dd47a14	1	3912	3766	66730	0.059	0.056	0.115	0.0	0.0	0	0	6755	0		4	5	1
test/uploads/080523_034244-965826.pdf	8bd170cb2b9dc5a1d0350e6871c3f027ba1a718fc6d1c5612dcc2d6da2b65f62	145341	Adobe PDF library 17.00	adobe_ocg_v1	adobe_ocg_v1	dd47a14	1	26080	17301	48374	0.539	0.358	0.897	0.0	0.0	0	0	4994	0		6	143	1
test/uploads/080523_035706-877230.pdf	a69441ddf4ccd786452b9d3ca8195c3410fe2d2375cb06e9d04c51a94a7b1656	126080	Adobe PDF library 17.00	adobe_ocg_v1	adobe_ocg_v1	dd47a14	1	26383	9876	41252	0.64	0.239	0.879	0.0	0.0	0	0	4994	0		8	46	1
test/uploads/080523_040139-123673.pdf	93c1e41c6cccd080d10c8d751d6265500f067522e746f266c1df5fc7b1f1dc3a	146428	Adobe PDF library 17.00	adobe_ocg_v1	adobe_ocg_v1	dd47a14	1	25916	17619	48529	0.534	0.363	0.897	0.0	0.0	0	0	4994	0		6	172	1
test/uploads/080523_041953-425325.pdf	d8bbf792235e7fd01037d71f6ed82c4a84418a52ee9f52e2dcf08218fc70b855	3454325	Adobe PDF library 16.07	adobe_ocg_v1	adobe_ocg_v1	dd47a14	1	3912	3766	66730	0.059	0.056	0.115	0.0	0.0	0	0	6755	0		4	5	1
test/uploads/080523_042010-224124.pdf	8bd170cb2b9dc5a1d0350e6871c3f027ba1a718fc6d1c5612dcc2d6da2b65f62	145341	Adobe PDF library 17.00	adobe_ocg_v1	adobe_ocg_v1	dd47a14	1	26080	17301	48374	0.539	0.358	0.897	0.0	0.0	0	0	4994	0		6	143	1
test/uploads/080523_070841-332837.pdf	0f0c253932696c31aea2d2eccdc5f5983b1a0dae8811a5ea0ef1352db4e99a13	204059	Adobe PDF library 16.07	adobe_ocg_v1	adobe_ocg_v1	dd47a14	1	21930	10441	32371	0.677	0.323	1.0	0.0	0.0	0	0	0	0		9	145	1
test/uploads/080523_080145-254368.pdf	7466432fecd82a239884ca51ac5027414f79ff8fd5431d8748ac3394d176be7b	163702	Adobe PDF library 16.00	adobe_ocg_v1	adobe_ocg_v1	dd47a14	1	50799	33244	89897	0.565	0.37	0.935	0.0	0.0	0	0	5854	0		18	294	1
test/uploads/080523_081339-811687.pdf	5101eefe18ef439607bcf43b58383a26f1a341d297b21a47c03572eb9e1494ed	172174	Adobe PDF library 15.00	adobe_ocg_v1	adobe_ocg_v1	dd47a14	1	68991	52343	121333	0.569	0.431	1.0	0.0	0.0	0	0	0	0		15	88	1
test/uploads/080623_034010-373319.pdf	74ec70ef92c653bedb5f8c9d6da6108d0cb4dd64e07487c80bc6daa7e40a6375	10272453	Adobe PDF library 17.00	adobe_ocg_v1	adobe_ocg_v1	dd47a14	2	7069	0	64241	0.11	0.0	0.11	0.0	0.0	0	0	0	0		1	21	0
test/uploads/080623_055752-393016.pdf	398c90df5328f3003536fe88ad21116ed4ae7e65349def9a633d6a08f01e011e	8531094	Adobe PDF library 17.00	adobe_ocg_v1	adobe_ocg_v1	dd47a14	2	5261	0	57137	0.092	0.0	0.092	0.0	0.0	0	0	0	0		1	9	0
test/uploads/080623_060657-564914.pdf	af30471e5941169d8e6b54d4dee0bc68f13c9cd4060f1b3a9a50beb6b0fee70b	9945567	Adobe PDF library 17.00	adobe_ocg_v1	adobe_ocg_v1	dd47a14	2	6265	0	62517	0.1	0.0	0.1	0.0	0.0	0	0	0	0		2	25	0
test/uploads/080822_094748-822912.pdf	45ffdc7477ecf551f15f81786085cbf9cec08c83e1857392a77f99e72e95315c	148721	Adobe PDF library 16.00	adobe_ocg_v1	adobe_ocg_v1	dd47a14	1	30465	30194	66513	0.458	0.454	0.912	0.0	0.0	0	0	5854	0		9	135	1
test/uploads/080823_170844-367157.pdf	02e92659c631846a9452559da3f2eee796fd8fe8e5f556f5b4540426d3a00903	2639233	Adobe PDF library 17.00	adobe_ocg_v1	adobe_ocg_v1	dd47a14	1	4660	3411	128748	0.036	0.026	0.063	0.0	0.0	0	25715	10839	1	(0.0, 0.68, 0.94):24758;(0.44, 0.44, 0.7):934;(0.42, 0.74, 0.27):23	1	39	0
test/uploads/080823_170853-375749.pdf	3a669b048bedfb4dfbc409f7e194caa85979c9e8204e07aaf76737b38ba8406d	2749307	Adobe PDF library 17.00	adobe_ocg_v1	adobe_ocg_v1	dd47a14	1	4693	3420	141949	0.033	0.024	0.057	0.0	0.0	0	25760	10824	1	(0.0, 0.68, 0.94):24758;(0.44, 0.44, 0.7):934;(0.42, 0.74, 0.27):68	1	47	0
test/uploads/080922_093647-582691.pdf	91e720589d56363282a102ab654ab0aa6357b5e9c0aa7f19ffcbefe6df580db0	5729386	Adobe PDF library 16.07	adobe_ocg_v1	adobe_ocg_v1	dd47a14	1	16952	0	212529	0.08	0.0	0.08	0.0	0.0	0	0	26681	0		1	374	0
test/uploads/080922_093811-635639.pdf	7d0319cd2cba7bcdada6eedd384e584e88e99253c94aa5c063425b8ade7fdf54	5611137	Adobe PDF library 16.07	adobe_ocg_v1	adobe_ocg_v1	dd47a14	1	16952	0	255509	0.066	0.0	0.066	0.0	0.0	0	0	26621	0		1	374	0
test/uploads/080923_105608-133399.pdf	058ae4982ba35e25908ba9c7eff8083b6d57804a2ef25bcb2e5b262f7f1ac8cb	6749905	Adobe PDF library 17.00	adobe_ocg_v1	adobe_ocg_v1	dd47a14	1	8402	5153	91644	0.092	0.056	0.148	0.0	0.0	0	1249	10325	0	(0.44, 0.44, 0.7):934;(0.93, 0.0, 0.55):315	4	58	1
test/uploads/080923_105630-813634.pdf	2f5c68ec0c091614a67f89cf8448f452d31668f0a1d5cb6cca87a3cdc821d7db	6749893	Adobe PDF library 17.00	adobe_ocg_v1	adobe_ocg_v1	dd47a14	1	8402	5153	92020	0.091	0.056	0.147	0.0	0.0	0	1249	10325	0	(0.44, 0.44, 0.7):934;(0.93, 0.0, 0.55):315	4	58	1
test/uploads/080923_105634-655519.pdf	9e3b19256b593426b785d7d83241d1beb1e441274bedde3820556d749f763982	6750605	Adobe PDF library 17.00	adobe_ocg_v1	adobe_ocg_v1	dd47a14	1	8402	5153	91754	0.092	0.056	0.148	0.0	0.0	0	1249	10325	0	(0.44, 0.44, 0.7):934;(0.93, 0.0, 0.55):315	4	58	1
test/uploads/080923_105657-148378.pdf	b093407216e2bc6f8d29157cde531e825d787a1809d3de0f4faca7dbf0cacdae	6750190	Adobe PDF library 17.00	adobe_ocg_v1	adobe_ocg_v1	dd47a14	1	8402	5153	91651	0.092	0.056	0.148	0.0	0.0	0	1249	10325	0	(0.44, 0.44, 0.7):934;(0.93, 0.0, 0.55):315	4	58	1
test/uploads/080923_105704-633236.pdf	1c85f2fea440f800f0f9b463ade727aacfe7cb84b0602d7d0d93186e0c7a7a40	6750437	Adobe PDF library 17.00	adobe_ocg_v1	adobe_ocg_v1	dd47a14	1	8402	5153	92028	0.091	0.056	0.147	0.0	0.0	0	1249	10325	0	(0.44, 0.44, 0.7):934;(0.93, 0.0, 0.55):315	4	58	1
test/uploads/080923_105711-151928.pdf	ea008668b03f54d453a82e687178377fc36bada8d365f89110695d121c1f828e	6750616	Adobe PDF library 17.00	adobe_ocg_v1	adobe_ocg_v1	dd47a14	1	8402	5153	91761	0.092	0.056	0.148	0.0	0.0	0	1249	10325	0	(0.44, 0.44, 0.7):934;(0.93, 0.0, 0.55):315	4	58	1
test/uploads/080923_105723-379111.pdf	9f82e2597f7d6a77af1dd7e5f62ada9502016d3371542afb88ec8d1fb68a94d9	6750311	Adobe PDF library 17.00	adobe_ocg_v1	adobe_ocg_v1	dd47a14	1	8402	5153	91652	0.092	0.056	0.148	0.0	0.0	0	1249	10325	0	(0.44, 0.44, 0.7):934;(0.93, 0.0, 0.55):315	4	58	1
test/uploads/080923_105730-429655.pdf	2e7a4b87804d3312faa158efefa30e1ce91f1d1c9e2e3a7cd09da9235665c762	6750947	Adobe PDF library 17.00	adobe_ocg_v1	adobe_ocg_v1	dd47a14	1	8402	5153	92028	0.091	0.056	0.147	0.0	0.0	0	1249	10325	0	(0.44, 0.44, 0.7):934;(0.93, 0.0, 0.55):315	4	58	1
test/uploads/080923_105737-257484.pdf	943bcb373ed6bebda61bd20358d65ed5c831fa5ef5261ac896ac3c3ccb135494	6750859	Adobe PDF library 17.00	adobe_ocg_v1	adobe_ocg_v1	dd47a14	1	8402	5153	91761	0.092	0.056	0.148	0.0	0.0	0	1249	10325	0	(0.44, 0.44, 0.7):934;(0.93, 0.0, 0.55):315	4	58	1
test/uploads/080923_105745-639175.pdf	2ed8e502098b59bace015cf9fbd8f2107472bdad0246d00e531b7fcf4c5ff06c	6749868	Adobe PDF library 17.00	adobe_ocg_v1	adobe_ocg_v1	dd47a14	1	8402	5153	91650	0.092	0.056	0.148	0.0	0.0	0	1249	10325	0	(0.44, 0.44, 0.7):934;(0.93, 0.0, 0.55):315	4	58	1
test/uploads/080923_105749-114416.pdf	a0f560b00279c5321f0c3e394774988b49531b3ee5427ba7039fdc42e44e8e2f	6750068	Adobe PDF library 17.00	adobe_ocg_v1	adobe_ocg_v1	dd47a14	1	8402	5153	92026	0.091	0.056	0.147	0.0	0.0	0	1249	10325	0	(0.44, 0.44, 0.7):934;(0.93, 0.0, 0.55):315	4	58	1
test/uploads/080923_105756-412063.pdf	93dad7d6acc8a527b5736d0b33486319c1414dcc9294203d58890776d346f7b3	6750597	Adobe PDF library 17.00	adobe_ocg_v1	adobe_ocg_v1	dd47a14	1	8402	5153	91760	0.092	0.056	0.148	0.0	0.0	0	1249	10325	0	(0.44, 0.44, 0.7):934;(0.93, 0.0, 0.55):315	4	58	1
test/uploads/080923_110152-103941.pdf	7f5d6ed4900687ff22660ca4435575dfe5ef582aebbfa2710bcc96fb73fc0fca	3409596	Adobe PDF library 15.00	adobe_ocg_v1	adobe_ocg_v1	dd47a14	1	4600	3166	94954	0.048	0.033	0.082	0.0	0.0	0	27657	8309	1	(0.87, 0.09, 0.51):19447;(0.81, 0.66, 0.31):7892;(0.0, 0.59, 0.25):173;(0.59, 0.48, 0.29):146	2	26	1
test/uploads/080923_110157-934722.pdf	cddacf6188ad6eb9832e1a7b76b3e7ab62093d5835d96bee14af94212189dd60	3561152	Adobe PDF library 15.00	adobe_ocg_v1	adobe_ocg_v1	dd47a14	1	4775	3166	91568	0.052	0.035	0.087	0.0	0.0	0	31071	9835	1	(0.87, 0.0, 0.47):19447;(0.81, 0.66, 0.31):10228;(0.47, 0.43, 0.69):1073;(0.9, 0.0, 0.43):177;(0.59, 0.48, 0.29):146	1	39	1
test/uploads/080923_110203-706693.pdf	426fe23f4ebee3a0aa9c7d2380e56a7d6fdc6e9bcb95c847b4f6ccc96d5861e5	3407029	Adobe PDF library 15.00	adobe_ocg_v1	adobe_ocg_v1	dd47a14	1	4600	3173	85321	0.054	0.037	0.091	0.0	0.0	0	28274	9826	1	(0.87, 0.0, 0.47):19447;(0.81, 0.66, 0.31):7436;(0.47, 0.43, 0.69):1073;(0.0, 0.59, 0.25):172;(0.59, 0.48, 0.29):146	2	26	1
test/uploads/080923_123720-228957.pdf	081900050caa0eeda50a2a052dd4f03431efad908ef4ada85a4f7bff6cfab519	8940698	Adobe PDF library 17.00	adobe_ocg_v1	adobe_ocg_v1	dd47a14	1	4267	3604	115171	0.037	0.031	0.068	0.0	0.0	0	1173	8623	0	(0.44, 0.44, 0.7):1015;(0.18, 0.19, 0.57):158	1	21	1
test/uploads/080923_123814-946814.pdf	c73639a03b6193bc630419fab433a28c32507dcbac35673610b42eabc1797481	442087	Adobe PDF library 17.00	adobe_ocg_v1	adobe_ocg_v1	dd47a14	1	3642	2319	36001	0.101	0.064	0.166	0.0	0.0	0	0	81	0	(0.67, 0.13, 0.19):0	1	118	1
test/uploads/081122_051456-465213.pdf	fa27ce768ae2bf3963cf9b727f1202767e985a6214a7242134be3355269ef74a	780323	Adobe PDF library 16.03	adobe_ocg_v1	adobe_ocg_v1	dd47a14	1	52678	11057	233312	0.226	0.047	0.273	0.0	0.0	0	3125	13176	0	(0.45, 0.44, 0.7):2703;(0.93, 0.0, 0.55):422	1	334	1
test/uploads/081222_031151-284275.pdf	603c6f9abfca5205e261c1dffc2696487941f18c0b324190fa52745fd64b4dbb	9572733	Adobe PDF library 16.07	adobe_ocg_v1	adobe_ocg_v1	dd47a14	1	3991	3033	82513	0.048	0.037	0.085	0.0	0.0	0	3540	5351	1	(0.71, 0.86, 0.71):1819;(0.4, 0.17, 0.57):1044;(0.0, 0.66, 0.31):468;(0.0, 0.65, 0.32):131;(0.93, 0.0, 0.55):59;(0.0, 0.68, 0.94):20	2	5	1
test/uploads/090123_013945-619835.pdf	db3a053b861864b2326c7f9388c5e4789dcec0049b83261ca495049b2965682a	557470	Adobe PDF library 15.00	adobe_ocg_v1	adobe_ocg_v1	dd47a14	1	7057	4617	121759	0.058	0.038	0.096	0.0	0.0	0	63230	6827	1	(0.5, 0.76, 0.93):61908;(0.47, 0.43, 0.69):1322	1	45	1
test/uploads/090123_025657-155655.pdf	ac49ab574b5e6358df2fa0dcd839f112a14717dfff921aff3fe9a09d98e8f8fc	36250427	Adobe PDF library 15.00	adobe_ocg_v1	adobe_ocg_v1	dd47a14	1	4001	813	73307	0.055	0.011	0.066	0.0	0.0	0	0	631	0		3	4	0
test/uploads/090123_031107-517430.pdf	ac49ab574b5e6358df2fa0dcd839f112a14717dfff921aff3fe9a09d98e8f8fc	36250427	Adobe PDF library 15.00	adobe_ocg_v1	adobe_ocg_v1	dd47a14	1	4001	813	73307	0.055	0.011	0.066	0.0	0.0	0	0	631	0		3	4	0
test/uploads/090123_032852-361792.pdf	0525d38a051f4c8ca3ae878db049f22965b3f215d8c3f188791e87d16b862e35	1229874	Adobe PDF library 16.07	adobe_ocg_v1	adobe_ocg_v1	dd47a14	1	4934	2005	53372	0.092	0.038	0.13	0.0	0.0	0	1691	7790	1	(0.44, 0.44, 0.7):1322;(0.74, 0.83, 0.9):231;(0.93, 0.11, 0.14):138;(0.05, 0.17, 0.26):0;(0.02, 0.17, 0.28):0	1	5	1
test/uploads/090123_082756-281151.pdf	7bad425067fa9634cc90c61bacddea7bc28ede476a252281d30fd747544d47dc	120446	Adobe PDF library 16.00	adobe_ocg_v1	adobe_ocg_v1	dd47a14	1	11703	10979	27676	0.423	0.397	0.82	0.0	0.0	0	0	4994	0		4	100	1
test/uploads/090223_014308-582637.pdf	460cf299c74a27e8046ffec12337364c2ff438c9adb75329b2ff6e533704c997	114090	Adobe PDF library 16.00	adobe_ocg_v1	adobe_ocg_v1	dd47a14	1	14434	11257	30684	0.47	0.367	0.837	0.0	0.0	0	0	4994	0		3	19	1
test/uploads/090223_072849-444492.pdf	ec5f68fabe39f4f5d7ed00204172f1c76209ec295114d7fc802898862306df94	141758	Adobe PDF library 16.00	adobe_ocg_v1	adobe_ocg_v1	dd47a14	1	24614	21196	50804	0.484	0.417	0.902	0.0	0.0	0	0	4994	0		12	72	1
test/uploads/090323_005649-631829.pdf	2496f185e43933db4e3e6fd8e7194d51734032dd0e71efd35fb06bcac92a20ad	155269	Adobe PDF library 17.00	adobe_ocg_v1	adobe_ocg_v1	dd47a14	1	21201	11929	38123	0.556	0.313	0.869	0.0	0.0	0	0	4994	0		1	177	1
test/uploads/090323_011409-369139.pdf	624755f5d9abd0365c1a3e99cef627f81dd2cc76c4073d725d8165e3195477d1	175185	Adobe PDF library 17.00	adobe_ocg_v1	adobe_ocg_v1	dd47a14	1	30825	22007	57826	0.533	0.381	0.914	0.0	0.0	0	0	4994	0		1	304	1
test/uploads/090323_032127-942163.pdf	3139075f7bac3f2cbaf1fd94964d7a97c863fce466dc52f4f5f3e09d32890127	3587210	Adobe PDF library 16.07	adobe_ocg_v1	adobe_ocg_v1	dd47a14	1	34548	5326	135764	0.254	0.039	0.294	0.0	0.0	0	3796	7750	1	(0.42, 0.34, 0.11):1735;(0.71, 0.77, 0.9):1392;(0.23, 0.67, 0.89):668	8	707	1
test/uploads/090323_073231-221246.pdf	acce51ddeda8ce5692508a477046222b574bcd5473b9cb19bf9c16c8dfffeb86	134116	Adobe PDF library 17.00	adobe_ocg_v1	adobe_ocg_v1	dd47a14	1	21829	17220	44042	0.496	0.391	0.887	0.0	0.0	0	0	4994	0		10	92	1
test/uploads/090523_074251-851412.pdf	26a0b9f1b5f2efc03a70a900297a6364143bc857d5b2b4120fd931fdf0678335	554128	Adobe PDF library 9.90	adobe_ocg_v1	adobe_ocg_v1	dd47a14	1	4527	0	47103	0.096	0.0	0.096	0.0	0.0	0	0	3999	0		2	30	0
test/uploads/090623_013229-786779.pdf	e66606ab892b963aaf3f870f4ce4be2e170fde8ef863f8563a2c1fa5d2afea12	154925	Adobe PDF library 17.00	adobe_ocg_v1	adobe_ocg_v1	dd47a14	1	12950	9437	27381	0.473	0.345	0.818	0.0	0.0	0	0	4994	0		3	63	1
test/uploads/090623_020627-867568.pdf	e66606ab892b963aaf3f870f4ce4be2e170fde8ef863f8563a2c1fa5d2afea12	154925	Adobe PDF library 17.00	adobe_ocg_v1	adobe_ocg_v1	dd47a14	1	12950	9437	27381	0.473	0.345	0.818	0.0	0.0	0	0	4994	0		3	63	1
test/uploads/090623_064905-535965.pdf	929d9e5fad0bc2419b41e67f87136ad4c6f32f049ffa40afdbb5566fbde582ed	1228267	Adobe PDF library 15.00	adobe_ocg_v1	adobe_ocg_v1	dd47a14	1	6529	5744	115491	0.057	0.05	0.106	0.0	0.0	0	1845	8898	0	(0.45, 0.44, 0.7):1492;(0.44, 0.42, 0.69):137;(0.93, 0.11, 0.14):124;(0.0, 0.66, 0.49):92	2	108	1
test/uploads/090623_065020-348839.pdf	929d9e5fad0bc2419b41e67f87136ad4c6f32f049ffa40afdbb5566fbde582ed	1228267	Adobe PDF library 15.00	adobe_ocg_v1	adobe_ocg_v1	dd47a14	1	6529	5744	115491	0.057	0.05	0.106	0.0	0.0	0	1845	8898	0	(0.45, 0.44, 0.7):1492;(0.44, 0.42, 0.69):137;(0.93, 0.11, 0.14):124;(0.0, 0.66, 0.49):92	2	108	1
test/uploads/090623_065257-918496.pdf	929d9e5fad0bc2419b41e67f87136ad4c6f32f049ffa40afdbb5566fbde582ed	1228267	Adobe PDF library 15.00	adobe_ocg_v1	adobe_ocg_v1	dd47a14	1	6529	5744	115491	0.057	0.05	0.106	0.0	0.0	0	1845	8898	0	(0.45, 0.44, 0.7):1492;(0.44, 0.42, 0.69):137;(0.93, 0.11, 0.14):124;(0.0, 0.66, 0.49):92	2	108	1
test/uploads/090623_065303-904240.pdf	55672d1eabab206b120026ae00db311591f7a51fa2a41c7fbcab2028eec7da2f	1155832	Adobe PDF library 15.00	adobe_ocg_v1	adobe_ocg_v1	dd47a14	1	27597	2911	66427	0.415	0.044	0.459	0.0	0.0	0	0	104	0		9	678	1
test/uploads/090822_064023-666988.pdf	543c4cc8ae371eba2439bb2f93ac19e7176e9975c47b3cf77864b08aff281ee5	159672	Adobe PDF library 16.00	adobe_ocg_v1	adobe_ocg_v1	dd47a14	1	31136	20449	56578	0.55	0.361	0.912	0.0	0.0	0	0	4994	0		12	592	1
test/uploads/090823_160810-765941.pdf	f37684cdeaa4f91a2840122228e2940920f9e0b467a20c985d030e89c5846ad2	4841519	Adobe PDF library 17.00	adobe_ocg_v1	adobe_ocg_v1	dd47a14	1	6247	0	58019	0.108	0.0	0.108	0.0	0.0	0	7415	860	1	(0.0, 0.54, 0.81):3680;(0.0, 0.12, 0.26):2784;(1.0, 0.5, 0.19):758;(0.52, 0.46, 0.31):112;(0.95, 0.7, 0.15):81	1	5	0
test/uploads/090823_160827-776634.pdf	bb47ee06154af3abf691a489e576d2b09ae06fcad351ed1053b4f05e666a8533	122607	Adobe PDF library 16.00	adobe_ocg_v1	adobe_ocg_v1	dd47a14	1	14646	11056	30695	0.477	0.36	0.837	0.0	0.0	0	0	4994	0		8	156	1
test/uploads/090922_011550-396533.pdf	247c23f32a5c014d1c2065d07e205ccc47e3667b3bf84c16aff5e7a50899140f	87083	Adobe PDF library 16.00	adobe_ocg_v1	adobe_ocg_v1	dd47a14	1	34559	17359	51918	0.666	0.334	1.0	0.0	0.0	0	0	0	0		2	109	1
test/uploads/090922_021016-235622.pdf	b5b5eb841f5fa59b59a277fcea09ca32089f01268405af67d944a76543d08779	321302	Adobe PDF library 16.00	adobe_ocg_v1	adobe_ocg_v1	dd47a14	1	54392	15842	75227	0.723	0.211	0.934	0.0	0.0	0	0	4994	0		30	86	1
test/uploads/091122_024323-424731.pdf	c2b61b95f956d253c848974d02cbf87afa7adc17093a2898ff7d76a021824e79	122931	Adobe PDF library 16.00	adobe_ocg_v1	adobe_ocg_v1	dd47a14	1	10978	6964	22935	0.479	0.304	0.782	0.0	0.0	0	0	4994	0		2	45	1
test/uploads/091122_025014-179016.pdf	c2b61b95f956d253c848974d02cbf87afa7adc17093a2898ff7d76a021824e79	122931	Adobe PDF library 16.00	adobe_ocg_v1	adobe_ocg_v1	dd47a14	1	10978	6964	22935	0.479	0.304	0.782	0.0	0.0	0	0	4994	0		2	45	1
test/uploads/091222_004719-192318.pdf	8fe8152fdaa7fed366e2c85a3245e9bb2c9f1b89344d102b56613b09a2bbaaa2	1202736	Adobe PDF library 15.00	adobe_ocg_v1	adobe_ocg_v1	dd47a14	1	27597	2911	71139	0.388	0.041	0.429	0.0	0.0	0	0	227	0		9	678	1
test/uploads/091222_065323-444373.pdf	81de9d4539192fd7890476a7c5df596cfeac24f529244ce4f5b1bd885abe0a80	25259202	Adobe PDF library 16.07	adobe_ocg_v1	adobe_ocg_v1	dd47a14	1	5924	4678	70597	0.084	0.066	0.15	0.0	0.0	0	3246	5608	1	(0.4, 0.17, 0.57):3055;(0.37, 0.18, 0.57):119;(0.93, 0.0, 0.55):73	6	33	1
test/uploads/100223_045457-153196.pdf	656e5077fccd06ffe39ffdb5ebb462a1fdcdbfbbd7b0e5df3314fcec49b7f8f6	2476647	Adobe PDF library 15.00	adobe_ocg_v1	adobe_ocg_v1	dd47a14	1	40464	5485	212719	0.19	0.026	0.216	0.0	0.0	0	30160	20410	1	(0.15, 0.21, 0.5):28310;(0.67, 0.88, 0.95):558;(0.0, 0.62, 0.89):516;(0.0, 0.69, 0.92):396;(0.9, 0.0, 0.49):321;(0.33, 0.76, 0.89):59	5	768	0
test/uploads/100223_085509-184119.pdf	fc1e64d415ee9b0f293ec815494e77b1c467d160e81a35da02ebc4bdd71c739c	117266	Adobe PDF library 16.00	adobe_ocg_v1	adobe_ocg_v1	dd47a14	1	13721	9263	27978	0.49	0.331	0.822	0.0	0.0	0	0	4994	0		3	91	1
test/uploads/100323_014737-733933.pdf	f941565aa31d1f115b77c2def93b6cf2ab4dd4bdaeb6e7d9a18a8c07566b074c	125970	Adobe PDF library 17.00	adobe_ocg_v1	adobe_ocg_v1	dd47a14	1	16560	7408	28962	0.572	0.256	0.828	0.0	0.0	0	0	4994	0		4	91	1
test/uploads/100323_030702-657018.pdf	32b315fa8856598bd25196b6fcea5bfb4c2821b83f4d2681d4aad45b8edf8617	1293022	Adobe PDF library 15.00	adobe_ocg_v1	adobe_ocg_v1	dd47a14	1	37602	4834	134462	0.28	0.036	0.316	0.0	0.0	0	9516	1493	1	(0.16, 0.25, 0.13):7354;(0.89, 0.01, 0.17):1231;(0.07, 0.41, 0.18):513;(0.08, 0.41, 0.18):411;(0.79, 0.62, 0.4):8	9	765	1
test/uploads/100323_070856-233977.pdf	db3d4e8822c854a4798421d4d2fb5e29b3d2e76c05e624c68abfdebc2a52ac47	1541319	Adobe PDF library 17.00	adobe_ocg_v1	adobe_ocg_v1	dd47a14	1	10252	0	146120	0.07	0.0	0.07	0.0	0.0	0	6406	10506	1	(0.15, 0.67, 0.88):6406	1	4	0
test/uploads/100323_085302-496627.pdf	de5aa28a6a229345658f802baf3d0b3a393e8f0d9b643097d5d7744048dfc4f5	454854	Adobe PDF library 15.00	adobe_ocg_v1	adobe_ocg_v1	dd47a14	1	18842	3913	48666	0.387	0.08	0.468	0.0	0.0	0	0	0	0		9	101	1
test/uploads/100323_085459-159822.pdf	de5aa28a6a229345658f802baf3d0b3a393e8f0d9b643097d5d7744048dfc4f5	454854	Adobe PDF library 15.00	adobe_ocg_v1	adobe_ocg_v1	dd47a14	1	18842	3913	48666	0.387	0.08	0.468	0.0	0.0	0	0	0	0		9	101	1
test/uploads/100523_021712-768015.pdf	97db3aedc30eb9cc22a815e6ecd3fb34a31f0f57a2b019d0f73d8a2d84705ea7	618657	Adobe PDF library 9.90	adobe_ocg_v1	adobe_ocg_v1	dd47a14	1	6750	0	48696	0.139	0.0	0.139	0.0	0.0	0	39	4372	0	(0.93, 0.11, 0.14):39	1	33	0
test/uploads/100623_051931-482516.pdf	b69c51187341ce70fedc5ce0da621642c235e6cc5244cb85d6fb6634a2f7c5a1	4004249	Adobe PDF library 16.07	adobe_ocg_v1	adobe_ocg_v1	dd47a14	1	7182	4572	93971	0.076	0.049	0.125	0.0	0.0	0	2071	4711	1	(0.4, 0.17, 0.57):1578;(0.07, 0.17, 0.31):374;(0.93, 0.0, 0.55):88;(0.0, 0.68, 0.94):30	3	35	1
test/uploads/100723_154526-542247.pdf	94f5e76eab8e15906a3e4d876384d7abea18736e53ef2f8def5ae730cf4f6cc1	716736	Adobe PDF library 17.00	adobe_ocg_v1	adobe_ocg_v1	dd47a14	1	2157	1489	46255	0.047	0.032	0.079	0.0	0.0	0	9393	4592	1	(0.0, 0.68, 0.94):7541;(0.44, 0.44, 0.7):934;(1.0, 0.95, 0.0):639;(0.18, 0.39, 0.19):195;(0.93, 0.11, 0.14):84	2	2	1
test/uploads/100723_155108-219972.pdf	454989ccad7095399237524dda91fadc6e2b8b8e18c71d62efd45b292032d6c3	658575	Adobe PDF library 17.00	adobe_ocg_v1	adobe_ocg_v1	dd47a14	1	1602	1044	35352	0.045	0.03	0.075	0.0	0.0	0	6937	3987	1	(0.0, 0.68, 0.94):5540;(0.44, 0.44, 0.7):934;(1.0, 0.95, 0.0):270;(0.18, 0.39, 0.19):134;(0.93, 0.11, 0.14):58	2	2	0
test/uploads/100823_111332-934658.pdf	591107d99abf53c080783d4a8d171cf81878f3eb5efd7db46caaa1d4745c21fa	3577475	Adobe PDF library 15.00	adobe_ocg_v1	adobe_ocg_v1	dd47a14	1	5027	2696	90519	0.056	0.03	0.085	0.0	0.0	0	29259	9409	1	(0.0, 0.6, 0.51):18800;(0.81, 0.66, 0.31):9081;(0.47, 0.43, 0.69):1073;(0.9, 0.0, 0.43):177;(0.59, 0.48, 0.29):127	2	69	0
test/uploads/101022_072543-614050.pdf	f03310f73cb2d35ccc1ff3f15097f9c4765131dc6e6be919514ea6396d228b90	144875	Adobe PDF library 16.00	adobe_ocg_v1	adobe_ocg_v1	dd47a14	1	24260	14810	44924	0.54	0.33	0.87	0.0	0.0	0	0	5854	0		4	154	1
test/uploads/101022_075547-518178.pdf	2f8d070361b5e909e6d5372ffc7c051a02f68add601b22974a62c640c352e016	130892	Adobe PDF library 16.00	adobe_ocg_v1	adobe_ocg_v1	dd47a14	1	72649	0	77643	0.936	0.0	0.936	0.0	0.0	0	0	4994	0		1	96	0
test/uploads/101022_080915-386050.pdf	e30166c59ee9602b3f8bddbacd1b1f38eaa8f9f6a621f4de70225d9ecb23e281	120668	Adobe PDF library 16.00	adobe_ocg_v1	adobe_ocg_v1	dd47a14	1	49697	0	54691	0.909	0.0	0.909	0.0	0.0	0	0	4994	0		1	52	0
test/uploads/101022_082735-835315.pdf	23e4708f2a1d08fad4190d9e63ee0e623120ade942c8c1ac9f3257adddee20c8	192196	Adobe PDF library 16.00	adobe_ocg_v1	adobe_ocg_v1	dd47a14	1	46351	24817	76162	0.609	0.326	0.934	0.0	0.0	0	0	4994	0		10	436	1
test/uploads/101122_020609-792676.pdf	546efc8a727273e3df8f531bb0a8c5719f664b5c2a3ff3fad091f070cbf69e00	137105	Adobe PDF library 16.00	adobe_ocg_v1	adobe_ocg_v1	dd47a14	1	23455	18058	46507	0.504	0.388	0.893	0.0	0.0	0	0	4994	0		6	100	1
test/uploads/101122_030745-331430.pdf	81974ef4b3f02d91a63451a913baf33e8865ebac98ab5c135462b036289cacfb	172012	Adobe PDF library 16.00	adobe_ocg_v1	adobe_ocg_v1	dd47a14	1	28867	13665	47526	0.607	0.288	0.895	0.0	0.0	0	0	4994	0		1	252	1
test/uploads/101122_033449-325022.pdf	0aee36ebd22af837884cc9f604830a172d0df6e8af79c15f48fee7528da405a6	135080	Adobe PDF library 16.00	adobe_ocg_v1	adobe_ocg_v1	dd47a14	1	24366	12066	41425	0.588	0.291	0.879	0.0	0.0	0	0	4994	0		9	107	1
test/uploads/101122_084345-859662.pdf	0232dcde790a96fe97de78d3003247b27d576e5f4f1b72171996880456f44dc2	160692	Adobe PDF library 16.00	adobe_ocg_v1	adobe_ocg_v1	dd47a14	1	44154	28960	78108	0.565	0.371	0.936	0.0	0.0	0	0	4994	0		12	244	1
test/uploads/110123_024723-815973.pdf	a71d29235d879d4451236b4dfe21fa73ab572f96709a919576d329a198e9f94f	134259	Adobe PDF library 16.00	adobe_ocg_v1	adobe_ocg_v1	dd47a14	1	20992	16046	42032	0.499	0.382	0.881	0.0	0.0	0	0	4994	0		6	192	1
test/uploads/110123_050119-963486.pdf	0cd3cb4d4a1f111c5cc46c57404a99c4218e2a1bf05fd58aa32c9cb9855c89fa	131814	Adobe PDF library 16.00	adobe_ocg_v1	adobe_ocg_v1	dd47a14	1	20332	12162	37488	0.542	0.324	0.867	0.0	0.0	0	0	4994	0		4	185	1
test/uploads/110123_050941-223374.pdf	403b0f50072ad1cd2c17b23ae35237186a6af2fc81880fcce41a6d17f3f8de43	15461395	Adobe PDF library 16.07	adobe_ocg_v1	adobe_ocg_v1	dd47a14	1	56030	0	59257	0.946	0.0	0.946	0.0	0.0	0	1895	807	1	(0.41, 0.74, 0.27):1793;(0.93, 0.13, 0.14):102	3	687	0
test/uploads/110123_075116-344125.pdf	714152084d0b396fb994ef6e1985d2dc081290f160529eb6096c1249343bf568	125708	Adobe PDF library 16.00	adobe_ocg_v1	adobe_ocg_v1	dd47a14	1	12793	9698	27485	0.465	0.353	0.818	0.0	0.0	0	0	4994	0		8	89	1
test/uploads/110223_003032-446264.pdf	b697f43f4dfa5f87afe17b256de31f1837771e31c3976f7810f34315f8dee641	334992	Adobe PDF library 15.00	adobe_ocg_v1	adobe_ocg_v1	dd47a14	1	23309	10833	34142	0.683	0.317	1.0	0.0	0.0	0	0	0	0		4	126	1
test/uploads/110223_025937-917419.pdf	74b781c9451d47cd86e28f330b7c1b569e89f465214ced5cdcc60909e114dc22	46514	Adobe PDF library 15.00	adobe_ocg_v1	adobe_ocg_v1	dd47a14	1	7833	4685	19170	0.409	0.244	0.653	0.0	0.0	0	0	6653	0		1	143	1
test/uploads/110323_061927-476528.pdf	a98a083776a07a8b7579528c988a94e0aa82319a042903f039ca82fda20ae23f	1229660	Adobe PDF library 16.07	adobe_ocg_v1	adobe_ocg_v1	dd47a14	1	4934	2004	88193	0.056	0.023	0.079	0.0	0.0	0	1691	7776	0	(0.44, 0.44, 0.7):1322;(0.74, 0.83, 0.9):231;(0.93, 0.11, 0.14):138;(0.02, 0.17, 0.28):0	1	5	0
test/uploads/110323_080135-785582.pdf	80c00baa39dc58b671a147acbad39685dda263784999be9f10551fd0400e2dc1	859429	Adobe PDF library 17.00	adobe_ocg_v1	adobe_ocg_v1	dd47a14	1	8505	6477	75962	0.112	0.085	0.197	0.0	0.0	0	23610	10719	1	(0.0, 0.68, 0.94):22722;(0.0, 0.65, 0.32):887	2	8	1
test/uploads/110323_080307-981182.pdf	522aff86d6a30285cd13905473b467404b0e59e2d21fda3add7c7649ed1b1a22	904948	Adobe PDF library 17.00	adobe_ocg_v1	adobe_ocg_v1	dd47a14	1	7364	5654	119833	0.061	0.047	0.109	0.0	0.0	0	52662	14723	1	(0.0, 0.68, 0.94):50864;(0.0, 0.65, 0.32):1640;(0.42, 0.74, 0.27):159	1	7	1
test/uploads/110523_021938-815526.pdf	c5b89ad2f7d03d82eab56e4e0aeba0b44c5b4a755e11f9b2166608840978aaa6	143654	Adobe PDF library 17.00	adobe_ocg_v1	adobe_ocg_v1	dd47a14	1	26156	14674	46094	0.567	0.318	0.886	0.0	0.0	0	0	5263	0		9	105	1
test/uploads/110523_031536-912494.pdf	26b3b8c6f135e23d4475e6540f695d11944957fc23e13913373e1a40c9227e7a	292225	Adobe PDF library 15.00	adobe_ocg_v1	adobe_ocg_v1	dd47a14	1	72949	137	73087	0.998	0.002	1.0	0.0	0.0	0	0	0	0		10	202	0
test/uploads/110523_033531-297820.pdf	26b3b8c6f135e23d4475e6540f695d11944957fc23e13913373e1a40c9227e7a	292225	Adobe PDF library 15.00	adobe_ocg_v1	adobe_ocg_v1	dd47a14	1	72949	137	73087	0.998	0.002	1.0	0.0	0.0	0	0	0	0		10	202	0
test/uploads/110523_033635-541378.pdf	b74985508593c388e98d67cff96a8601935479bac2ae5676db059e8783b6d46c	110390	Adobe PDF library 15.00	adobe_ocg_v1	adobe_ocg_v1	dd47a14	1	66259	0	66259	1.0	0.0	1.0	0.0	0.0	0	0	0	0		8	182	0
test/uploads/110822_033025-493985.pdf	fd8538f4ec020e792113483937d0d6b441f4c2f7127f0bf2a745c3326cc87d8b	132718	Adobe PDF library 16.00	adobe_ocg_v1	adobe_ocg_v1	dd47a14	1	27297	23040	55330	0.493	0.416	0.91	0.0	0.0	0	0	4994	0		8	33	1
test/uploads/110822_035421-689628.pdf	fd8538f4ec020e792113483937d0d6b441f4c2f7127f0bf2a745c3326cc87d8b	132718	Adobe PDF library 16.00	adobe_ocg_v1	adobe_ocg_v1	dd47a14	1	27297	23040	55330	0.493	0.416	0.91	0.0	0.0	0	0	4994	0		8	33	1
test/uploads/110822_091653-353466.pdf	dc5c76bcbccfe8ec5f4b124263efd7490601db4da5d2a679e76f5dc2907a987c	131918	Adobe PDF library 16.00	adobe_ocg_v1	adobe_ocg_v1	dd47a14	1	26012	20508	51513	0.505	0.398	0.903	0.0	0.0	0	0	4994	0		12	28	1
test/uploads/110822_092105-594498.pdf	16834230b7a6ee15558ee9091cf907dde93bf8e7f7e7045f24d6cbb1eac42f16	44604087	Adobe Illustrator CC 22.0 (Macintosh)	adobe_ocg_v1	adobe_ocg_v1	dd47a14	1	156299	0	156299	1.0	0.0	1.0	0.0	0.0	0	0	0	0		11	2425	0
test/uploads/110823_125423-279740.pdf	8fa90b136ee0bcf89622a386d3e02f95433905ed2fb80eca72f1ae8fe958a802	109590	Adobe PDF library 16.07	adobe_ocg_v1	adobe_ocg_v1	dd47a14	1	16717	10651	32361	0.517	0.329	0.846	0.0	0.0	0	0	4994	0		2	90	1
test/uploads/110823_125428-629414.pdf	2f32167036887294bad2839d91e650ac73ecdcfdb8dac5a336344e4616df4098	111136	Adobe PDF library 16.07	adobe_ocg_v1	adobe_ocg_v1	dd47a14	1	16823	10651	32468	0.518	0.328	0.846	0.0	0.0	0	0	4994	0		2	92	1
test/uploads/110823_130031-141626.pdf	082a5c4b9d5263d60f59043785d56350b6c8b3fc3ec6a15e5598248275822258	28679730	Adobe PDF library 16.07	adobe_ocg_v1	adobe_ocg_v1	dd47a14	1	5566	3285	80824	0.069	0.041	0.11	0.0	0.0	0	18708	7661	1	(0.0, 0.68, 0.94):17913;(0.44, 0.44, 0.7):794	1	2	1
test/uploads/110823_180933-657199.pdf	8ebe88a767862d9f01a614e564f145720008c79030ff178ce165d539be86ad98	4443509	Adobe PDF library 17.00	adobe_ocg_v1	adobe_ocg_v1	dd47a14	1	6010	3722	79731	0.075	0.047	0.122	0.0	0.0	0	1182	7352	0	(0.44, 0.44, 0.7):934;(0.0, 0.68, 0.94):249	2	77	1
test/uploads/111122_011725-689866.pdf	0a5addc1830e557574c56db8e30acc9b501e5830ab0939be5f32bde7b6bace93	1025898	Adobe PDF library 15.00	adobe_ocg_v1	adobe_ocg_v1	dd47a14	1	27219	2518	77642	0.351	0.032	0.383	0.0	0.0	0	5636	1555	1	(0.0, 0.6, 0.51):5636	10	707	1
test/uploads/111122_012822-999067.pdf	665fb30a272398b91e0c1d5185c5427e148c0b556e301236725d0f9ac8e2fea1	170577	Adobe PDF library 16.00	adobe_ocg_v1	adobe_ocg_v1	dd47a14	1	47940	26422	79356	0.604	0.333	0.937	0.0	0.0	0	0	4994	0		30	394	1
test/uploads/111122_023105-954482.pdf	a5e7e993c6139032b1498fe465bb8c1b936fb86fbff07458ae204813bf72d640	142209	Adobe PDF library 16.00	adobe_ocg_v1	adobe_ocg_v1	dd47a14	1	34321	19313	58628	0.585	0.329	0.915	0.0	0.0	0	0	4994	0		18	220	1
test/uploads/120123_024032-629952.pdf	f43423b852ea098771d2c86a582955702bc09194e3dbb3ca25db93ca7675a5f4	154470	Adobe PDF library 16.00	adobe_ocg_v1	adobe_ocg_v1	dd47a14	1	28203	16618	49814	0.566	0.334	0.9	0.0	0.0	0	0	4994	0		9	133	1
test/uploads/120123_024927-697562.pdf	cb49c295e42895a2f3f4e7a2bfde1c8be82b60a31ea51f1d0907e9f5523a37c3	132878	Adobe PDF library 16.00	adobe_ocg_v1	adobe_ocg_v1	dd47a14	1	15539	11686	32219	0.482	0.363	0.845	0.0	0.0	0	0	4994	0		4	120	1
test/uploads/120123_025226-218328.pdf	bc10bce539e10e12e52ba3d7df7d4934cca84aeab6ea8e3ffb4350ce946cb515	140742	Adobe PDF library 16.00	adobe_ocg_v1	adobe_ocg_v1	dd47a14	1	32533	122	37649	0.864	0.003	0.867	0.0	0.0	0	0	4994	0		2	360	0
test/uploads/120123_031004-436649.pdf	aed9077aa6bfda528b0f4f96927e2a069f8af9f653615f28640d6e76f6dd0e82	2092803	Adobe PDF library 15.00	adobe_ocg_v1	adobe_ocg_v1	dd47a14	1	29671	3059	113513	0.261	0.027	0.288	0.0	0.0	0	13789	2853	1	(0.87, 0.09, 0.51):13183;(0.46, 0.72, 0.17):394;(0.02, 0.43, 0.28):212	5	718	0
test/uploads/120123_053941-352333.pdf	3af38c04b3c8dd8dbfa2524c856d858f5757364c2b69007ff34aac54d47f8e91	117175	Adobe PDF library 16.00	adobe_ocg_v1	adobe_ocg_v1	dd47a14	1	30415	0	35409	0.859	0.0	0.859	0.0	0.0	0	0	4994	0		1	66	0
test/uploads/120123_090211-748912.pdf	7d8fc35911ca9a2d214166d22ca0ecd9d53b2c745132cce466970f512baebe8c	122766	Adobe PDF library 16.00	adobe_ocg_v1	adobe_ocg_v1	dd47a14	1	14144	8518	27655	0.511	0.308	0.819	0.0	0.0	0	0	4994	0		3	52	1
test/uploads/120523_041746-353767.pdf	b407459c6b3a6429dcdf93faf5646b61525a9a895811c358bc6f246d724a47bd	135498	Adobe PDF library 17.00	adobe_ocg_v1	adobe_ocg_v1	dd47a14	1	23899	12303	41196	0.58	0.299	0.879	0.0	0.0	0	0	4994	0		4	208	1
test/uploads/120523_072703-404760.pdf	c0d0b32baf64b379c6e1818c0263ff4f84873adaa1fab48f4f9ebfb56872a2a3	159662	Adobe PDF library 17.00	adobe_ocg_v1	adobe_ocg_v1	dd47a14	1	31466	21932	58393	0.539	0.376	0.914	0.0	0.0	0	0	4994	0		9	184	1
test/uploads/120722_031458.pdf	eaf137e370a11eb8b578133edb41934720b074350a9b25026c78ddda264bc15a	1320135	Adobe PDF library 16.03	adobe_ocg_v1	adobe_ocg_v1	dd47a14	1	8651	5368	113905	0.076	0.047	0.123	0.0	0.0	0	1529	13610	0	(0.44, 0.44, 0.7):1322;(0.92, 0.27, 0.6):206	4	6	1
test/uploads/120723_111931-534614.pdf	b7a6811000f06b1edc81c7833c58460e194252db0d476c1b537fc4210e95f0a2	518556	Adobe PDF library 15.00	adobe_ocg_v1	adobe_ocg_v1	dd47a14	1	44432	7178	142336	0.312	0.05	0.363	0.0	0.0	0	3745	3134	1	(0.89, 0.27, 0.49):3745	7	886	1
test/uploads/120723_111947-306942.pdf	8a43c486b4703525bb89a07760e03d2657ea4dbea81ed5176634d21b00a26e65	533491	Adobe PDF library 15.00	adobe_ocg_v1	adobe_ocg_v1	dd47a14	1	43663	7178	142842	0.306	0.05	0.356	0.0	0.0	0	3745	3137	1	(0.0, 0.68, 0.67):3745	7	867	1
test/uploads/120723_111950-914414.pdf	a477c19ac0175706c1313d5a353a77f6d422c6961321fff1b1b0ca5a36405aa5	548589	Adobe PDF library 15.00	adobe_ocg_v1	adobe_ocg_v1	dd47a14	1	43802	7178	144908	0.302	0.05	0.352	0.0	0.0	0	3745	3135	1	(0.61, 0.39, 0.65):3745	7	868	1
test/uploads/120723_111956-318895.pdf	9eb74072e20c82cfeed29349693cfa3c9204259f1195fbcc25db607b645d5059	519265	Adobe PDF library 15.00	adobe_ocg_v1	adobe_ocg_v1	dd47a14	1	44412	7178	141915	0.313	0.051	0.364	0.0	0.0	0	3745	3134	1	(0.93, 0.42, 0.23):3745	7	884	1
test/uploads/120723_112003-414549.pdf	8af2561fba56622613c68368f669fdca18728eae4568a5d05359b4a1b37441af	517711	Adobe PDF library 15.00	adobe_ocg_v1	adobe_ocg_v1	dd47a14	1	43770	7178	138859	0.315	0.052	0.367	0.0	0.0	0	3743	3130	1	(0.0, 0.46, 0.74):3743	7	872	1
test/uploads/120723_112010-128169.pdf	58b5cdef97ea4806ae4962f34f160605cff90267590e69e981c691231d095eaf	528913	Adobe PDF library 15.00	adobe_ocg_v1	adobe_ocg_v1	dd47a14	1	43946	7178	142006	0.309	0.051	0.36	0.0	0.0	0	3746	3128	1	(0.95, 0.72, 0.15):3746	7	875	1
test/uploads/120723_115002-553023.pdf	b7a6811000f06b1edc81c7833c58460e194252db0d476c1b537fc4210e95f0a2	518556	Adobe PDF library 15.00	adobe_ocg_v1	adobe_ocg_v1	dd47a14	1	44432	7178	142336	0.312	0.05	0.363	0.0	0.0	0	3745	3134	1	(0.89, 0.27, 0.49):3745	7	886	1
test/uploads/120723_115007-556650.pdf	8a43c486b4703525bb89a07760e03d2657ea4dbea81ed5176634d21b00a26e65	533491	Adobe PDF library 15.00	adobe_ocg_v1	adobe_ocg_v1	dd47a14	1	43663	7178	142842	0.306	0.05	0.356	0.0	0.0	0	3745	3137	1	(0.0, 0.68, 0.67):3745	7	867	1
test/uploads/120723_115011-971513.pdf	a477c19ac0175706c1313d5a353a77f6d422c6961321fff1b1b0ca5a36405aa5	548589	Adobe PDF library 15.00	adobe_ocg_v1	adobe_ocg_v1	dd47a14	1	43802	7178	144908	0.302	0.05	0.352	0.0	0.0	0	3745	3135	1	(0.61, 0.39, 0.65):3745	7	868	1
test/uploads/120723_115015-333677.pdf	9eb74072e20c82cfeed29349693cfa3c9204259f1195fbcc25db607b645d5059	519265	Adobe PDF library 15.00	adobe_ocg_v1	adobe_ocg_v1	dd47a14	1	44412	7178	141915	0.313	0.051	0.364	0.0	0.0	0	3745	3134	1	(0.93, 0.42, 0.23):3745	7	884	1
test/uploads/120723_115019-596774.pdf	8af2561fba56622613c68368f669fdca18728eae4568a5d05359b4a1b37441af	517711	Adobe PDF library 15.00	adobe_ocg_v1	adobe_ocg_v1	dd47a14	1	43770	7178	138859	0.315	0.052	0.367	0.0	0.0	0	3743	3130	1	(0.0, 0.46, 0.74):3743	7	872	1
test/uploads/120723_115024-365714.pdf	58b5cdef97ea4806ae4962f34f160605cff90267590e69e981c691231d095eaf	528913	Adobe PDF library 15.00	adobe_ocg_v1	adobe_ocg_v1	dd47a14	1	43946	7178	142006	0.309	0.051	0.36	0.0	0.0	0	3746	3128	1	(0.95, 0.72, 0.15):3746	7	875	1
test/uploads/120723_173701-367340.pdf	9b607f298dcdef6a0d4b6707f1634de515a63e6d85e17cb382f8d581d1b21dc5	168266	Adobe PDF library 17.00	adobe_ocg_v1	adobe_ocg_v1	dd47a14	1	21059	0	26052	0.808	0.0	0.808	0.0	0.0	0	0	4994	0		1	46	0
test/uploads/120922_074815-997632.pdf	dfa09edf792729892f585f28a1ac94afd718516e54c56820730583bb79eedeb2	134682	Adobe PDF library 16.00	adobe_ocg_v1	adobe_ocg_v1	dd47a14	1	38265	16147	59405	0.644	0.272	0.916	0.0	0.0	0	0	4994	0		5	58	1
test/uploads/121222_004946-749871.pdf	b719cab0319d271b66bfbb37494e57985ebdfc025265b897b3b0806017e27d86	131019	Adobe PDF library 16.00	adobe_ocg_v1	adobe_ocg_v1	dd47a14	1	22319	4465	31777	0.702	0.141	0.843	0.0	0.0	0	0	4994	0		3	136	1
test/uploads/121222_050920-796486.pdf	8dfa87cdfb10b6de367a9525abc3fb46a859dd9b3d02655c368a559c9ac832b9	131642	Adobe PDF library 16.00	adobe_ocg_v1	adobe_ocg_v1	dd47a14	1	11339	0	17192	0.66	0.0	0.66	0.0	0.0	0	0	5854	0		1	1	0
test/uploads/121222_052400-933635.pdf	8dfa87cdfb10b6de367a9525abc3fb46a859dd9b3d02655c368a559c9ac832b9	131642	Adobe PDF library 16.00	adobe_ocg_v1	adobe_ocg_v1	dd47a14	1	11339	0	17192	0.66	0.0	0.66	0.0	0.0	0	0	5854	0		1	1	0
test/uploads/121222_052702-839517.pdf	8dfa87cdfb10b6de367a9525abc3fb46a859dd9b3d02655c368a559c9ac832b9	131642	Adobe PDF library 16.00	adobe_ocg_v1	adobe_ocg_v1	dd47a14	1	11339	0	17192	0.66	0.0	0.66	0.0	0.0	0	0	5854	0		1	1	0
test/uploads/121222_083508-155590.pdf	f7bfc6e2307187024eee1cc3ef1781fb2aec575540b7587a6bd1273d00294950	260683	Adobe PDF library 16.07	adobe_ocg_v1	adobe_ocg_v1	dd47a14	1	15056	0	15056	1.0	0.0	1.0	0.0	0.0	0	0	0	0		1	164	0
test/uploads/130223_003050-397127.pdf	8b360ab4032a1adf5e5e15826a7ad6e5085453ed157bdb686052e3fb2c8f82f6	143512	Adobe PDF library 16.00	adobe_ocg_v1	adobe_ocg_v1	dd47a14	1	33715	19093	57802	0.583	0.33	0.914	0.0	0.0	0	0	4994	0		4	170	1
test/uploads/130223_035601-849937.pdf	7c0c5345a81295cbb8324daf529ce2ff459243b41902a938160de90826734f5c	359385	Adobe PDF library 15.00	adobe_ocg_v1	adobe_ocg_v1	dd47a14	1	29915	10807	40722	0.735	0.265	1.0	0.0	0.0	0	0	0	0		4	202	1
test/uploads/130223_035612-593239.pdf	fc3d7e10f5d157a49e2eedb6adc1a57edeec557586efe808fb7819b453aa4653	288271	Adobe PDF library 15.00	adobe_ocg_v1	adobe_ocg_v1	dd47a14	1	860	0	6887	0.125	0.0	0.125	0.0	0.0	0	0	1221	0		1	16	0
test/uploads/130223_044252-955561.pdf	83fb7b04868f70f029ab5172637f296df3d0ca8adedc22d4e383317c1d38d960	347676	Adobe PDF library 16.07	adobe_ocg_v1	adobe_ocg_v1	dd47a14	1	23370	10824	34193	0.683	0.317	1.0	0.0	0.0	0	0	0	0		4	127	1
test/uploads/130223_045033-304036.pdf	61aaf7afa8f3fa636c9a332423f2cc5adcd826d737a52107ed3413e940f23259	280571	Adobe PDF library 16.07	adobe_ocg_v1	adobe_ocg_v1	dd47a14	1	21408	8936	30344	0.706	0.294	1.0	0.0	0.0	0	0	0	0		3	85	1
test/uploads/130223_053730-907173.pdf	6b7e13c5d3f5e19f87b348fbee70674425c6ce78e03cc4fa51d5c936d1ff86f5	174886	Adobe PDF library 16.00	adobe_ocg_v1	adobe_ocg_v1	dd47a14	1	48095	24079	77168	0.623	0.312	0.935	0.0	0.0	0	0	4994	0		16	246	1
test/uploads/130323_062132-749395.pdf	391dd4b1d1c887f9edb8102ea5448143f333f8d006e9d1b493be087d73e6991a	176116	Adobe PDF library 17.00	adobe_ocg_v1	adobe_ocg_v1	dd47a14	1	35069	25084	65147	0.538	0.385	0.923	0.0	0.0	0	0	4994	0		1	337	1
test/uploads/130623_040810-203467.pdf	88ca6b440aaca12eaef1932fa93887b7fd4d59538dbe96ff272422e86c4ee786	978344	Adobe PDF library 16.07	adobe_ocg_v1	adobe_ocg_v1	dd47a14	1	5218	2523	72061	0.072	0.035	0.107	0.0	0.0	0	8908	6778	1	(0.0, 0.68, 0.94):7928;(0.44, 0.44, 0.7):934;(0.7, 0.9, 0.98):45	1	53	1
test/uploads/130623_040812-659539.pdf	84ae164233c42d1ead58308ae9a83371b7708d3f000db1134c4f4d4a58deea6b	1099332	Adobe PDF library 16.07	adobe_ocg_v1	adobe_ocg_v1	dd47a14	1	5218	2523	72073	0.072	0.035	0.107	0.0	0.0	0	8908	6987	1	(0.0, 0.68, 0.94):7928;(0.44, 0.44, 0.7):934;(0.7, 0.9, 0.98):45	1	53	1
test/uploads/130623_042245-632696.pdf	05884474887355a3dbede69dad4159a77f2c80dd24e1e6ca8b14ebf7ced52112	1017642	Adobe PDF library 16.07	adobe_ocg_v1	adobe_ocg_v1	dd47a14	1	5218	2523	73416	0.071	0.034	0.105	0.0	0.0	0	8908	6778	1	(0.0, 0.68, 0.94):7928;(0.44, 0.44, 0.7):934;(0.7, 0.9, 0.98):45	1	53	1
test/uploads/130623_042255-871592.pdf	0b9563b62829e27792aab210f5f6a6e71f3f9abb63d6a7219cd1c34897910ae4	1006974	Adobe PDF library 16.07	adobe_ocg_v1	adobe_ocg_v1	dd47a14	1	5218	2523	73010	0.071	0.035	0.106	0.0	0.0	0	8908	6778	1	(0.0, 0.68, 0.94):7928;(0.44, 0.44, 0.7):934;(0.7, 0.9, 0.98):45	1	53	1
test/uploads/130623_042743-699445.pdf	73f160d3b095f21884116bd841240521d38942ec24c2bf0db01146b2c4b616c3	1022978	Adobe PDF library 16.07	adobe_ocg_v1	adobe_ocg_v1	dd47a14	1	5390	2556	75020	0.072	0.034	0.106	0.0	0.0	0	9112	5950	1	(0.0, 0.68, 0.94):8133;(0.44, 0.44, 0.7):934;(0.7, 0.9, 0.98):45	1	57	1
test/uploads/130623_065053-279648.pdf	c68fa82f376ee87c7a93d0be81e19b60fce63e599205d2e9a537aea73a67e158	512364	Adobe PDF library 15.00	adobe_ocg_v1	adobe_ocg_v1	dd47a14	1	6892	3475	103288	0.067	0.034	0.1	0.0	0.0	0	1322	13582	0	(0.44, 0.44, 0.7):1322	1	8	1
test/uploads/130623_065058-947746.pdf	dd02afc1a37aefc1d36cfb9753f15f0d167f618a16738017284be894ad198b0f	491118	Adobe PDF library 15.00	adobe_ocg_v1	adobe_ocg_v1	dd47a14	1	6892	3475	73030	0.094	0.048	0.142	0.0	0.0	0	1322	13580	0	(0.44, 0.44, 0.7):1322	1	8	1
test/uploads/130623_072952-606564.pdf	45baeac7a3fd5551a730f0af096f7034c3afd84307d8df210459696d34662660	1169587	Adobe PDF library 15.00	adobe_ocg_v1	adobe_ocg_v1	dd47a14	1	7317	4113	122535	0.06	0.034	0.093	0.0	0.0	0	12828	18467	1	(0.54, 0.78, 0.36):11429;(0.44, 0.44, 0.7):1322;(0.09, 0.51, 0.28):77	2	6	1
test/uploads/130623_072959-506324.pdf	45bdc94c756e6914c91346390df5ae9089b4adc82e7b13a843337fc350721cb3	1169685	Adobe PDF library 15.00	adobe_ocg_v1	adobe_ocg_v1	dd47a14	1	7317	4113	123350	0.059	0.033	0.093	0.0	0.0	0	12751	18544	1	(0.54, 0.78, 0.36):11429;(0.44, 0.44, 0.7):1322	2	6	1
test/uploads/130723_172632-968466.pdf	bcfc2ba417d0fe84c253cf32839e14bdcbed8fe78642fb5eb280ade888fbb2b4	196629	Adobe PDF library 17.00	adobe_ocg_v1	adobe_ocg_v1	dd47a14	1	17683	16365	39042	0.453	0.419	0.872	0.0	0.0	0	0	4994	0		2	87	1
test/uploads/130822_020624-909183.pdf	2bbbcf0806ba5f1628aa3be9d4472e0cc1072ad58af15b07d5ba33e3a3ff2bee	133862	Adobe PDF library 16.00	adobe_ocg_v1	adobe_ocg_v1	dd47a14	1	21282	20718	46993	0.453	0.441	0.894	0.0	0.0	0	0	4994	0		1	31	1
test/uploads/130822_025131-841594.pdf	c82e52335371dc3574c1206f24233903273906e7fae4fca2837f5252879dbf63	137459	Adobe PDF library 16.00	adobe_ocg_v1	adobe_ocg_v1	dd47a14	1	32630	24234	61857	0.527	0.392	0.919	0.0	0.0	0	0	4994	0		15	43	1
test/uploads/130822_030053-963158.pdf	b8af86a5c5407f1556a03f10792efd0f5c5402c47dbd9abdc4eab9719f11180c	129391	Adobe PDF library 16.00	adobe_ocg_v1	adobe_ocg_v1	dd47a14	1	25991	20650	51635	0.503	0.4	0.903	0.0	0.0	0	0	4994	0		8	24	1
test/uploads/130822_074322-847954.pdf	75eb52a6eda8106b282097b121cc5c86e1444c3ce9fc138cff78fda1e1107601	129879	Adobe PDF library 16.00	adobe_ocg_v1	adobe_ocg_v1	dd47a14	1	24573	21670	51237	0.48	0.423	0.903	0.0	0.0	0	0	4994	0		8	24	1
test/uploads/130922_091227-188924.pdf	a709505faae67f2b4e790d7dd0bc030eda39c78a22b3887b36e4eca07079d939	151878	Adobe PDF library 16.00	adobe_ocg_v1	adobe_ocg_v1	dd47a14	1	15378	10112	79742	0.193	0.127	0.32	0.0	0.0	0	48241	6012	1	(1.0, 0.0, 0.0):29035;(0.44, 0.42, 0.68):19206	7	31	1
test/uploads/130922_091237-807144.pdf	246d76e2451394bd638d6d7ff03278de6327516094ce1debd4c8709d6a2f5d2e	3675781	Adobe PDF library 16.03	adobe_ocg_v1	adobe_ocg_v1	dd47a14	1	6626	0	57467	0.115	0.0	0.115	0.0	0.0	0	23	2977	0	(0.64, 0.58, 0.32):23	1	13	0
test/uploads/131222_033503-985678.pdf	7466432fecd82a239884ca51ac5027414f79ff8fd5431d8748ac3394d176be7b	163702	Adobe PDF library 16.00	adobe_ocg_v1	adobe_ocg_v1	dd47a14	1	50799	33244	89897	0.565	0.37	0.935	0.0	0.0	0	0	5854	0		18	294	1
test/uploads/131222_055650-367997.pdf	dd18a62c0acf399e3b8648569213471766562a781b285a5404a1913f3eb2bb06	60080057	Adobe PDF library 16.07	adobe_ocg_v1	adobe_ocg_v1	dd47a14	1	29486	7582	5615769	0.005	0.001	0.007	0.0	0.0	0	0	4114393	0		5	32	0
test/uploads/131222_060457-563232.pdf	af45abd7076589fb34f048bd44d6816999e101eb0b1ac95403e9591666a4682f	129465	Adobe PDF library 16.00	adobe_ocg_v1	adobe_ocg_v1	dd47a14	1	18837	12306	36997	0.509	0.333	0.842	0.0	0.0	0	0	5854	0		4	58	1
test/uploads/131222_062927-403015.pdf	1ac5a64fa93e9ded6791baa5806f873577dbfd11316d89799738bbe33b0e5df0	146786	Adobe PDF library 16.00	adobe_ocg_v1	adobe_ocg_v1	dd47a14	1	28928	23892	57814	0.5	0.413	0.914	0.0	0.0	0	0	4994	0		8	232	1
test/uploads/131222_083930-163369.pdf	7cd4538bf0e774ba9e61374a0628a84a6a3f4eaac7131552a2943bb12bae7ad8	151896	Adobe PDF library 16.00	adobe_ocg_v1	adobe_ocg_v1	dd47a14	1	36969	17987	59949	0.617	0.3	0.917	0.0	0.0	0	0	4994	0		15	152	1
test/uploads/140223_024233-181157.pdf	1e6cedc2b0d0d69524ba3429bd5c9443fbbf6e8c1c6bd72d7d4567630d1c438e	1817348	Adobe PDF library 15.00	adobe_ocg_v1	adobe_ocg_v1	dd47a14	1	44774	7608	276312	0.162	0.028	0.19	0.0	0.0	0	11745	93471	1	(0.06, 0.66, 0.32):7437;(0.97, 0.81, 0.08):4308;(0.82, 0.75, 0.57):0;(0.41, 0.28, 0.11):0;(0.11, 0.65, 0.29):0	7	764	0
test/uploads/140223_024508-933516.pdf	5e9f6e4b86f57f08d6d3ba245087928900c6f0c5735d70c79f046cc376fff1db	1455409	Adobe PDF library 15.00	adobe_ocg_v1	adobe_ocg_v1	dd47a14	1	42823	7017	222392	0.193	0.032	0.224	0.0	0.0	0	0	69300	0	(0.11, 0.65, 0.29):0	9	762	1
test/uploads/140223_024756-952052.pdf	959f919cdb9db60323e26f7287085b2865416a965569664f5cf2e2fa32f06139	1515059	Adobe PDF library 15.00	adobe_ocg_v1	adobe_ocg_v1	dd47a14	1	47243	7881	265052	0.178	0.03	0.208	0.0	0.0	0	12263	78189	1	(0.06, 0.66, 0.32):7743;(0.97, 0.81, 0.08):4520;(0.11, 0.65, 0.29):0	6	770	0
test/uploads/140223_025117-258864.pdf	34359c16d4a22edf390f252d77fe0ce519af08ffdb7444a148b87ab2293b369e	1506858	Adobe PDF library 15.00	adobe_ocg_v1	adobe_ocg_v1	dd47a14	1	47873	8387	266284	0.18	0.031	0.211	0.0	0.0	0	13010	74521	1	(0.06, 0.66, 0.32):8317;(0.97, 0.81, 0.08):4693;(0.11, 0.65, 0.29):0	6	764	1
test/uploads/140223_030800-829271.pdf	a56d6e69c91b1958c5b4ac31e13e6de4e6e910a789d58a6ca07368e2c4ed4c68	1506198	Adobe PDF library 15.00	adobe_ocg_v1	adobe_ocg_v1	dd47a14	1	45783	8829	270832	0.169	0.033	0.202	0.0	0.0	0	14682	78691	1	(0.0, 0.61, 0.26):9394;(0.97, 0.8, 0.0):5288;(0.11, 0.65, 0.29):0	6	713	1
test/uploads/140223_031200-126552.pdf	38b3998624751afe0c44517d08037e2e1935a2890b42bf999af1c873aa7a4d8b	1571281	Adobe PDF library 15.00	adobe_ocg_v1	adobe_ocg_v1	dd47a14	1	13848	8692	289770	0.048	0.03	0.078	0.0	0.0	0	16520	95569	1	(0.06, 0.66, 0.32):9396;(0.97, 0.81, 0.08):5288;(0.47, 0.43, 0.69):1492;(0.87, 0.09, 0.51):251;(0.0, 0.59, 0.44):92;(0.11, 0.65, 0.29):0	1	42	0
test/uploads/140223_032525-833542.pdf	a80438f5e5f835be59c6e6e2360f3d3ceb153a9b74a7ae1ed0f7af0985954096	1086710	Adobe PDF library 16.03	adobe_ocg_v1	adobe_ocg_v1	dd47a14	1	2773	1831	103855	0.027	0.018	0.044	0.0	0.0	0	2073	4391	0	(0.44, 0.44, 0.7):945;(0.67, 0.31, 0.43):593;(0.0, 0.68, 0.94):217;(0.93, 0.26, 0.22):159;(0.92, 0.13, 0.15):159	2	2	0
test/uploads/140223_052705-971384.pdf	99ffa30b14d58191e32b95cf639eaf63ddc71cecbeab2b2ec290413b396d7272	145575	Adobe PDF library 16.00	adobe_ocg_v1	adobe_ocg_v1	dd47a14	1	25336	17420	47749	0.531	0.365	0.895	0.0	0.0	0	0	4994	0		8	124	1
test/uploads/140223_235412-816393.pdf	c2417f3b402ce6d4726bf3a59ac297644ff1d7778cf344187596f90e92e949d2	2296415	Adobe PDF library 17.00	adobe_ocg_v1	adobe_ocg_v1	dd47a14	1	2924	0	48100	0.061	0.0	0.061	0.0	0.0	0	5504	4989	1	(0.0, 0.68, 0.94):3738;(0.93, 0.11, 0.14):1636;(0.85, 0.11, 0.36):129	2	2	0
test/uploads/140323_080652-992827.pdf	826efc73a28fa1b0cca1032e3607b5f6dd3d17a78ab76cc4acae5602cbd5277b	143693	Adobe PDF library 17.00	adobe_ocg_v1	adobe_ocg_v1	dd47a14	1	31798	17298	54089	0.588	0.32	0.908	0.0	0.0	0	0	4994	0		12	131	1
test/uploads/140623_020012-692310.pdf	f3d85a34f2b5dc0fa96792c22db93ac2a7b13eb59ab5700634ac37ecae1c3ca3	1480247	Adobe PDF library 16.07	adobe_ocg_v1	adobe_ocg_v1	dd47a14	1	13877	3529	120190	0.115	0.029	0.145	0.0	0.0	0	10911	14568	1	(0.0, 0.68, 0.94):8293;(0.0, 0.68, 0.66):2376;(0.99, 0.85, 0.34):169;(0.98, 0.89, 0.52):33;(0.99, 0.9, 0.53):25;(0.99, 0.89, 0.49):15	5	205	0
test/uploads/140623_092924-781142.pdf	beb01eb8f9c8e096e99d232697397a79f2bb737a84c121027fe3ba3f04b74395	2092309	Adobe PDF library 16.07	adobe_ocg_v1	adobe_ocg_v1	dd47a14	1	9084	6083	103171	0.088	0.059	0.147	0.0	0.0	0	3667	14085	1	(0.0, 0.45, 0.74):1582;(0.44, 0.44, 0.7):1322;(0.94, 0.35, 0.16):487;(0.93, 0.0, 0.55):275	4	61	1
test/uploads/140722_014430.pdf	b5825c73dd5d9fce961e985fcc35dd62a06b7627959610df69da2d2fee46bec5	2737538	Adobe PDF library 16.07	adobe_ocg_v1	adobe_ocg_v1	dd47a14	1	10630	4616	103720	0.102	0.045	0.147	0.0	0.0	0	1425	21540	0	(0.4, 0.17, 0.57):1325;(0.0, 0.65, 0.32):74;(0.0, 0.68, 0.94):26	5	50	1
test/uploads/140723_124520-262476.pdf	d64495e6d5fb9b38d9e90c02acf162d34777c57241876c9893ed7cb3f6c4621c	4557519	Adobe PDF library 15.00	adobe_ocg_v1	adobe_ocg_v1	dd47a14	1	29939	1717	156246	0.192	0.011	0.203	0.0	0.0	0	12637	7032	1	(0.11, 0.1, 0.22):2964;(0.96, 0.93, 0.72):1876;(0.14, 0.13, 0.28):1788;(0.77, 0.71, 0.0):1400;(0.99, 0.92, 0.09):1230;(0.11, 0.1, 0.22):915	11	814	0
test/uploads/140723_125326-803242.pdf	69a7372c7ed54bc6b7f8f2c90bb448fba598f6908852713fe95402742f4fe6e0	344267	Adobe PDF library 15.00	adobe_ocg_v1	adobe_ocg_v1	dd47a14	1	20523	7147	70601	0.291	0.101	0.392	0.0	0.0	0	5377	34274	1	(0.92, 0.17, 0.19):3361;(0.0, 0.0, 1.0):1047;(1.0, 0.0, 0.0):969	5	22	1
test/uploads/140723_125355-412776.pdf	ccc0fde4dae0b87b97ba290539642d8434bc9bd07a97aeb445b4acce30fd24e3	376104	Adobe PDF library 15.00	adobe_ocg_v1	adobe_ocg_v1	dd47a14	1	8428	763	110333	0.076	0.007	0.083	0.0	0.0	0	26538	71325	1	(1.0, 0.0, 0.0):15070;(0.0, 0.0, 1.0):8108;(0.92, 0.17, 0.19):3361	1	13	0
test/uploads/140723_125436-149849.pdf	e2f25eb77d01162f427e22504623924d4f2722e949c98b2b2a841eef98f34b76	350883	Adobe PDF library 15.00	adobe_ocg_v1	adobe_ocg_v1	dd47a14	1	34582	7315	85148	0.406	0.086	0.492	0.0	0.0	0	5530	34443	1	(0.92, 0.17, 0.19):3361;(1.0, 0.0, 0.0):1122;(0.0, 0.0, 1.0):1047	5	121	1
test/uploads/140922_090005-755914.pdf	0773e81b62a60ab931ccdc305d694f4de92d86829a3530a8973fc321b2fc3afc	20727894	Adobe PDF library 16.07	adobe_ocg_v1	adobe_ocg_v1	dd47a14	1	22443	0	105794	0.212	0.0	0.212	0.0	0.0	0	0	576	0		1	374	0
test/uploads/140922_090009-667053.pdf	acad82939ef019085faf0242bb0199d7e98fc58d1a0a5065ebe76aec03b966d4	398851	Adobe PDF library 16.07	adobe_ocg_v1	adobe_ocg_v1	dd47a14	1	860	0	23542	0.037	0.0	0.037	0.0	0.0	0	2292	0	1	(0.0, 0.65, 0.32):2292	1	16	0
test/uploads/141022_031237-547948.pdf	1a4109eb9837ca8e1f5b0e677d0cedad0b8aa51271a1743398d513da353868ac	135894	Adobe PDF library 16.00	adobe_ocg_v1	adobe_ocg_v1	dd47a14	1	31833	5413	42240	0.754	0.128	0.882	0.0	0.0	0	0	4994	0		12	84	1
test/uploads/141122_032446-892733.pdf	79eb92d4c4152496330cfb91839573bc913724b67e403008330c82ffc25ad1b3	150863	Adobe PDF library 16.00	adobe_ocg_v1	adobe_ocg_v1	dd47a14	1	37618	22333	64945	0.579	0.344	0.923	0.0	0.0	0	0	4994	0		6	160	1
test/uploads/141122_060538-365475.pdf	0927398ff618e06eb0c86be4114d15d2bb7dc69fdb919a3df2d079cdb8f503ff	170888	Adobe PDF library 16.00	adobe_ocg_v1	adobe_ocg_v1	dd47a14	1	42299	36308	83601	0.506	0.434	0.94	0.0	0.0	0	0	4994	0		12	566	1
test/uploads/141122_072505-362268.pdf	3830b0586358bf13a35a0f427476a3143884b79e52ea86be5d1e6bb1ff81431c	116908	Adobe PDF library 16.00	adobe_ocg_v1	adobe_ocg_v1	dd47a14	1	18563	7559	31116	0.597	0.243	0.84	0.0	0.0	0	0	4994	0		4	22	1
test/uploads/141122_072712-391489.pdf	3830b0586358bf13a35a0f427476a3143884b79e52ea86be5d1e6bb1ff81431c	116908	Adobe PDF library 16.00	adobe_ocg_v1	adobe_ocg_v1	dd47a14	1	18563	7559	31116	0.597	0.243	0.84	0.0	0.0	0	0	4994	0		4	22	1
test/uploads/141122_072754-922411.pdf	3830b0586358bf13a35a0f427476a3143884b79e52ea86be5d1e6bb1ff81431c	116908	Adobe PDF library 16.00	adobe_ocg_v1	adobe_ocg_v1	dd47a14	1	18563	7559	31116	0.597	0.243	0.84	0.0	0.0	0	0	4994	0		4	22	1
test/uploads/141122_073238-801688.pdf	2a650dadc1a5595d601095fa89d75679ed1d8b8139395f18e9a0293fd5d9b476	113902	Adobe PDF library 16.00	adobe_ocg_v1	adobe_ocg_v1	dd47a14	1	17720	8669	31383	0.565	0.276	0.841	0.0	0.0	0	0	4994	0		4	20	1
test/uploads/141122_082704-349287.pdf	3830b0586358bf13a35a0f427476a3143884b79e52ea86be5d1e6bb1ff81431c	116908	Adobe PDF library 16.00	adobe_ocg_v1	adobe_ocg_v1	dd47a14	1	18563	7559	31116	0.597	0.243	0.84	0.0	0.0	0	0	4994	0		4	22	1
test/uploads/141122_083537-181029.pdf	3830b0586358bf13a35a0f427476a3143884b79e52ea86be5d1e6bb1ff81431c	116908	Adobe PDF library 16.00	adobe_ocg_v1	adobe_ocg_v1	dd47a14	1	18563	7559	31116	0.597	0.243	0.84	0.0	0.0	0	0	4994	0		4	22	1
test/uploads/141122_083853-811176.pdf	3830b0586358bf13a35a0f427476a3143884b79e52ea86be5d1e6bb1ff81431c	116908	Adobe PDF library 16.00	adobe_ocg_v1	adobe_ocg_v1	dd47a14	1	18563	7559	31116	0.597	0.243	0.84	0.0	0.0	0	0	4994	0		4	22	1
test/uploads/141122_084221-591312.pdf	2a650dadc1a5595d601095fa89d75679ed1d8b8139395f18e9a0293fd5d9b476	113902	Adobe PDF library 16.00	adobe_ocg_v1	adobe_ocg_v1	dd47a14	1	17720	8669	31383	0.565	0.276	0.841	0.0	0.0	0	0	4994	0		4	20	1
test/uploads/141122_085734-556741.pdf	78472bde26cb6a3ad4ec98baf75ad8360efbf0233471d652a7a9c5b2f6f970f0	118465	Adobe PDF library 16.00	adobe_ocg_v1	adobe_ocg_v1	dd47a14	1	10509	7763	23265	0.452	0.334	0.785	0.0	0.0	0	0	4994	0		1	59	1
test/uploads/141222_014606-644533.pdf	7fe1f0d920f95e18b5bc025f467b7b59f7fdb72d195cc481441ba173851e4abb	125210	Adobe PDF library 16.00	adobe_ocg_v1	adobe_ocg_v1	dd47a14	1	18916	12722	36631	0.516	0.347	0.864	0.0	0.0	0	0	4994	0		4	78	1
test/uploads/141222_021301-748792.pdf	1a0453ae21e5ef3e4c8710746adbed376700e91b96b21243c97ecdf88e74320d	143397	Adobe PDF library 16.00	adobe_ocg_v1	adobe_ocg_v1	dd47a14	1	26998	23337	55329	0.488	0.422	0.91	0.0	0.0	0	0	4994	0		6	224	1
test/uploads/141222_053600-135922.pdf	fc8a1e51e8dac52ee9d9b46e1e3a3282f20b84d306c8524b11026e4a4a586395	820143	Adobe PDF library 15.00	adobe_ocg_v1	adobe_ocg_v1	dd47a14	1	32997	3341	94898	0.348	0.035	0.383	0.0	0.0	0	548	96	0	(1.0, 0.88, 0.0):265;(0.96, 0.5, 0.16):135;(0.25, 0.5, 0.76):100;(0.0, 0.45, 0.74):33;(0.96, 0.49, 0.12):15	10	808	1
test/uploads/141222_063746-514826.pdf	e2435470b2bc2eb031463012502db7668fcb76d359fc89b40bcea71474194f7c	7030325	Adobe PDF library 16.07	adobe_ocg_v1	adobe_ocg_v1	dd47a14	1	6236	5849	69974	0.089	0.084	0.173	0.0	0.0	0	5289	19328	1	(0.88, 0.1, 0.13):3544;(0.44, 0.44, 0.7):1322;(0.15, 0.14, 0.37):217;(0.93, 0.0, 0.55):206	1	65	1
test/uploads/141222_081147-892166.pdf	e9d6ae9bb3788e1fddc7dd949a365a268ea5500e41e11048ba4e4e84d08f2fe4	147673	Adobe PDF library 16.00	adobe_ocg_v1	adobe_ocg_v1	dd47a14	1	46010	23062	74066	0.621	0.311	0.933	0.0	0.0	0	0	4994	0		8	181	1
test/uploads/141222_085728-923453.pdf	97415131ad30191a42fd5ebbbfe077afe7563ca14eb0606421108f2fb53bee55	138857	Adobe PDF library 16.00	adobe_ocg_v1	adobe_ocg_v1	dd47a14	1	22096	10742	37832	0.584	0.284	0.868	0.0	0.0	0	0	4994	0		2	420	1
test/uploads/150223_004009-217542.pdf	949c9402e8c04f830d8a1da17bcd00599fcdc9789e6af3a6b3c8333e2716e0a4	139180	Adobe PDF library 16.00	adobe_ocg_v1	adobe_ocg_v1	dd47a14	1	23632	17676	46302	0.51	0.382	0.892	0.0	0.0	0	0	4994	0		12	138	1
test/uploads/150223_033157-477971.pdf	8f367b95ed4fcdcca1b1391c57386b3bb8883865d0d9e6411bb62aef49879208	1392393	Adobe PDF library 16.03	adobe_ocg_v1	adobe_ocg_v1	dd47a14	1	6047	5306	91648	0.066	0.058	0.124	0.0	0.0	0	0	3757	0		1	1	1
test/uploads/150223_045029-951030.pdf	73a7219c3230af96493845f7f8e7ac5a3cc213101a3b4d0f8fca3813b8cf74aa	278757	Adobe PDF library 16.07	adobe_ocg_v1	adobe_ocg_v1	dd47a14	1	29832	14246	44078	0.677	0.323	1.0	0.0	0.0	0	0	0	0		10	154	1
test/uploads/150223_045243-443743.pdf	7b871ce06b948872544eaad1c73b0124950eebb2060ae639a07e91d66850edfe	19500595	Adobe PDF library 16.07	adobe_ocg_v1	adobe_ocg_v1	dd47a14	1	4548	2343	71612	0.064	0.033	0.096	0.0	0.0	0	1182	6190	0	(0.44, 0.44, 0.7):934;(0.0, 0.68, 0.94):249	2	21	1
test/uploads/150223_045355-784231.pdf	73a7219c3230af96493845f7f8e7ac5a3cc213101a3b4d0f8fca3813b8cf74aa	278757	Adobe PDF library 16.07	adobe_ocg_v1	adobe_ocg_v1	dd47a14	1	29832	14246	44078	0.677	0.323	1.0	0.0	0.0	0	0	0	0		10	154	1
test/uploads/150323_054432-761528.pdf	bf9e28907d464bfcbc6d79ae989ca2b12e17cf0b3911b2d645d2c3cbc6d510f7	988443	Adobe PDF library 16.07	adobe_ocg_v1	adobe_ocg_v1	dd47a14	1	18991	4902	184341	0.103	0.027	0.13	0.0	0.0	0	35302	5425	1	(0.93, 0.0, 0.55):32051;(0.4, 0.17, 0.57):3189;(0.0, 0.68, 0.94):62	6	107	0
test/uploads/150323_081026-466319.pdf	864c4abc890901a99aecb24b2299d3b6183fe6b61a853e9005ba7005cd9a4cef	138834	Adobe PDF library 17.00	adobe_ocg_v1	adobe_ocg_v1	dd47a14	1	20819	13324	39406	0.528	0.338	0.866	0.0	0.0	0	0	5263	0		8	139	1
test/uploads/150323_092743-746810.pdf	9aa85aea06b12fd81c55477c59f5fcd1893ab3b2ed7e3c08069cf3d1de30b02e	142799	Adobe PDF library 17.00	adobe_ocg_v1	adobe_ocg_v1	dd47a14	1	27668	18439	51371	0.539	0.359	0.898	0.0	0.0	0	0	5263	0		8	46	1
test/uploads/150523_014028-145144.pdf	79fda94636855dcdee26e260f0cf9f3c0920cd8f79fd96b71377f54feb3cef6c	2583059	Adobe PDF library 16.07	adobe_ocg_v1	adobe_ocg_v1	dd47a14	1	3492	2883	60326	0.058	0.048	0.106	0.0	0.0	0	430	7730	0	(0.0, 0.68, 0.94):430	2	2	1
test/uploads/150523_014948-654021.pdf	5f3b5c76cd112fb63d15602d046e80d342b9851b71d6b63f0b7e972cd2063eac	2614531	Adobe PDF library 16.04	adobe_ocg_v1	adobe_ocg_v1	dd47a14	1	1800	1508	41700	0.043	0.036	0.079	0.0	0.0	0	173	5535	0	(0.0, 0.68, 0.94):173	1	2	1
test/uploads/150523_032258-609717.pdf	effa1927d36653a8b3243fb2079039971f5d0256397e18b26b82a38d7bf93c93	141826	Adobe PDF library 17.00	adobe_ocg_v1	adobe_ocg_v1	dd47a14	1	22603	17009	44605	0.507	0.381	0.888	0.0	0.0	0	0	4994	0		8	114	1
test/uploads/150523_060725-809062.pdf	da4552ca2dcc95f4f34c940209ae5f7239ad641cfc075432237bee065f4cd42e	2919118	Adobe PDF library 16.07	adobe_ocg_v1	adobe_ocg_v1	dd47a14	1	0	73703	73703	0.0	1.0	1.0	0.0	0.0	0	0	0	0		0	0	0
test/uploads/150523_062458-454821.pdf	da4552ca2dcc95f4f34c940209ae5f7239ad641cfc075432237bee065f4cd42e	2919118	Adobe PDF library 16.07	adobe_ocg_v1	adobe_ocg_v1	dd47a14	1	0	73703	73703	0.0	1.0	1.0	0.0	0.0	0	0	0	0		0	0	0
test/uploads/150523_072018-336857.pdf	08edc36fcdeaae7396e8ada10fa7d72609c3c0ef486f1eb1f470267076d4851b	65834	Adobe PDF library 16.07	adobe_ocg_v1	adobe_ocg_v1	dd47a14	1	6671	3584	10255	0.65	0.35	1.0	0.0	0.0	0	0	0	0		1	127	1
test/uploads/150622_091817.pdf	f78a86c4c92381e637f52ba368b23865a4149e327b4107a49fa9021509f893cd	1866464	Adobe PDF library 16.07	adobe_ocg_v1	adobe_ocg_v1	dd47a14	1	24937	0	56885	0.438	0.0	0.438	0.0	0.0	0	34	9112	0	(0.93, 0.12, 0.14):34	4	70	0
test/uploads/150623_013607-236197.pdf	beb01eb8f9c8e096e99d232697397a79f2bb737a84c121027fe3ba3f04b74395	2092309	Adobe PDF library 16.07	adobe_ocg_v1	adobe_ocg_v1	dd47a14	1	9084	6083	103171	0.088	0.059	0.147	0.0	0.0	0	3667	14085	1	(0.0, 0.45, 0.74):1582;(0.44, 0.44, 0.7):1322;(0.94, 0.35, 0.16):487;(0.93, 0.0, 0.55):275	4	61	1
test/uploads/150623_013823-792731.pdf	beb01eb8f9c8e096e99d232697397a79f2bb737a84c121027fe3ba3f04b74395	2092309	Adobe PDF library 16.07	adobe_ocg_v1	adobe_ocg_v1	dd47a14	1	9084	6083	103171	0.088	0.059	0.147	0.0	0.0	0	3667	14085	1	(0.0, 0.45, 0.74):1582;(0.44, 0.44, 0.7):1322;(0.94, 0.35, 0.16):487;(0.93, 0.0, 0.55):275	4	61	1
test/uploads/150623_032612-613749.pdf	337fd5825ca5a51b5bcc524cda01cbe6f449c6e78a2819d41dc4bdf187ccddd7	2491905	Adobe PDF library 16.07	adobe_ocg_v1	adobe_ocg_v1	dd47a14	1	9084	6129	81531	0.111	0.075	0.187	0.0	0.0	0	1714	10854	1	(0.44, 0.44, 0.7):1322;(0.0, 0.68, 0.94):206;(0.98, 0.69, 0.1):116;(0.0, 0.65, 0.32):69	4	61	1
test/uploads/150623_073932-998437.pdf	9a481330d07e6e2d862a24411e15bfaf5ee42bfea73d435a2ca90514e0ff8c1f	194299	Adobe PDF library 17.00	adobe_ocg_v1	adobe_ocg_v1	dd47a14	1	40697	26037	71728	0.567	0.363	0.93	0.0	0.0	0	0	4994	0		8	155	1
test/uploads/150822_034940-957151.pdf	ff7f5302117202307c791e6347632beea136c51c1114404cccd687778f9f4e99	134695	Adobe PDF library 16.00	adobe_ocg_v1	adobe_ocg_v1	dd47a14	1	16264	11278	33396	0.487	0.338	0.825	0.0	0.0	0	0	5854	0		2	370	1
test/uploads/150822_095908-775884.pdf	76c50a444cea7522694967110a80e9ffc5e343f755aa67734c14b72db708537e	120999	Adobe PDF library 16.00	adobe_ocg_v1	adobe_ocg_v1	dd47a14	1	31264	7381	43639	0.716	0.169	0.886	0.0	0.0	0	0	4994	0		10	26	1
test/uploads/150922_054441-561341.pdf	357fedf055d60c3cd37080decfa98b26e6009f75af6d6a436c1268b4a5bc57ae	154278	Adobe PDF library 16.00	adobe_ocg_v1	adobe_ocg_v1	dd47a14	1	28039	16163	49196	0.57	0.329	0.898	0.0	0.0	0	0	4994	0		4	412	1
test/uploads/151122_004251-913490.pdf	7d5830c9d6598eb19a4732ce5f9d4bb0817ec354f5bb667a50368560a779687b	1095504	Adobe PDF library 15.00	adobe_ocg_v1	adobe_ocg_v1	dd47a14	1	28405	2851	86374	0.329	0.033	0.362	0.0	0.0	0	6443	878	1	(0.0, 0.6, 0.51):6422;(0.71, 0.48, 0.34):22	11	715	1
test/uploads/151122_004259-222295.pdf	1575ddd7bdcc9a48ee2b5a6e2282514e0c5c44bba48617e3351b1039b850bdac	330130	Adobe PDF library 15.00	adobe_ocg_v1	adobe_ocg_v1	dd47a14	1	17689	11705	29496	0.6	0.397	0.997	0.0	0.0	0	102	0	0	(0.93, 0.11, 0.14):102	8	168	1
test/uploads/151122_010420-289830.pdf	860dfbe4b44a64407fc732a894dd80f73094ac7bfcdad7a85f062407b6a762eb	150094	Adobe PDF library 16.00	adobe_ocg_v1	adobe_ocg_v1	dd47a14	1	77072	652	82717	0.932	0.008	0.94	0.0	0.0	0	0	4994	0		9	118	0
test/uploads/151122_063155-706182.pdf	7ff7a19efa12a78c03efe0137a2990143adeccf4623b13464bced89d931686fa	139629	Adobe PDF library 16.00	adobe_ocg_v1	adobe_ocg_v1	dd47a14	1	23360	13684	42038	0.556	0.326	0.881	0.0	0.0	0	0	4994	0		9	202	1
test/uploads/151222_014828-952199.pdf	9d0049776e1cf55f90d0c9add168ef2db24c06f11714783bffea63a9596dbeb6	137460	Adobe PDF library 16.00	adobe_ocg_v1	adobe_ocg_v1	dd47a14	1	18246	10991	35091	0.52	0.313	0.833	0.0	0.0	0	0	5854	0		6	76	1
test/uploads/151222_065704-768370.pdf	3de54620fae13ad503e15e0e839b073fbd7a5fcd585387ed6a719606dfc50b16	160462	Adobe PDF library 16.00	adobe_ocg_v1	adobe_ocg_v1	dd47a14	1	48728	26406	80127	0.608	0.33	0.938	0.0	0.0	0	0	4994	0		15	108	1
test/uploads/160123_071238-384341.pdf	3650485072e70a34be4d8d86283d618ebfbafdd379ea44305e276fcd7bd3c17e	132143	Adobe PDF library 16.00	adobe_ocg_v1	adobe_ocg_v1	dd47a14	1	20367	14673	40034	0.509	0.367	0.875	0.0	0.0	0	0	4994	0		4	86	1
test/uploads/160123_071740-398571.pdf	3650485072e70a34be4d8d86283d618ebfbafdd379ea44305e276fcd7bd3c17e	132143	Adobe PDF library 16.00	adobe_ocg_v1	adobe_ocg_v1	dd47a14	1	20367	14673	40034	0.509	0.367	0.875	0.0	0.0	0	0	4994	0		4	86	1
test/uploads/160123_082207-862617.pdf	c96789b39ef647bc3a33268bdbb7eeafaaea3820d9be8dc9b0af3ed9f2cf1f08	135158	Adobe PDF library 16.00	adobe_ocg_v1	adobe_ocg_v1	dd47a14	1	15993	12075	33062	0.484	0.365	0.849	0.0	0.0	0	0	4994	0		6	167	1
test/uploads/160123_084840-965917.pdf	ac629478ae2ef8d2cc5d8f4e2781f26cbec7e168aa14c6afba8e2e44634d7017	1555020	Adobe PDF library 16.07	adobe_ocg_v1	adobe_ocg_v1	dd47a14	1	5314	3845	257772	0.021	0.015	0.036	0.0	0.0	0	0	167	0		3	3	0
test/uploads/160223_002537-325962.pdf	3fac44e014a8d3ec171e8042ab4d157268c3b5f99043fcd6a07c8291bb43067b	1136756	Adobe PDF library 16.07	adobe_ocg_v1	adobe_ocg_v1	dd47a14	1	3717	1866	72092	0.052	0.026	0.077	0.0	0.0	0	17915	5532	1	(0.0, 0.68, 0.94):16981;(0.44, 0.44, 0.7):934	2	8	0
test/uploads/160223_044945-756389.pdf	65b4ef2857daa5c30942c2689033e8ed17bf97f7d03dcb3f126d7b7539b71084	34756641	Adobe PDF library 15.00	adobe_ocg_v1	adobe_ocg_v1	dd47a14	1	1198	0	30423	0.039	0.0	0.039	0.0	0.0	0	5037	6447	1	(0.0, 0.5, 0.26):4673;(0.18, 0.39, 0.19):364;(0.93, 0.11, 0.14):0	1	28	0
test/uploads/160323_030418-752433.pdf	acb1ce61a455e43fbb32d4fb2ec15bff3b7f97a0e6a258604a149627e920301e	144694	Adobe PDF library 17.00	adobe_ocg_v1	adobe_ocg_v1	dd47a14	1	30579	16867	52439	0.583	0.322	0.905	0.0	0.0	0	0	4994	0		12	154	1
test/uploads/160323_064802-479260.pdf	42970a1c72f591739e67bc2305a2fc028329cceb7639b86cb41aebe446ce3a8e	145114	Adobe PDF library 17.00	adobe_ocg_v1	adobe_ocg_v1	dd47a14	1	18372	9523	32889	0.559	0.29	0.848	0.0	0.0	0	0	4994	0		2	412	1
test/uploads/160323_072639-166458.pdf	0b13396a44d0a00736618a38817dadc402e111615e264a517954410b0e606cca	140868	Adobe PDF library 17.00	adobe_ocg_v1	adobe_ocg_v1	dd47a14	1	20632	12076	37701	0.547	0.32	0.868	0.0	0.0	0	0	4994	0		6	128	1
test/uploads/160323_084430-304036.pdf	7a6d0b4504cd8611f70dc7d1338bf63f5b40b9ab6c05196f0b87118af7c40fb7	182496	Adobe PDF library 17.00	adobe_ocg_v1	adobe_ocg_v1	dd47a14	1	28981	17143	51117	0.567	0.335	0.902	0.0	0.0	0	0	4994	0		10	869	1
test/uploads/160623_013448-686659.pdf	3704aa3d5ac1abdb103a8cfe3b7b05f10466c8044ed5ff3bd76b78459bb59c87	194849	Adobe PDF library 17.00	adobe_ocg_v1	adobe_ocg_v1	dd47a14	1	61936	39443	106373	0.582	0.371	0.953	0.0	0.0	0	0	4994	0		6	694	1
test/uploads/160623_064944-868162.pdf	b33f8afa023f9517610aac1b47b0aa10d19468a9ce7a9f5edb777850b9117f04	206931	Adobe PDF library 17.00	adobe_ocg_v1	adobe_ocg_v1	dd47a14	1	82295	52591	139880	0.588	0.376	0.964	0.0	0.0	0	0	4994	0		8	924	1
test/uploads/160623_065003-509322.pdf	81d5d06729bf36bffc34678c61720e62873d0d65a6d0375e4a0c44816771c33f	200635	Adobe PDF library 17.00	adobe_ocg_v1	adobe_ocg_v1	dd47a14	1	92475	59164	156920	0.589	0.377	0.966	0.0	0.0	0	0	5281	0		9	1033	1
test/uploads/160623_065251-393171.pdf	3704aa3d5ac1abdb103a8cfe3b7b05f10466c8044ed5ff3bd76b78459bb59c87	194849	Adobe PDF library 17.00	adobe_ocg_v1	adobe_ocg_v1	dd47a14	1	61936	39443	106373	0.582	0.371	0.953	0.0	0.0	0	0	4994	0		6	694	1
test/uploads/160623_090457-996280.pdf	80bfbfa5fe586aee10fc2a91af0e031b478745a7026def17b5d432ca2365d11c	162692	Adobe PDF library 17.00	adobe_ocg_v1	adobe_ocg_v1	dd47a14	1	18299	13415	36708	0.499	0.365	0.864	0.0	0.0	0	0	4994	0		8	112	1
test/uploads/160722_043610.pdf	d5c8930e8f29a4229670b38432eea0706ba0197797d5904690540cc147e3817c	89011	Adobe PDF library 16.00	adobe_ocg_v1	adobe_ocg_v1	dd47a14	1	29625	19463	54082	0.548	0.36	0.908	0.0	0.0	0	0	4994	0		12	28	1
test/uploads/160722_054637.pdf	d5c8930e8f29a4229670b38432eea0706ba0197797d5904690540cc147e3817c	89011	Adobe PDF library 16.00	adobe_ocg_v1	adobe_ocg_v1	dd47a14	1	29625	19463	54082	0.548	0.36	0.908	0.0	0.0	0	0	4994	0		12	28	1
test/uploads/160722_055618.pdf	dd126fa4207eb5bb155e3f6d2bcc424792e1a3a20cb2a969f1d9e158f43a862c	88607	Adobe PDF library 16.00	adobe_ocg_v1	adobe_ocg_v1	dd47a14	1	29581	19565	54140	0.546	0.361	0.908	0.0	0.0	0	0	4994	0		12	28	1
test/uploads/161122_023806-684713.pdf	0bacb2380a4151b1b7c0c1dc8636d2af6e091607f99612c311d2013058a46598	130890	Adobe PDF library 16.00	adobe_ocg_v1	adobe_ocg_v1	dd47a14	1	42475	256	47725	0.89	0.005	0.895	0.0	0.0	0	0	4994	0		6	77	0
test/uploads/161122_023928-217871.pdf	0bacb2380a4151b1b7c0c1dc8636d2af6e091607f99612c311d2013058a46598	130890	Adobe PDF library 16.00	adobe_ocg_v1	adobe_ocg_v1	dd47a14	1	42475	256	47725	0.89	0.005	0.895	0.0	0.0	0	0	4994	0		6	77	0
test/uploads/170123_032822-228088.pdf	767bcb0b5ac9088e766726e6791ecc799366d0ea1548feccd7efc91f22705516	4455016	Adobe PDF library 17.00	adobe_ocg_v1	adobe_ocg_v1	dd47a14	1	5314	3845	102775	0.052	0.037	0.089	0.0	0.0	0	8647	608	1	(0.49, 0.06, 0.19):5664;(0.48, 0.06, 0.18):2193;(0.95, 0.42, 0.51):727;(0.94, 0.72, 0.53):64	3	3	1
test/uploads/170123_074117-241573.pdf	9a5ce1073e5f37bfec730963ff8c6e9dca524608b5b9bec24d732be61a8ba1a7	6835102	Adobe PDF library 16.07	adobe_ocg_v1	adobe_ocg_v1	dd47a14	1	6648	4126	1693291	0.004	0.002	0.006	0.0	0.0	0	4702	11628	0	(0.93, 0.0, 0.55):3173;(0.44, 0.44, 0.7):1322;(0.0, 0.68, 0.94):206	1	41	0
test/uploads/170223_005247-721137.pdf	6d642210b152d7bfb8aaf20767c46c409e255abd131bb307caa14ab729d0add0	4429468	Adobe PDF library 17.00	adobe_ocg_v1	adobe_ocg_v1	dd47a14	1	6442	5964	147806	0.044	0.04	0.084	0.0	0.0	0	3709	5734	1	(0.4, 0.17, 0.57):3490;(0.37, 0.18, 0.57):136;(0.0, 0.68, 0.94):83	2	21	1
test/uploads/170223_031549-337726.pdf	14ebeef7eb83a91d4d3d802f2ab8793444e1d8abf0d4f5574f0ac45ba995bdb8	147324	Adobe PDF library 16.00	adobe_ocg_v1	adobe_ocg_v1	dd47a14	1	20779	9832	35604	0.584	0.276	0.86	0.0	0.0	0	0	4994	0		2	500	1
test/uploads/170223_032336-169337.pdf	0561c42ea9f5e23fd14ebe6bff12de7c1d9d247b8c8bc364f45e86ba6411d3f3	3610428	Adobe PDF library 16.07	adobe_ocg_v1	adobe_ocg_v1	dd47a14	1	5222	3177	128975	0.04	0.025	0.065	0.0	0.0	0	10247	10326	1	(0.0, 0.68, 0.94):8399;(0.44, 0.44, 0.7):1322;(0.35, 0.31, 0.18):262;(0.98, 0.88, 0.56):262	2	22	0
test/uploads/170223_032939-245475.pdf	4e20bb65ab7d17616773b582ba6ad13277e02b2d9a1d80041c262c571e767c4c	147986	Adobe PDF library 16.00	adobe_ocg_v1	adobe_ocg_v1	dd47a14	1	18272	8027	31292	0.584	0.257	0.84	0.0	0.0	0	0	4994	0		2	484	1
test/uploads/170223_052300-296942.pdf	6178d367519aa555e0d15314862d5deb785e7d91f162b172b243858439d82735	148100	Adobe PDF library 16.00	adobe_ocg_v1	adobe_ocg_v1	dd47a14	1	23763	14959	43716	0.544	0.342	0.886	0.0	0.0	0	0	4994	0		8	232	1
test/uploads/170223_053630-211666.pdf	c54eacf805c2f5cef63d6202434ed626b462b375a772b9eabe53122b3cca622b	143664	Adobe PDF library 16.00	adobe_ocg_v1	adobe_ocg_v1	dd47a14	1	27230	15386	47610	0.572	0.323	0.895	0.0	0.0	0	0	4994	0		9	147	1
test/uploads/170223_054134-887714.pdf	ba69267dfb435b8ba8c20d93758e3748f2f751488934b15be9518ac5d6ba17a8	291687	Adobe PDF library 16.07	adobe_ocg_v1	adobe_ocg_v1	dd47a14	1	25644	11745	37388	0.686	0.314	1.0	0.0	0.0	0	0	0	0		8	149	1
test/uploads/170223_054242-316291.pdf	d4b7c111e38138d4d0a1903d35f1d224c8ed2fa9e97263df3c1cd34fc7782fa0	15101141	Adobe PDF library 16.03	adobe_ocg_v1	adobe_ocg_v1	dd47a14	1	3618	2559	77644	0.047	0.033	0.08	0.0	0.0	0	1391	5674	0	(0.44, 0.44, 0.7):1161;(0.0, 0.68, 0.94):230	2	4	1
test/uploads/170323_070354-747887.pdf	c0cff496b5977b20ffed66facfa2ab2b04fe69ccd9c6f83359321444dbb4eaca	791330	Adobe PDF library 15.00	adobe_ocg_v1	adobe_ocg_v1	dd47a14	1	44224	4368	137212	0.322	0.032	0.354	0.0	0.0	0	1487	0	0	(0.86, 0.68, 0.0):1487	9	828	1
test/uploads/170323_084730-916761.pdf	c364c9e2174aa8a207a090f8d422ffbbd2999ece91b906a1a9f97aed7e75ebf7	814311	Adobe PDF library 16.07	adobe_ocg_v1	adobe_ocg_v1	dd47a14	1	4934	2005	87795	0.056	0.023	0.079	0.0	0.0	0	1691	7593	0	(0.44, 0.44, 0.7):1322;(0.74, 0.83, 0.9):231;(0.93, 0.11, 0.14):138;(0.02, 0.17, 0.28):0	1	5	0
test/uploads/170323_091234-809364.pdf	62ca867f1458bf6610e0032a8106477f8aa70e5a3a289dc8f96fa90221e6e3c3	1224997	Adobe PDF library 16.07	adobe_ocg_v1	adobe_ocg_v1	dd47a14	1	4934	2005	87673	0.056	0.023	0.079	0.0	0.0	0	1691	7598	0	(0.44, 0.44, 0.7):1322;(0.74, 0.83, 0.9):231;(0.93, 0.11, 0.14):138;(0.02, 0.17, 0.28):0	1	5	0
test/uploads/170323_091257-471282.pdf	f8cdb73e9b7c7a97928e1bc3a808afe83d47d70be5a9cba56a0635153e855779	1701260	Adobe PDF library 16.07	adobe_ocg_v1	adobe_ocg_v1	dd47a14	1	4934	2005	87724	0.056	0.023	0.079	0.0	0.0	0	1691	7593	0	(0.44, 0.44, 0.7):1322;(0.74, 0.83, 0.9):231;(0.93, 0.11, 0.14):138;(0.02, 0.17, 0.28):0	1	5	0
test/uploads/170323_091341-882469.pdf	19c4687ed9eef3509aa409e0f0f2fcc65bf2f8667f5b69331ac43d7716bc0c8d	843030	Adobe PDF library 16.07	adobe_ocg_v1	adobe_ocg_v1	dd47a14	1	4934	2005	86981	0.057	0.023	0.08	0.0	0.0	0	1691	7483	0	(0.44, 0.44, 0.7):1322;(0.74, 0.83, 0.9):231;(0.93, 0.11, 0.14):138;(0.02, 0.17, 0.28):0	1	5	0
test/uploads/170323_091355-198055.pdf	c364c9e2174aa8a207a090f8d422ffbbd2999ece91b906a1a9f97aed7e75ebf7	814311	Adobe PDF library 16.07	adobe_ocg_v1	adobe_ocg_v1	dd47a14	1	4934	2005	87795	0.056	0.023	0.079	0.0	0.0	0	1691	7593	0	(0.44, 0.44, 0.7):1322;(0.74, 0.83, 0.9):231;(0.93, 0.11, 0.14):138;(0.02, 0.17, 0.28):0	1	5	0
test/uploads/170323_091403-542666.pdf	112c13009e137458ea6fcde9e588015aba6e91129cd01d91dbae94aa04c0da06	1461148	Adobe PDF library 16.07	adobe_ocg_v1	adobe_ocg_v1	dd47a14	1	4934	2005	87359	0.056	0.023	0.079	0.0	0.0	0	1691	7606	0	(0.44, 0.44, 0.7):1322;(0.74, 0.83, 0.9):231;(0.93, 0.11, 0.14):138;(0.02, 0.17, 0.28):0	1	5	0
test/uploads/170323_095227-125199.pdf	62ca867f1458bf6610e0032a8106477f8aa70e5a3a289dc8f96fa90221e6e3c3	1224997	Adobe PDF library 16.07	adobe_ocg_v1	adobe_ocg_v1	dd47a14	1	4934	2005	87673	0.056	0.023	0.079	0.0	0.0	0	1691	7598	0	(0.44, 0.44, 0.7):1322;(0.74, 0.83, 0.9):231;(0.93, 0.11, 0.14):138;(0.02, 0.17, 0.28):0	1	5	0
test/uploads/170423_022626-944146.pdf	774913f3ba858af85e6b7596862a4fed89167016ebd1a1d782f1e5ac3d918579	2202090	Adobe PDF library 16.07	adobe_ocg_v1	adobe_ocg_v1	dd47a14	1	3400	2511	158260	0.021	0.016	0.037	0.0	0.0	0	2534	5997	0	(0.44, 0.44, 0.7):934;(0.96, 0.59, 0.67):757;(0.59, 0.82, 0.63):610;(0.18, 0.19, 0.57):232;(0.93, 0.11, 0.14):0	2	20	0
test/uploads/170423_023526-951030.pdf	75ebcbef29b49dd44ee3ac2c975a3f59642f37a2b321985982b899a4dd3292c5	139548	Adobe PDF library 17.00	adobe_ocg_v1	adobe_ocg_v1	dd47a14	1	17546	11042	33581	0.522	0.329	0.851	0.0	0.0	0	0	4994	0		6	113	1
test/uploads/170423_024003-247576.pdf	2aed900e2371e0983227a0cd1af35c3b42ec5e581d82310dc6a7f2c431ce05f0	152037	Adobe PDF library 16.00	adobe_ocg_v1	adobe_ocg_v1	dd47a14	1	34738	22271	62002	0.56	0.359	0.919	0.0	0.0	0	0	4994	0		8	202	1
test/uploads/170423_031154-668999.pdf	c02cc4eac855509dbcb37b3d38aabd89fe7d862f0eba97c2fc88b553ea88a3d1	133114	Adobe PDF library 17.00	adobe_ocg_v1	adobe_ocg_v1	dd47a14	1	17404	13399	35797	0.486	0.374	0.86	0.0	0.0	0	0	4994	0		9	25	1
test/uploads/170423_042543-872224.pdf	7e41774248b684e047107e6db80e22c24501d0c38751b6f6697fa26893678598	127546	Adobe PDF library 17.00	adobe_ocg_v1	adobe_ocg_v1	dd47a14	1	11414	9044	25452	0.448	0.355	0.804	0.0	0.0	0	0	4994	0		2	29	1
test/uploads/170622_024347.pdf	ab8a79c19a081abe1fc638f4002908288be71cc7a69ddc49eff3b3833419e644	15633751	Adobe PDF library 16.07	adobe_ocg_v1	adobe_ocg_v1	dd47a14	1	8145	4892	355265	0.023	0.014	0.037	0.0	0.0	0	6912	7672	0	(0.54, 0.37, 0.32):2170;(0.28, 0.16, 0.18):1561;(0.66, 0.56, 0.39):1298;(0.37, 0.22, 0.09):986;(0.89, 0.67, 0.35):408;(1.0, 0.8, 0.36):312	2	5	0
test/uploads/170623_034446-402841.pdf	ca0fb08ff6f6093ccebc20c31f74d5312a55d39fad06079e0b1cbc71be93c20e	7970883	Adobe PDF library 17.00	adobe_ocg_v1	adobe_ocg_v1	dd47a14	1	24597	9935	1240374	0.02	0.008	0.028	0.0	0.0	0	46	10686	0	(0.58, 0.79, 0.24):46	1	232	0
test/uploads/170822_023645-439830.pdf	a07fb10c0978595f25ee6267eab0fde0b6331916eaee20c0f0f7951c78f52212	114523	Adobe PDF library 16.00	adobe_ocg_v1	adobe_ocg_v1	dd47a14	1	33417	0	38411	0.87	0.0	0.87	0.0	0.0	0	0	4994	0		20	36	0
test/uploads/170822_064316-438120.pdf	f6f9589844edc4d944d9d94220cca36d97bca8a526b3005356ececf8c624dc24	179547	Adobe PDF library 16.00	adobe_ocg_v1	adobe_ocg_v1	dd47a14	1	40408	30631	76033	0.531	0.403	0.934	0.0	0.0	0	0	4994	0		15	61	1
test/uploads/170822_064448-372779.pdf	c235f5fb43047d94df7e25381823ee6529f5f7a3613b8ddcd16d71668a84a318	135756	Adobe PDF library 16.00	adobe_ocg_v1	adobe_ocg_v1	dd47a14	1	24055	14936	43985	0.547	0.34	0.886	0.0	0.0	0	0	4994	0		4	24	1
test/uploads/170822_064619-369944.pdf	474fb1cbd0df5758b494edd8b0a4ab36588e4e4f061762cbaa63a66fbda517f9	170927	Adobe PDF library 16.00	adobe_ocg_v1	adobe_ocg_v1	dd47a14	1	45546	34990	85530	0.533	0.409	0.942	0.0	0.0	0	0	4994	0		15	66	1
test/uploads/170822_064657-463293.pdf	1f13b4759c208d1c5c331682d23bb7554874c82376b929e60abc7a8e25672bb4	132262	Adobe PDF library 16.00	adobe_ocg_v1	adobe_ocg_v1	dd47a14	1	25739	17886	48619	0.529	0.368	0.897	0.0	0.0	0	0	4994	0		4	36	1
test/uploads/170822_064746-627313.pdf	654c75e515aa2bf25dc92742cb806c1368dad8acaaa1a2ab7d1f9951738c2cea	172000	Adobe PDF library 16.00	adobe_ocg_v1	adobe_ocg_v1	dd47a14	1	47101	37411	90366	0.521	0.414	0.935	0.0	0.0	0	0	5854	0		15	112	1
test/uploads/170822_064833-391699.pdf	f3698c3248bda18704f7743302466b72ae79ef87ac2ac2f99de337cd7a6966fe	128168	Adobe PDF library 16.00	adobe_ocg_v1	adobe_ocg_v1	dd47a14	1	19943	13829	38766	0.514	0.357	0.871	0.0	0.0	0	0	4994	0		3	55	1
test/uploads/170823_113942-543745.pdf	068a9a9ef2488e5ac67822f8b974eae0bde9ebb2634a60288947c20718a17439	167686	Adobe PDF library 17.00	adobe_ocg_v1	adobe_ocg_v1	dd47a14	1	32073	22839	59906	0.535	0.381	0.917	0.0	0.0	0	0	4994	0		8	290	1
test/uploads/170823_163502-429893.pdf	eda7f167fcfc61107446144c23b0acd9266c38846f48b985c7a1e7cab550ebae	14046580	Adobe PDF library 17.00	adobe_ocg_v1	adobe_ocg_v1	dd47a14	1	3675	2080	66560	0.055	0.031	0.086	0.0	0.0	0	1481	6263	1	(0.44, 0.44, 0.7):934;(0.26, 0.45, 0.23):298;(0.0, 0.68, 0.94):249	1	21	1
test/uploads/170823_185021-873337.pdf	41753f139830e5889b54a3afdd3ee4d261a0dfb1ee88e26cfed83f03c591f6c8	7374664	Adobe PDF library 15.00	adobe_ocg_v1	adobe_ocg_v1	dd47a14	1	6646	4547	68119	0.098	0.067	0.164	0.0	0.0	0	41605	249	1	(1.0, 0.97, 0.68):39152;(0.94, 0.87, 0.0):1820;(0.41, 0.39, 0.0):377;(0.54, 0.81, 0.75):150;(0.77, 0.15, 0.18):105;(0.33, 0.19, 0.1):0	1	54	1
test/uploads/170823_185031-331941.pdf	01010c82bfb44415d62301378b96dfbde1ac3ef5ef72207de7b0112449e57226	6584973	Adobe PDF library 15.00	adobe_ocg_v1	adobe_ocg_v1	dd47a14	1	860	0	85571	0.01	0.0	0.01	0.0	0.0	0	55578	9465	1	(1.0, 0.98, 0.76):42793;(0.93, 0.0, 0.55):5940;(0.18, 0.19, 0.57):4393;(0.94, 0.87, 0.0):1820;(0.41, 0.39, 0.0):377;(0.54, 0.81, 0.75):150	1	16	0
test/uploads/171122_013808-818075.pdf	a110badb788d7f97bd4f90e05011b3ad4910654cfdd577039586e8331e6b8258	6276195	Adobe PDF library 15.00	adobe_ocg_v1	adobe_ocg_v1	dd47a14	1	10396	260	97016	0.107	0.003	0.11	0.0	0.0	0	11560	46138	1	(0.0, 0.68, 0.94):11288;(0.93, 0.14, 0.16):272	7	116	0
test/uploads/171122_014202-515665.pdf	4bdcd60dbc29f86581baba02b5500322d9c5c7266f313fe06740fb81ecb0a9e3	4646369	Adobe PDF library 15.00	adobe_ocg_v1	adobe_ocg_v1	dd47a14	1	12191	313	107912	0.113	0.003	0.116	0.0	0.0	0	12802	43000	1	(0.0, 0.68, 0.94):12491;(0.93, 0.14, 0.16):311	7	118	0
test/uploads/171122_014423-276761.pdf	9c75c4c963984a6ca863ca77486dfbc33e6e207bbfa31e60384e22be390445f7	3043692	Adobe PDF library 15.00	adobe_ocg_v1	adobe_ocg_v1	dd47a14	1	9908	262	84571	0.117	0.003	0.12	0.0	0.0	0	11546	35663	1	(0.0, 0.68, 0.94):11314;(0.93, 0.14, 0.16):231	7	87	0
test/uploads/171122_014429-489049.pdf	1ef555c01f96c695686a90deafd1cea5117130d695ab13cdaf3f6131a5e527f5	7433065	Adobe PDF library 15.00	adobe_ocg_v1	adobe_ocg_v1	dd47a14	1	9908	262	86969	0.114	0.003	0.117	0.0	0.0	0	11546	40869	1	(0.0, 0.68, 0.94):11314;(0.93, 0.14, 0.16):231	7	87	0
test/uploads/171122_014438-269768.pdf	cafb2f6d465b9e786016cb9901de321a7daa5d3f47f9c7487801ed0a9c8cd730	7738276	Adobe PDF library 15.00	adobe_ocg_v1	adobe_ocg_v1	dd47a14	1	9908	262	89399	0.111	0.003	0.114	0.0	0.0	0	11546	41061	1	(0.0, 0.68, 0.94):11314;(0.93, 0.14, 0.16):231	7	87	0
test/uploads/171122_014530-837899.pdf	830762be352fe8795767116c650756f7bd447244606dbab68b56d86bc76d9a3e	5992896	Adobe PDF library 15.00	adobe_ocg_v1	adobe_ocg_v1	dd47a14	1	12858	362	111812	0.115	0.003	0.118	0.0	0.0	0	13304	46441	1	(0.0, 0.68, 0.94):12992;(0.93, 0.14, 0.16):312	7	127	0
test/uploads/171122_014759-383472.pdf	91602696d56a227181e6313d4f55368c94b646d5fac076cf1893d38699042430	5532098	Adobe PDF library 15.00	adobe_ocg_v1	adobe_ocg_v1	dd47a14	1	13804	381	114003	0.121	0.003	0.124	0.0	0.0	0	13599	56142	1	(0.0, 0.68, 0.94):13288;(0.93, 0.14, 0.16):310	7	134	0
test/uploads/171122_015326-522786.pdf	5fefcd072b070d37b6736a694b59123b160a00437454ab2a7546d86e7ee4aaa6	8103755	Adobe PDF library 15.00	adobe_ocg_v1	adobe_ocg_v1	dd47a14	1	12411	362	126965	0.098	0.003	0.101	0.0	0.0	0	13755	45881	1	(0.0, 0.68, 0.94):13451;(0.93, 0.14, 0.16):305	7	121	0
test/uploads/171122_020606-248418.pdf	075875c23a47931968748af8ff7d70e108cc09dbdabfb0414fd88b0b714bcf86	3668154	Adobe PDF library 15.00	adobe_ocg_v1	adobe_ocg_v1	dd47a14	1	9707	358	104455	0.093	0.003	0.096	0.0	0.0	0	13161	44836	1	(0.0, 0.68, 0.94):13161	5	42	0
test/uploads/171122_021723-696055.pdf	f4617d466a7426520cbfd470105c755368fca0617fce8087cedbf9c2f72218e0	136737	Adobe PDF library 16.00	adobe_ocg_v1	adobe_ocg_v1	dd47a14	1	29758	20002	54753	0.543	0.365	0.909	0.0	0.0	0	0	4994	0		12	199	1
test/uploads/171122_023040-463925.pdf	3b74ea7b91aa2284ab828a26f359be569bf697307ab1f65224b327a7375a0f8b	3502227	Adobe PDF library 16.07	adobe_ocg_v1	adobe_ocg_v1	dd47a14	1	11025	0	48842	0.226	0.0	0.226	0.0	0.0	0	3574	0	1	(0.0, 0.68, 0.94):3196;(0.25, 0.05, 0.15):378	1	74	0
test/uploads/171122_024137-687737.pdf	f0f6941c7d0ea40b6ec7f45d9ee699dca243ced6fc524104ef21e62bfc3db230	8170597	Adobe PDF library 15.00	adobe_ocg_v1	adobe_ocg_v1	dd47a14	1	11225	0	111827	0.1	0.0	0.1	0.0	0.0	0	8269	1432	1	(0.0, 0.45, 0.74):7767;(0.93, 0.0, 0.55):503	2	3	0
test/uploads/171122_024144-836246.pdf	31744b9b1f9426bc7480aadedc0f7f3d476ccf1871bbdd4c920a8c57c9313096	14958719	Adobe PDF library 15.00	adobe_ocg_v1	adobe_ocg_v1	dd47a14	1	11225	0	123012	0.091	0.0	0.091	0.0	0.0	0	8836	643	1	(0.0, 0.45, 0.74):7767;(0.93, 0.0, 0.55):503;(0.0, 0.65, 0.32):404;(1.0, 0.41, 0.12):163;(1.0, 0.76, 0.05):0	2	3	0
test/uploads/171122_024845-378445.pdf	c531f2ccdf854050a9b6bfef257b25722a31bcf1c12905f65a0b1bc18c381de2	687995	Adobe PDF library 15.00	adobe_ocg_v1	adobe_ocg_v1	dd47a14	1	53228	0	171825	0.31	0.0	0.31	0.0	0.0	0	14886	1963	1	(0.0, 0.45, 0.74):14759;(0.96, 0.51, 0.12):126	5	136	0
test/uploads/171122_024848-371546.pdf	6bf1305685e55fc09d302f439a23868e13d689ca78ef7fc25c686e689db3174b	696439	Adobe PDF library 15.00	adobe_ocg_v1	adobe_ocg_v1	dd47a14	1	53228	0	177098	0.301	0.0	0.301	0.0	0.0	0	14886	1963	1	(0.0, 0.45, 0.74):14759;(0.96, 0.51, 0.12):126	5	136	0
test/uploads/171122_030656-473741.pdf	5b8cdf4e2b94212904c91bce9c42b40a788d7b4cde2a10984938828f7f13be01	4823583	Adobe PDF library 15.00	adobe_ocg_v1	adobe_ocg_v1	dd47a14	1	13961	3007	102475	0.136	0.029	0.166	0.0	0.0	0	11560	40492	1	(0.0, 0.68, 0.94):11288;(0.93, 0.14, 0.16):272	7	121	0
test/uploads/171122_064310-782340.pdf	a0b80895fc3bae99fccd985dc0ed6bc08c9ab23eadace8b7d8dc4d7c19193543	174927	Adobe PDF library 16.00	adobe_ocg_v1	adobe_ocg_v1	dd47a14	1	38395	25349	68739	0.559	0.369	0.927	0.0	0.0	0	0	4994	0		12	463	1
test/uploads/171122_065802-494496.pdf	10b66ef83e48ad068d0eb844d70cf0ac993017ba626b1d987bc3774810ecafc7	13727816	Adobe PDF library 15.00	adobe_ocg_v1	adobe_ocg_v1	dd47a14	1	11225	0	122225	0.092	0.0	0.092	0.0	0.0	0	8269	643	1	(0.0, 0.45, 0.74):7767;(0.93, 0.0, 0.55):503	2	2	0
test/uploads/171122_065810-462964.pdf	0f28f6c687fbc2a6a0b34395f5a85e7048ed3cbf65c2e4c04431c8c18af743a9	8385982	Adobe PDF library 15.00	adobe_ocg_v1	adobe_ocg_v1	dd47a14	1	11225	0	110320	0.102	0.0	0.102	0.0	0.0	0	8269	1432	1	(0.0, 0.45, 0.74):7767;(0.93, 0.0, 0.55):503	2	3	0
test/uploads/171122_070801-337761.pdf	0f28f6c687fbc2a6a0b34395f5a85e7048ed3cbf65c2e4c04431c8c18af743a9	8385982	Adobe PDF library 15.00	adobe_ocg_v1	adobe_ocg_v1	dd47a14	1	11225	0	110320	0.102	0.0	0.102	0.0	0.0	0	8269	1432	1	(0.0, 0.45, 0.74):7767;(0.93, 0.0, 0.55):503	2	3	0
test/uploads/171122_070806-506597.pdf	10b66ef83e48ad068d0eb844d70cf0ac993017ba626b1d987bc3774810ecafc7	13727816	Adobe PDF library 15.00	adobe_ocg_v1	adobe_ocg_v1	dd47a14	1	11225	0	122225	0.092	0.0	0.092	0.0	0.0	0	8269	643	1	(0.0, 0.45, 0.74):7767;(0.93, 0.0, 0.55):503	2	2	0
test/uploads/171122_071152-655154.pdf	10b66ef83e48ad068d0eb844d70cf0ac993017ba626b1d987bc3774810ecafc7	13727816	Adobe PDF library 15.00	adobe_ocg_v1	adobe_ocg_v1	dd47a14	1	11225	0	122225	0.092	0.0	0.092	0.0	0.0	0	8269	643	1	(0.0, 0.45, 0.74):7767;(0.93, 0.0, 0.55):503	2	2	0
test/uploads/171122_071158-281488.pdf	0f28f6c687fbc2a6a0b34395f5a85e7048ed3cbf65c2e4c04431c8c18af743a9	8385982	Adobe PDF library 15.00	adobe_ocg_v1	adobe_ocg_v1	dd47a14	1	11225	0	110320	0.102	0.0	0.102	0.0	0.0	0	8269	1432	1	(0.0, 0.45, 0.74):7767;(0.93, 0.0, 0.55):503	2	3	0
test/uploads/171122_071304-998739.pdf	0f28f6c687fbc2a6a0b34395f5a85e7048ed3cbf65c2e4c04431c8c18af743a9	8385982	Adobe PDF library 15.00	adobe_ocg_v1	adobe_ocg_v1	dd47a14	1	11225	0	110320	0.102	0.0	0.102	0.0	0.0	0	8269	1432	1	(0.0, 0.45, 0.74):7767;(0.93, 0.0, 0.55):503	2	3	0
test/uploads/171122_071309-686239.pdf	10b66ef83e48ad068d0eb844d70cf0ac993017ba626b1d987bc3774810ecafc7	13727816	Adobe PDF library 15.00	adobe_ocg_v1	adobe_ocg_v1	dd47a14	1	11225	0	122225	0.092	0.0	0.092	0.0	0.0	0	8269	643	1	(0.0, 0.45, 0.74):7767;(0.93, 0.0, 0.55):503	2	2	0
test/uploads/171122_074918-963843.pdf	d1067778060688fc876817a558bbe001e7044be5890a9463c17df64bb059f3e1	47185316	Adobe PDF library 15.00	adobe_ocg_v1	adobe_ocg_v1	dd47a14	1	4612	4624	10794	0.427	0.428	0.856	0.0	0.0	0	0	449	0		1	2	1
test/uploads/180123_052818-785345.pdf	789ba0d68d5c737c002fa2da7643753fc07c965cb9cff0c01eeb5428768ce3b8	2486022	Adobe PDF library 16.07	adobe_ocg_v1	adobe_ocg_v1	dd47a14	1	4425	4677	59583	0.074	0.078	0.153	0.0	0.0	0	11238	6244	1	(0.0, 0.68, 0.94):9333;(0.0, 0.65, 0.32):1006;(0.44, 0.44, 0.7):868;(0.76, 0.65, 0.54):32	3	8	1
test/uploads/180123_052852-236252.pdf	789ba0d68d5c737c002fa2da7643753fc07c965cb9cff0c01eeb5428768ce3b8	2486022	Adobe PDF library 16.07	adobe_ocg_v1	adobe_ocg_v1	dd47a14	1	4425	4677	59583	0.074	0.078	0.153	0.0	0.0	0	11238	6244	1	(0.0, 0.68, 0.94):9333;(0.0, 0.65, 0.32):1006;(0.44, 0.44, 0.7):868;(0.76, 0.65, 0.54):32	3	8	1
test/uploads/180423_080948-821231.pdf	c0954e01a8c6342dc334c3899fca316a52a581f59eca6196718aaf8a65bd2c44	120696	Adobe PDF library 17.00	adobe_ocg_v1	adobe_ocg_v1	dd47a14	1	12853	7824	25670	0.501	0.305	0.805	0.0	0.0	0	0	4994	0		4	28	1
test/uploads/180722_072612.pdf	3370e2507bbe9e71c089d9d38cee29eb30b2c14c20133aa81b73141f1ab01de6	113519	Adobe PDF library 16.00	adobe_ocg_v1	adobe_ocg_v1	dd47a14	1	35735	23141	63869	0.559	0.362	0.922	0.0	0.0	0	0	4994	0		20	110	1
test/uploads/180722_073259.pdf	3370e2507bbe9e71c089d9d38cee29eb30b2c14c20133aa81b73141f1ab01de6	113519	Adobe PDF library 16.00	adobe_ocg_v1	adobe_ocg_v1	dd47a14	1	35735	23141	63869	0.559	0.362	0.922	0.0	0.0	0	0	4994	0		20	110	1
test/uploads/180723_152321-298687.pdf	b6e21d039e2787d8f13c1fc257299639c4c0fe7b553d4992d608d9a988d65486	2585468	Adobe PDF library 16.07	adobe_ocg_v1	adobe_ocg_v1	dd47a14	1	11441	7721	125088	0.091	0.062	0.153	0.0	0.0	0	1166	12745	0	(0.44, 0.44, 0.7):934;(0.18, 0.19, 0.57):232	2	138	1
test/uploads/180723_152824-714499.pdf	b6e21d039e2787d8f13c1fc257299639c4c0fe7b553d4992d608d9a988d65486	2585468	Adobe PDF library 16.07	adobe_ocg_v1	adobe_ocg_v1	dd47a14	1	11441	7721	125088	0.091	0.062	0.153	0.0	0.0	0	1166	12745	0	(0.44, 0.44, 0.7):934;(0.18, 0.19, 0.57):232	2	138	1
test/uploads/180822_025404-633264.pdf	b21a9b9d228011e5b76541f5e31167a89406ade780ff64f66947c8793fb48843	14790167	Adobe PDF library 11.00	adobe_ocg_v1	adobe_ocg_v1	dd47a14	1	12075	0	126471	0.095	0.0	0.095	0.0	0.0	0	3905	7664	1	(0.99, 0.78, 0.54):2926;(1.0, 0.52, 0.0):818;(0.0, 0.51, 0.39):161	12	54	0
test/uploads/180822_032408-113967.pdf	ccdc52acfd4a91d637f94850013935384e67a8dc81f4140fa6598a784cc05513	1071144	Adobe PDF library 15.00	adobe_ocg_v1	adobe_ocg_v1	dd47a14	1	25267	0	88007	0.287	0.0	0.287	0.0	0.0	0	218	4426	0	(0.23, 0.33, 0.49):218	5	67	0
test/uploads/180822_054906-124214.pdf	c9e03906884b68641fc7e6de6ef46ac8c8d971f4eb2463300bd0be6cc9a1343c	1559178	Adobe PDF library 15.00	adobe_ocg_v1	adobe_ocg_v1	dd47a14	1	25317	0	165305	0.153	0.0	0.153	0.0	0.0	0	10463	5453	1	(0.0, 0.47, 0.33):6378;(0.0, 0.09, 0.54):4035;(0.0, 0.38, 0.26):50	11	56	0
test/uploads/180822_065538-816393.pdf	b1d00dbce94c1747916abc55acedea2902181e916ddcdc0df453163157bbfb94	1644206	Adobe PDF library 11.00	adobe_ocg_v1	adobe_ocg_v1	dd47a14	1	17136	0	196724	0.087	0.0	0.087	0.0	0.0	0	24934	5394	1	(0.0, 0.47, 0.33):16343;(0.0, 0.09, 0.54):4879;(0.95, 0.44, 0.13):3643;(0.0, 0.38, 0.26):69	3	12	0
test/uploads/180822_083917-704199.pdf	c6ab87aa37e221052341e95f89fa0e2fb6cc6763663e109a2e9a0558c06d96f0	120520	Adobe PDF library 16.04	adobe_ocg_v1	adobe_ocg_v1	dd47a14	1	4994	0	39496	0.126	0.0	0.126	0.0	0.0	0	33078	1424	1	(0.93, 0.11, 0.14):18789;(0.44, 0.42, 0.69):13007;(0.98, 0.64, 0.2):1283	1	142	0
test/uploads/180823_113419-193432.pdf	47c1f96d26e00678cb818542f1b3770345169feb9a0117b04d132c2d08a4159a	1605847	Adobe PDF library 15.00	adobe_ocg_v1	adobe_ocg_v1	dd47a14	1	31907	3803	159585	0.2	0.024	0.224	0.0	0.0	0	18092	4630	1	(0.0, 0.6, 0.51):9497;(1.0, 0.97, 0.7):5590;(0.32, 0.21, 0.16):1833;(0.96, 0.87, 0.0):879;(0.41, 0.39, 0.0):182;(0.6, 0.82, 0.76):59	7	731	0
test/uploads/180823_122416-827115.pdf	360f47c661c374bfa573e5cbdb9e44afe30b20b925cb0cd1f0cc0041779a5f19	1483771	Adobe PDF library 15.00	adobe_ocg_v1	adobe_ocg_v1	dd47a14	1	32626	3803	151244	0.216	0.025	0.241	0.0	0.0	0	20120	8568	1	(0.87, 0.09, 0.51):9497;(1.0, 0.97, 0.7):7954;(0.32, 0.21, 0.16):1496;(0.96, 0.87, 0.0):879;(0.41, 0.39, 0.0):182;(0.6, 0.82, 0.76):59	7	712	0
test/uploads/180823_174706-113310.pdf	f1ed6fb2c8e9fa0e5d887428d89092e0427265b67bf6801c06526b1559940c1f	827180	Adobe PDF library 17.00	adobe_ocg_v1	adobe_ocg_v1	dd47a14	1	6466	4678	76530	0.084	0.061	0.146	0.0	0.0	0	0	7297	0		4	10	1
test/uploads/181122_031027-411342.pdf	8c71878fabf78722f3ef99989b1f34f11d8dff29842741c2711b08e0561d64a6	116931	Adobe PDF library 16.07	adobe_ocg_v1	adobe_ocg_v1	dd47a14	1	24718	19807	51935	0.476	0.381	0.857	0.0	0.0	0	0	4994	0		1	116	1
test/uploads/181122_031638-816457.pdf	b9d5b76bca1a27c92a9bfd7df83274a0dd193a30a7d1a4d869a9f1705bfecfad	153875	Adobe PDF library 16.00	adobe_ocg_v1	adobe_ocg_v1	dd47a14	1	39094	26448	70535	0.554	0.375	0.929	0.0	0.0	0	0	4994	0		24	368	1
test/uploads/181122_064116-201120.pdf	762f12ff8f0b48d89eceff47078235f881856eeea2fb52aea68a82663c61e6e9	155899	Adobe PDF library 16.00	adobe_ocg_v1	adobe_ocg_v1	dd47a14	1	41737	26041	72772	0.574	0.358	0.931	0.0	0.0	0	0	4994	0		12	267	1
test/uploads/190423_061815-517584.pdf	d03b48d88b506144bb0f89d168ff6e70ba5af2cb79a0d31cc478a9c501498ea4	148135	Adobe PDF library 17.00	adobe_ocg_v1	adobe_ocg_v1	dd47a14	1	25798	16587	47379	0.545	0.35	0.895	0.0	0.0	0	0	4994	0		9	217	1
test/uploads/190423_075030-173524.pdf	bb5a905d4ebb8f3f50f6472b0149c50803735a418ffee2d7ca3505d416c4a70d	1896947	Adobe PDF library 16.07	adobe_ocg_v1	adobe_ocg_v1	dd47a14	1	4934	2004	53366	0.092	0.038	0.13	0.0	0.0	0	1691	7776	1	(0.44, 0.44, 0.7):1322;(0.74, 0.83, 0.9):231;(0.93, 0.11, 0.14):138;(0.02, 0.17, 0.28):0	1	5	1
test/uploads/190423_090503-521553.pdf	9661539bb6add06bda2ec84993a2bfe43514aef119aae05033fbe547d7fe104e	150823	Adobe PDF library 17.00	adobe_ocg_v1	adobe_ocg_v1	dd47a14	1	22406	13524	40924	0.548	0.33	0.878	0.0	0.0	0	0	4994	0		4	215	1
test/uploads/190623_060640-919521.pdf	abfee5253a4556e14de354b6b42098c5b020fbda9460583dfc50cef936937e30	1106928	Adobe PDF library 15.00	adobe_ocg_v1	adobe_ocg_v1	dd47a14	1	67665	10588	204050	0.332	0.052	0.383	0.0	0.0	0	19	2642	0	(0.0, 0.48, 0.76):19	12	816	1
test/uploads/190822_025011-399859.pdf	86526b593db914dcf862794f1904b33c99863e66e465079a4473fded7139eeab	130515	Adobe PDF library 16.00	adobe_ocg_v1	adobe_ocg_v1	dd47a14	1	38603	26909	70505	0.548	0.382	0.929	0.0	0.0	0	0	4994	0		16	32	1
test/uploads/190822_031858-593686.pdf	15277b02d1568bd46f93a2d914abcc76dd26752ac6eca6c8d53cc54c96dc25aa	7808780	Adobe PDF library 15.00	adobe_ocg_v1	adobe_ocg_v1	dd47a14	1	22099	0	85105	0.26	0.0	0.26	0.0	0.0	0	0	0	0		1	376	0
test/uploads/190822_032006-686393.pdf	80af536ce549fbbe40d1826e084915d538916becc9a263ab00c1d94cfad611eb	7484023	Adobe PDF library 15.00	adobe_ocg_v1	adobe_ocg_v1	dd47a14	1	22099	0	81895	0.27	0.0	0.27	0.0	0.0	0	0	0	0		1	376	0
test/uploads/190822_071524-745942.pdf	3c23a33da45ee465310d4ccd2ff46dc008f8948a5e1a939830da9c9a3adeb147	157293	Adobe PDF library 16.00	adobe_ocg_v1	adobe_ocg_v1	dd47a14	1	35049	0	40043	0.875	0.0	0.875	0.0	0.0	0	0	4994	0		4	714	0
test/uploads/190822_071955-758847.pdf	3c23a33da45ee465310d4ccd2ff46dc008f8948a5e1a939830da9c9a3adeb147	157293	Adobe PDF library 16.00	adobe_ocg_v1	adobe_ocg_v1	dd47a14	1	35049	0	40043	0.875	0.0	0.875	0.0	0.0	0	0	4994	0		4	714	0
test/uploads/190822_091402-174994.pdf	2263fabd665233c243975a62902f1a877cd51ffab74d3ce2b8e7441c3d879f47	323894	Adobe PDF library 15.00	adobe_ocg_v1	adobe_ocg_v1	dd47a14	1	1955	0	8840	0.221	0.0	0.221	0.0	0.0	0	0	638	0		1	35	0
test/uploads/190922_055250-693570.pdf	9d5fd47616b5dd47590cb8d71b8ad21ac0cca56c93d4605c5d1b4fe6c568e3b3	116672	Adobe PDF library 16.00	adobe_ocg_v1	adobe_ocg_v1	dd47a14	1	16204	10389	31586	0.513	0.329	0.842	0.0	0.0	0	0	4994	0		3	43	1
test/uploads/190922_055527-113310.pdf	9d5fd47616b5dd47590cb8d71b8ad21ac0cca56c93d4605c5d1b4fe6c568e3b3	116672	Adobe PDF library 16.00	adobe_ocg_v1	adobe_ocg_v1	dd47a14	1	16204	10389	31586	0.513	0.329	0.842	0.0	0.0	0	0	4994	0		3	43	1
test/uploads/190922_091603-319920.pdf	c57673355174c230171f3b37f5f4fab199ff7c205ec4054047fc4d1db5c5c55e	190211	Adobe PDF library 16.00	adobe_ocg_v1	adobe_ocg_v1	dd47a14	1	30992	27365	63351	0.489	0.432	0.921	0.0	0.0	0	0	4994	0		4	1704	1
test/uploads/190922_091805-502149.pdf	77e706f8d7fa5f497a191b3642e4f98fedab72393ca9b8d62e0f3b2db9e2089c	171845	Adobe PDF library 16.00	adobe_ocg_v1	adobe_ocg_v1	dd47a14	1	33524	24430	62947	0.533	0.388	0.921	0.0	0.0	0	0	4994	0		6	1018	1
test/uploads/191022_022537-486262.pdf	6c1c6e836e135e747daa110351821037c7d729c608e01edc5c42dce053b22bef	2126452	Adobe PDF library 9.90	adobe_ocg_v1	adobe_ocg_v1	dd47a14	1	3673	2680	58471	0.063	0.046	0.109	0.0	0.0	0	677	2095	0	(0.0, 0.73, 0.95):677;(0.04, 0.69, 0.29):0	4	17	1
test/uploads/191122_013856-164996.pdf	e2653709658a369adeda2376fffe760ca348fba45b4c617b81cbeb4355004821	449579	Adobe PDF library 16.07	adobe_ocg_v1	adobe_ocg_v1	dd47a14	1	28378	25686	59058	0.481	0.435	0.915	0.0	0.0	0	0	4994	0		13	213	1
test/uploads/191122_020542-685846.pdf	a74df775651374a5271b0902190aa046a223f4ea4284f4e5f875fc6bcf5b0ef1	415101	Adobe PDF library 16.07	adobe_ocg_v1	adobe_ocg_v1	dd47a14	1	30398	27300	62692	0.485	0.435	0.92	0.0	0.0	0	0	4994	0		12	64	1
test/uploads/191222_023831-381161.pdf	1df3f4b2c4c51d2eb7210127cfca43d5fb3d1dff5ebb1dee886570ad5f70e696	115124	Adobe PDF library 16.00	adobe_ocg_v1	adobe_ocg_v1	dd47a14	1	11049	8429	24471	0.452	0.344	0.796	0.0	0.0	0	0	4994	0		1	23	1
test/uploads/191222_062403-487916.pdf	cf15b8ba1d976a89ce7b550b0aa64192db30fe84e7c9e0e215bf73b319dd75b4	151053	Adobe PDF library 16.00	adobe_ocg_v1	adobe_ocg_v1	dd47a14	1	37581	25542	68116	0.552	0.375	0.927	0.0	0.0	0	0	4994	0		21	244	1
test/uploads/191222_064923-979251.pdf	9f0f02570025559b1610abe8ce0f710b8a1232627221cdf62c7be83f1f4f75bf	132803	Adobe PDF library 16.00	adobe_ocg_v1	adobe_ocg_v1	dd47a14	1	31770	16877	53641	0.592	0.315	0.907	0.0	0.0	0	0	4994	0		12	88	1
test/uploads/191222_084314-702546.pdf	247c23f32a5c014d1c2065d07e205ccc47e3667b3bf84c16aff5e7a50899140f	87083	Adobe PDF library 16.00	adobe_ocg_v1	adobe_ocg_v1	dd47a14	1	34559	17359	51918	0.666	0.334	1.0	0.0	0.0	0	0	0	0		2	109	1
test/uploads/200123_013001-447160.pdf	183392b3ca0d79e88268c3e4bf4808e548e8f3ca33cebb1ffd9c3792bbf93896	145506	Adobe PDF library 16.00	adobe_ocg_v1	adobe_ocg_v1	dd47a14	1	22468	13830	41292	0.544	0.335	0.879	0.0	0.0	0	0	4994	0		4	478	1
test/uploads/200123_051921-976491.pdf	3185c5387890083e519acc1b095697de87ea245f6cbe0286a7aedefb1f853d33	143110	Adobe PDF library 16.00	adobe_ocg_v1	adobe_ocg_v1	dd47a14	1	17247	10830	33071	0.522	0.327	0.849	0.0	0.0	0	0	4994	0		3	458	1
test/uploads/200223_055641-888161.pdf	89829829a70d4728f08f8a25a7ac7552d286906b5c90902c26cfcf1814ef72f1	121192	Adobe PDF library 16.00	adobe_ocg_v1	adobe_ocg_v1	dd47a14	1	15170	11167	31330	0.484	0.356	0.841	0.0	0.0	0	0	4994	0		6	23	1
test/uploads/200323_041906-584583.pdf	59de9ee00e4a8537b5801386bc00594f6a2f047c3e722151746ba27d7d9a7bd1	146289	Adobe PDF library 17.00	adobe_ocg_v1	adobe_ocg_v1	dd47a14	1	31514	18341	54849	0.575	0.334	0.909	0.0	0.0	0	0	4994	0		7	197	1
test/uploads/200323_060213-901270.pdf	d753de14a87504e61aeb00ccef04fec61502b3570387f5ec5815f298cc5cf236	130738	Adobe PDF library 17.00	adobe_ocg_v1	adobe_ocg_v1	dd47a14	1	17556	18500	41049	0.428	0.451	0.878	0.0	0.0	0	0	4994	0		2	58	1
test/uploads/200423_070431-174155.pdf	6a9e99edd64507aac9c84135f604416c3af6d86703bbb7ebe9da37130789fe19	136160	Adobe PDF library 17.00	adobe_ocg_v1	adobe_ocg_v1	dd47a14	1	17731	18218	41803	0.424	0.436	0.86	0.0	0.0	0	0	5854	0		4	102	1
test/uploads/200423_092640-132833.pdf	5bd759c8a97378db5a9fbb9ceb0f1052228242c77e38b641e8821cd1f45b7657	131984	Adobe PDF library 17.00	adobe_ocg_v1	adobe_ocg_v1	dd47a14	1	13238	15997	34229	0.387	0.467	0.854	0.0	0.0	0	0	4994	0		4	62	1
test/uploads/200423_092653-351483.pdf	5bd759c8a97378db5a9fbb9ceb0f1052228242c77e38b641e8821cd1f45b7657	131984	Adobe PDF library 17.00	adobe_ocg_v1	adobe_ocg_v1	dd47a14	1	13238	15997	34229	0.387	0.467	0.854	0.0	0.0	0	0	4994	0		4	62	1
test/uploads/200523_013649-719754.pdf	5bb50d0c98f321d9e326caa6a45979987d04600f54076ef27958383678ef76f9	1267282	Adobe PDF library 15.00	adobe_ocg_v1	adobe_ocg_v1	dd47a14	1	5636	2769	217869	0.026	0.013	0.039	0.0	0.0	0	15822	11336	1	(0.87, 0.09, 0.51):14065;(0.47, 0.43, 0.69):1492;(0.0, 0.59, 0.44):92;(0.89, 0.02, 0.08):89;(0.46, 0.41, 0.68):83	2	41	0
test/uploads/200523_013654-412986.pdf	fa367fb854e38487375a10f9331e69f8c6ebec784c61b20366920c03b890d660	1986031	Adobe PDF library 15.00	adobe_ocg_v1	adobe_ocg_v1	dd47a14	1	30331	2906	229358	0.132	0.013	0.145	0.0	0.0	0	14065	3610	1	(0.0, 0.6, 0.51):14065	9	703	0
test/uploads/200523_013657-873841.pdf	a89e553de32aae6f5c85c44a84ea6e7b46eedc526331c7d8cd9ebd098a16d70b	1294837	Adobe PDF library 15.00	adobe_ocg_v1	adobe_ocg_v1	dd47a14	1	30331	2906	217478	0.139	0.013	0.153	0.0	0.0	0	14065	3521	1	(0.0, 0.6, 0.51):14065	9	689	0
test/uploads/200523_013703-191121.pdf	44ecc0bcff1c3955e4270b9bec4f6c9010c439d277322a3e0cdd00e97000bc72	1349156	Adobe PDF library 15.00	adobe_ocg_v1	adobe_ocg_v1	dd47a14	1	30331	2906	220640	0.137	0.013	0.151	0.0	0.0	0	14065	4579	1	(0.87, 0.09, 0.51):14065	9	697	0
test/uploads/200523_013706-136579.pdf	cb638df7264aabbf11a01e3eb4f8d860a2ddf94263b59b9fa305095a8daff1f5	1026499	Adobe PDF library 15.00	adobe_ocg_v1	adobe_ocg_v1	dd47a14	1	30331	2906	204148	0.149	0.014	0.163	0.0	0.0	0	14065	3500	1	(0.87, 0.09, 0.51):14065	9	683	0
test/uploads/200523_013709-495247.pdf	fde1932ac36f0762b2c85bfe3b0ea7bad4f977b9234ea86538a6bed86cbf6ddc	1188987	Adobe PDF library 15.00	adobe_ocg_v1	adobe_ocg_v1	dd47a14	1	30331	2906	216927	0.14	0.013	0.153	0.0	0.0	0	14065	3566	1	(0.87, 0.09, 0.51):14065	9	703	0
test/uploads/200922_062852-473567.pdf	d3b1a216055d7aaf1845db8b497b4703a8734fbc32c30427982701a0ddbb374e	275888	Adobe PDF library 16.07	adobe_ocg_v1	adobe_ocg_v1	dd47a14	1	8344	0	25040	0.333	0.0	0.333	0.0	0.0	0	446	33	0	(0.76, 0.6, 0.42):446	11	270	0
test/uploads/200922_062857-101482.pdf	996e86d8d6e92732b15f14490082e11f4d591b8f2492fa924837ad3db2760f1c	324201	Adobe PDF library 16.07	adobe_ocg_v1	adobe_ocg_v1	dd47a14	1	8344	0	29975	0.278	0.0	0.278	0.0	0.0	0	447	33	0	(0.76, 0.59, 0.42):447	11	278	0
test/uploads/200922_062904-336885.pdf	2d630598cbf5938a3919511d6d8a5787d5f2c6432f1af623b21b447b22837afa	292123	Adobe PDF library 16.07	adobe_ocg_v1	adobe_ocg_v1	dd47a14	1	8344	0	27376	0.305	0.0	0.305	0.0	0.0	0	446	33	0	(0.76, 0.6, 0.42):446	11	270	0
test/uploads/201022_021414-771197.pdf	d516901097d5ace11b14a7307ffc420c9c972ad928b79a0b8f092f7c784d1d9f	615936	Adobe PDF library 16.03	adobe_ocg_v1	adobe_ocg_v1	dd47a14	1	11208	160	104211	0.108	0.002	0.109	0.0	0.0	0	1785	7505	0	(0.45, 0.44, 0.7):1544;(0.0, 0.68, 0.94):241	5	169	0
test/uploads/201022_021435-494014.pdf	e4604104e0e076dfe6dacfbc8467bf46301dcaf6aa18c1725e18cb4cb6907dfc	631904	Adobe PDF library 16.03	adobe_ocg_v1	adobe_ocg_v1	dd47a14	1	11208	160	105180	0.107	0.002	0.108	0.0	0.0	0	2346	7505	1	(0.45, 0.44, 0.7):1544;(0.93, 0.0, 0.55):802	4	168	0
test/uploads/201022_021452-828942.pdf	2da103287c5a1a06e024fad353334300876307b21f2ec5e4d295385015e5d970	985801	Adobe PDF library 16.03	adobe_ocg_v1	adobe_ocg_v1	dd47a14	1	11208	160	144496	0.078	0.001	0.079	0.0	0.0	0	1785	7505	0	(0.45, 0.44, 0.7):1544;(0.0, 0.68, 0.94):241	4	168	0
test/uploads/201022_021512-565242.pdf	dd8b9926b124e64fa56edda315c316ebc4ab5e5e9ab4c146157db268b42a64d4	943529	Adobe PDF library 16.03	adobe_ocg_v1	adobe_ocg_v1	dd47a14	1	11208	160	143437	0.078	0.001	0.079	0.0	0.0	0	1785	8109	0	(0.45, 0.44, 0.7):1544;(0.93, 0.11, 0.14):241	4	168	0
test/uploads/201022_021536-513711.pdf	e819386e39bd8025f1d50a14faf03241a8b0e2d7988872411bd057f3cf9be21f	631419	Adobe PDF library 16.03	adobe_ocg_v1	adobe_ocg_v1	dd47a14	1	11208	160	105540	0.106	0.002	0.108	0.0	0.0	0	1785	7505	0	(0.45, 0.44, 0.7):1544;(0.0, 0.68, 0.94):241	5	169	0
test/uploads/201222_001642-735641.pdf	9f98b345fa6f10e11b01b1d6e86d878a6a6ed69eaf61659faddff4ec85c40915	285546	Adobe PDF library 16.07	adobe_ocg_v1	adobe_ocg_v1	dd47a14	1	13788	12440	26228	0.526	0.474	1.0	0.0	0.0	0	0	0	0		4	75	1
test/uploads/201222_012332-976310.pdf	a143121c3a95e83bf84a898a86ad40a3e5651864b0b8992b0051b511d475f03c	119326	Adobe PDF library 16.00	adobe_ocg_v1	adobe_ocg_v1	dd47a14	1	11684	8142	24819	0.471	0.328	0.799	0.0	0.0	0	0	4994	0		1	62	1
test/uploads/210123_023140-686120.pdf	1849a1d97c7cd61b4620edd116b8374af494a9e73ce2d1a8aa11420f869870fb	1617768	Adobe PDF library 15.00	adobe_ocg_v1	adobe_ocg_v1	dd47a14	1	36104	5756	170759	0.211	0.034	0.245	0.0	0.0	0	15089	4276	1	(0.0, 0.6, 0.51):13691;(1.0, 0.82, 0.0):869;(0.0, 0.59, 0.24):530	4	662	1
test/uploads/210123_023146-952683.pdf	b80511924a3e5ca51aedba4e5e9b695ded59b429f886a27830fbc982b335f0b6	1369272	Adobe PDF library 15.00	adobe_ocg_v1	adobe_ocg_v1	dd47a14	1	33995	4916	207424	0.164	0.024	0.188	0.0	0.0	0	13544	3964	1	(0.0, 0.6, 0.51):11907;(1.0, 0.82, 0.0):1164;(0.0, 0.59, 0.24):473	4	683	0
test/uploads/210123_030810-524825.pdf	5a7bd47c08d0af29eb03c2b3b42dcd668704f7c67028e1325ba29d34e6a386ac	1208069	Adobe PDF library 15.00	adobe_ocg_v1	adobe_ocg_v1	dd47a14	1	27447	2356	111520	0.246	0.021	0.267	0.0	0.0	0	6296	2841	1	(0.0, 0.6, 0.51):5351;(1.0, 0.82, 0.0):945	10	697	0
test/uploads/210123_030812-166431.pdf	791802378f62de10786a8433ef969b819e212e202d0396d95296e0142a79cc85	1189532	Adobe PDF library 15.00	adobe_ocg_v1	adobe_ocg_v1	dd47a14	1	27447	2356	88140	0.311	0.027	0.338	0.0	0.0	0	6354	2897	1	(0.0, 0.6, 0.51):5351;(1.0, 0.82, 0.0):1004	10	701	0
test/uploads/210123_030818-178742.pdf	31cfea4690a530cfec33c1d5788493ded1920dd72190da05811585fde288f4d0	1578188	Adobe PDF library 15.00	adobe_ocg_v1	adobe_ocg_v1	dd47a14	1	31912	4498	102507	0.311	0.044	0.355	0.0	0.0	0	299	2794	0	(0.0, 0.59, 0.24):299;(1.0, 0.82, 0.0):0	11	670	1
test/uploads/210223_002407-768435.pdf	ae659887e5b2f2f811a2539e373d6cf8c60eb3cfa60c545baa886d3dbed973f4	125729	Adobe PDF library 16.00	adobe_ocg_v1	adobe_ocg_v1	dd47a14	1	12553	7393	24940	0.503	0.296	0.8	0.0	0.0	0	0	4994	0		2	57	1
test/uploads/210223_002658-219798.pdf	ff957bf3b444bcc8b8ba3232c222b0b3ea718f32f958ab89c441f81facfb197a	163733	Adobe PDF library 16.00	adobe_ocg_v1	adobe_ocg_v1	dd47a14	1	36822	22458	64274	0.573	0.349	0.922	0.0	0.0	0	0	4994	0		11	200	1
test/uploads/210223_032006-912795.pdf	957e44e60af78b8774ae2a1f24aaaa654b4ce9456d4c962671a35f54c4234ea8	134456	Adobe PDF library 16.00	adobe_ocg_v1	adobe_ocg_v1	dd47a14	1	26725	17523	49242	0.543	0.356	0.899	0.0	0.0	0	0	4994	0		10	138	1
test/uploads/210223_065025-979461.pdf	f023b1ccc9eb008cddc84c72c8a22e9a7617667e2daf8fc0f8ad2140e7ca2331	149368	Adobe PDF library 17.00	adobe_ocg_v1	adobe_ocg_v1	dd47a14	1	28199	13959	47151	0.598	0.296	0.894	0.0	0.0	0	0	4994	0		12	127	1
test/uploads/210223_073013-238116.pdf	75113ee848a8a6124955d683c4c24ac5bdefa660be881b03f742f29c4d580d84	161287	Adobe PDF library 17.00	adobe_ocg_v1	adobe_ocg_v1	dd47a14	1	38575	22589	66158	0.583	0.341	0.925	0.0	0.0	0	0	4994	0		12	200	1
test/uploads/210323_041302-608757.pdf	19c4687ed9eef3509aa409e0f0f2fcc65bf2f8667f5b69331ac43d7716bc0c8d	843030	Adobe PDF library 16.07	adobe_ocg_v1	adobe_ocg_v1	dd47a14	1	4934	2005	86981	0.057	0.023	0.08	0.0	0.0	0	1691	7483	0	(0.44, 0.44, 0.7):1322;(0.74, 0.83, 0.9):231;(0.93, 0.11, 0.14):138;(0.02, 0.17, 0.28):0	1	5	0
test/uploads/210323_041346-848045.pdf	112c13009e137458ea6fcde9e588015aba6e91129cd01d91dbae94aa04c0da06	1461148	Adobe PDF library 16.07	adobe_ocg_v1	adobe_ocg_v1	dd47a14	1	4934	2005	87359	0.056	0.023	0.079	0.0	0.0	0	1691	7606	0	(0.44, 0.44, 0.7):1322;(0.74, 0.83, 0.9):231;(0.93, 0.11, 0.14):138;(0.02, 0.17, 0.28):0	1	5	0
test/uploads/210323_041412-621044.pdf	f8cdb73e9b7c7a97928e1bc3a808afe83d47d70be5a9cba56a0635153e855779	1701260	Adobe PDF library 16.07	adobe_ocg_v1	adobe_ocg_v1	dd47a14	1	4934	2005	87724	0.056	0.023	0.079	0.0	0.0	0	1691	7593	0	(0.44, 0.44, 0.7):1322;(0.74, 0.83, 0.9):231;(0.93, 0.11, 0.14):138;(0.02, 0.17, 0.28):0	1	5	0
test/uploads/210423_084756-597853.pdf	1d1ebb9a73653f585c5e57d753ccc099c5e12abcf72f19d9893e7dfbbe2e97a6	802560	Adobe PDF library 15.00	adobe_ocg_v1	adobe_ocg_v1	dd47a14	1	28356	1894	65363	0.434	0.029	0.463	0.0	0.0	0	0	0	0		10	685	0
test/uploads/210623_055344-607468.pdf	45c05177644f58b88a9a26729d11c630cb9ef21b3918eca779c5f70aae8e07a8	193264	Adobe PDF library 17.00	adobe_ocg_v1	adobe_ocg_v1	dd47a14	1	25888	20147	51029	0.507	0.395	0.902	0.0	0.0	0	0	4994	0		4	528	1
test/uploads/210623_075221-844144.pdf	39abec60446c38fc5d1a04bfc81b2fb8394ccff810934758c59aa3d4cd3e5078	2445781	Adobe PDF library 15.00	adobe_ocg_v1	adobe_ocg_v1	dd47a14	1	32006	4052	102941	0.311	0.039	0.35	0.0	0.0	0	329	1150	0	(0.0, 0.68, 0.94):329	10	830	1
test/uploads/210623_093800-726419.pdf	25ec9865d81124919d9f83b6e542962c3eb329502eb6c749cc9b77342e01fbe1	151665	Adobe PDF library 17.00	adobe_ocg_v1	adobe_ocg_v1	dd47a14	1	17240	9794	32028	0.538	0.306	0.844	0.0	0.0	0	0	4994	0		2	56	1
test/uploads/210722_072812.pdf	11139d9ad27c6dd20eef153a79a4793c1470b2422adc47c1c2f9ec69f7011e6b	81423	Adobe PDF library 16.00	adobe_ocg_v1	adobe_ocg_v1	dd47a14	1	20578	14199	39770	0.517	0.357	0.874	0.0	0.0	0	0	4994	0		4	20	1
test/uploads/210722_081430.pdf	187ce435f21dea27370cf212a82f018c10f886cfc057687fa739ff02ffac56af	128492	Adobe PDF library 16.00	adobe_ocg_v1	adobe_ocg_v1	dd47a14	1	29468	13450	47912	0.615	0.281	0.896	0.0	0.0	0	0	4994	0		9	73	1
test/uploads/210823_164755-155289.pdf	2aed900e2371e0983227a0cd1af35c3b42ec5e581d82310dc6a7f2c431ce05f0	152037	Adobe PDF library 16.00	adobe_ocg_v1	adobe_ocg_v1	dd47a14	1	34738	22271	62002	0.56	0.359	0.919	0.0	0.0	0	0	4994	0		8	202	1
test/uploads/210823_175450-797236.pdf	c18dbdb938ea49d41107347b101fefadec676d2c738b279f3dd7630ca669123d	581796	Adobe PDF library 16.07	adobe_ocg_v1	adobe_ocg_v1	dd47a14	1	24582	19170	65920	0.373	0.291	0.664	0.0	0.0	0	0	188	0		7	49	1
test/uploads/210823_175457-267099.pdf	8b6345df77b344ff67bd7f3ac321fbd641af5081da75135061fea11aa0ec35b8	279691	Adobe PDF library 16.07	adobe_ocg_v1	adobe_ocg_v1	dd47a14	1	24941	19275	44216	0.564	0.436	1.0	0.0	0.0	0	0	0	0		10	62	1
test/uploads/211122_031713-325240.pdf	deeaf8e7ca863d42dd17c72e23fd15c5bf40bfac49a6c46c7eb681972a6c7bf1	1137784	Adobe PDF library 9.90	adobe_ocg_v1	adobe_ocg_v1	dd47a14	1	38823	4326	170091	0.228	0.025	0.254	0.0	0.0	0	33322	2581	1	(0.91, 0.22, 0.55):30481;(1.0, 0.98, 0.78):2841	6	907	0
test/uploads/211122_032450-523087.pdf	deeaf8e7ca863d42dd17c72e23fd15c5bf40bfac49a6c46c7eb681972a6c7bf1	1137784	Adobe PDF library 9.90	adobe_ocg_v1	adobe_ocg_v1	dd47a14	1	38823	4326	170091	0.228	0.025	0.254	0.0	0.0	0	33322	2581	1	(0.91, 0.22, 0.55):30481;(1.0, 0.98, 0.78):2841	6	907	0
test/uploads/220223_081923-126579.pdf	66e3e8b63b7ae4b7c10b7bbfa858a6bb9701ea96e958745390d14d63c2459094	152459	Adobe PDF library 17.00	adobe_ocg_v1	adobe_ocg_v1	dd47a14	1	20806	9669	35469	0.587	0.273	0.859	0.0	0.0	0	0	4994	0		2	514	1
test/uploads/220323_062859-733147.pdf	0036aeb70091aa75441294566585ad948bd60dcdf6a02e929d16919969c12193	141381	Adobe PDF library 17.00	adobe_ocg_v1	adobe_ocg_v1	dd47a14	1	81065	0	86328	0.939	0.0	0.939	0.0	0.0	0	0	5263	0		10	76	0
test/uploads/220323_071259-937088.pdf	531544d8f043a443c34c56203ed804ee5b633592dd4b0d0d9e0c3a87bb010be2	144986	Adobe PDF library 17.00	adobe_ocg_v1	adobe_ocg_v1	dd47a14	1	25637	17109	47739	0.537	0.358	0.895	0.0	0.0	0	0	4994	0		12	143	1
test/uploads/220423_014022-803425.pdf	9fdcd073fc35306240c98e8c355c8a46bb30af879fb7d6c84c8a96ae4872138d	135517	Adobe PDF library 17.00	adobe_ocg_v1	adobe_ocg_v1	dd47a14	1	24026	17222	46241	0.52	0.372	0.892	0.0	0.0	0	0	4994	0		4	128	1
test/uploads/220423_014641-103338.pdf	28851c654e9b8121af12c98d9a9c7ea003c2a3f3a6dc2db92d94649dd68deb8d	136135	Adobe PDF library 17.00	adobe_ocg_v1	adobe_ocg_v1	dd47a14	1	27598	20537	53128	0.519	0.387	0.906	0.0	0.0	0	0	4994	0		4	94	1
test/uploads/220523_094112-163736.pdf	2bdd219de9dcd170f62060a9a20b2ca447b13ab4f25dbc5b5d0043d8e7c19255	158975	Adobe PDF library 17.00	adobe_ocg_v1	adobe_ocg_v1	dd47a14	1	28034	18350	51380	0.546	0.357	0.903	0.0	0.0	0	0	4996	0		16	208	1
test/uploads/220623_012839-219223.pdf	25ec9865d81124919d9f83b6e542962c3eb329502eb6c749cc9b77342e01fbe1	151665	Adobe PDF library 17.00	adobe_ocg_v1	adobe_ocg_v1	dd47a14	1	17240	9794	32028	0.538	0.306	0.844	0.0	0.0	0	0	4994	0		2	56	1
test/uploads/220623_094311-836036.pdf	1c5a3d16b19974b732766a5d5324f2668292bbbb0a8daa3fa917d596b6d62c41	6360376	Adobe PDF library 16.07	adobe_ocg_v1	adobe_ocg_v1	dd47a14	1	21517	14337	179821	0.12	0.08	0.199	0.0	0.0	0	3057	31068	0	(0.44, 0.44, 0.7):2645;(0.18, 0.19, 0.57):413	2	38	1
test/uploads/220722_071204.pdf	05e3efb8b81a354c9518d8e967cb88fac691903a8dfb55f93b218e44ce656902	123389	Adobe PDF library 16.00	adobe_ocg_v1	adobe_ocg_v1	dd47a14	1	35011	35326	75331	0.465	0.469	0.934	0.0	0.0	0	0	4994	0		1	48	1
test/uploads/220822_070417-306229.pdf	7ab9e9d0a14249d10b928a6088c37453520fbe296dc995c2b28cfb5c4a71ae5b	139953	Adobe PDF library 16.00	adobe_ocg_v1	adobe_ocg_v1	dd47a14	1	33621	20646	59261	0.567	0.348	0.916	0.0	0.0	0	0	4994	0		6	95	1
test/uploads/220922_031638-769778.pdf	a26cda1574d10e7c7ee92bf628bd6b0f9cc16508a8c8ca7f44db55cc0097aa41	1172007	Adobe PDF library 15.00	adobe_ocg_v1	adobe_ocg_v1	dd47a14	1	41346	7991	165442	0.25	0.048	0.298	0.0	0.0	0	2063	43	0	(0.62, 0.77, 0.1):2063	6	693	1
test/uploads/220922_035809-252266.pdf	fd4d899cac1d3dfdb46010dd19532ada1c3c72562d00e6a7086e1ea317a06c11	1156131	Adobe PDF library 15.00	adobe_ocg_v1	adobe_ocg_v1	dd47a14	1	4407	3163	157800	0.028	0.02	0.048	0.0	0.0	0	8731	5581	1	(0.93, 0.11, 0.14):7787;(0.44, 0.44, 0.7):945	2	5	0
test/uploads/221222_030946-125136.pdf	3dc8dcaa0e1d05abf3889430f8b6a9bcd8f00ad73facc675f459ed17912051e7	111711	Adobe PDF library 16.00	adobe_ocg_v1	adobe_ocg_v1	dd47a14	1	14236	9443	28673	0.496	0.329	0.826	0.0	0.0	0	0	4994	0		2	50	1
test/uploads/230123_044419-552182.pdf	d47d9db1e05c31abc3c4f7a19e9296073969001e786855b4feebf62ff672daf9	637290	Adobe PDF library 16.07	adobe_ocg_v1	adobe_ocg_v1	dd47a14	1	3130	4042	26659	0.117	0.152	0.269	0.0	0.0	0	0	7088	0		2	6	1
test/uploads/230123_045101-807472.pdf	b70d84a11c3f8129c7b28f81686b17d9d241158008892dc506b87b9eb7b58e01	163306	Adobe PDF library 16.00	adobe_ocg_v1	adobe_ocg_v1	dd47a14	1	28036	27141	60171	0.466	0.451	0.917	0.0	0.0	0	0	4994	0		8	261	1
test/uploads/230223_004908-903490.pdf	72bdf8675dd09f192a3ff0059d5ceda549dec74edd485b4ad2abf711def9376f	119064	Adobe PDF library 17.00	adobe_ocg_v1	adobe_ocg_v1	dd47a14	1	14643	4899	24536	0.597	0.2	0.796	0.0	0.0	0	0	4994	0		2	44	1
test/uploads/230223_011708-164484.pdf	15f0283f3e410a94132c6d76f14935afeb174b14910a143e72cedcec406614a0	50982139	Adobe PDF library 17.00	adobe_ocg_v1	adobe_ocg_v1	dd47a14	1	3996	3656	66285	0.06	0.055	0.115	0.0	0.0	0	5405	0	1	(0.0, 0.68, 0.94):5405	1	2	1
test/uploads/230223_011844-243674.pdf	527800c88392e176f7d8bcb774cbe62b32aacfbf390d9f4d33c195b44c7c8fcc	43524609	Adobe PDF library 17.00	adobe_ocg_v1	adobe_ocg_v1	dd47a14	1	3996	3656	70437	0.057	0.052	0.109	0.0	0.0	0	5405	0	1	(0.0, 0.68, 0.94):5405	1	2	1
test/uploads/230223_074106-616418.pdf	004b0279cdd906dd2d5ecc7eaccde418f693e8855f9e967af8e0f5d6ddc0f48c	90331	Adobe PDF library 17.00	adobe_ocg_v1	adobe_ocg_v1	dd47a14	1	17014	13950	35958	0.473	0.388	0.861	0.0	0.0	0	0	4994	0		6	26	1
test/uploads/230223_075056-397155.pdf	ca5eaac846550ec1f380bc582e4399c67c117daae549181f5144ab85ede29ce4	131269	Adobe PDF library 17.00	adobe_ocg_v1	adobe_ocg_v1	dd47a14	1	20817	9269	35080	0.593	0.264	0.858	0.0	0.0	0	0	4994	0		6	59	1
test/uploads/230223_082131-352443.pdf	d0ea207790b2081aca898a5e65a0c1399564c8fc2bfc05e34244af79432d9c05	139617	Adobe PDF library 17.00	adobe_ocg_v1	adobe_ocg_v1	dd47a14	1	23215	14564	42772	0.543	0.34	0.883	0.0	0.0	0	0	4994	0		12	127	1
test/uploads/230223_090228-319882.pdf	8126c399adafe09538f46d16f08c6b4c9d465890ba43772ae4bed47efc1fbb9b	149138	Adobe PDF library 17.00	adobe_ocg_v1	adobe_ocg_v1	dd47a14	1	25115	21551	51660	0.486	0.417	0.903	0.0	0.0	0	0	4994	0		12	201	1
test/uploads/230223_090718-353593.pdf	0b0c2f474e69f0bf0e60838e93302ba34e239358e1b7b8f541208f60d0c2574c	156661	Adobe PDF library 17.00	adobe_ocg_v1	adobe_ocg_v1	dd47a14	1	25743	15343	46080	0.559	0.333	0.892	0.0	0.0	0	0	4994	0		1	237	1
test/uploads/230323_014310-113940.pdf	cfeff7dcaaf3c3a7d2ec91ecd5a4226f643ed55b51e0a14db45aa6587eb5015a	141656	Adobe PDF library 17.00	adobe_ocg_v1	adobe_ocg_v1	dd47a14	1	13947	8073	27013	0.516	0.299	0.815	0.0	0.0	0	0	4994	0		4	173	1
test/uploads/230323_055033-735130.pdf	73a7219c3230af96493845f7f8e7ac5a3cc213101a3b4d0f8fca3813b8cf74aa	278757	Adobe PDF library 16.07	adobe_ocg_v1	adobe_ocg_v1	dd47a14	1	29832	14246	44078	0.677	0.323	1.0	0.0	0.0	0	0	0	0		10	154	1
test/uploads/230323_060121-259284.pdf	73a7219c3230af96493845f7f8e7ac5a3cc213101a3b4d0f8fca3813b8cf74aa	278757	Adobe PDF library 16.07	adobe_ocg_v1	adobe_ocg_v1	dd47a14	1	29832	14246	44078	0.677	0.323	1.0	0.0	0.0	0	0	0	0		10	154	1
test/uploads/230323_064713-857688.pdf	70c3a97c5e4221f6fd95b1dcf0e2981c73c30f9f6d25ae82ec8ceb591b7f4a46	151655	Adobe PDF library 17.00	adobe_ocg_v1	adobe_ocg_v1	dd47a14	1	15561	8540	29094	0.535	0.294	0.828	0.0	0.0	0	0	4994	0		2	424	1
test/uploads/230323_065102-909247.pdf	70c3a97c5e4221f6fd95b1dcf0e2981c73c30f9f6d25ae82ec8ceb591b7f4a46	151655	Adobe PDF library 17.00	adobe_ocg_v1	adobe_ocg_v1	dd47a14	1	15561	8540	29094	0.535	0.294	0.828	0.0	0.0	0	0	4994	0		2	424	1
test/uploads/230523_021803-936695.pdf	da4552ca2dcc95f4f34c940209ae5f7239ad641cfc075432237bee065f4cd42e	2919118	Adobe PDF library 16.07	adobe_ocg_v1	adobe_ocg_v1	dd47a14	1	0	73703	73703	0.0	1.0	1.0	0.0	0.0	0	0	0	0		0	0	0
test/uploads/230523_075638-168048.pdf	068a9a9ef2488e5ac67822f8b974eae0bde9ebb2634a60288947c20718a17439	167686	Adobe PDF library 17.00	adobe_ocg_v1	adobe_ocg_v1	dd47a14	1	32073	22839	59906	0.535	0.381	0.917	0.0	0.0	0	0	4994	0		8	290	1
test/uploads/230622_043018.pdf	f7297eafcbdc2c014734360fbdf7a7c7c01b8d0cf4aa015a9ccfdcd4f2c93111	4250080	Adobe PDF library 15.00	adobe_ocg_v1	adobe_ocg_v1	dd47a14	1	10483	5454	1072484	0.01	0.005	0.015	0.0	0.0	0	1322	14234	0	(0.44, 0.44, 0.7):1322	3	219	0
test/uploads/230722_084537.pdf	e6febd7841440e91ff4b78b436a3ccb05f712b12a1c069281e7f0ab5d980eec0	83469	Adobe PDF library 16.00	adobe_ocg_v1	adobe_ocg_v1	dd47a14	1	16962	14324	36280	0.468	0.395	0.862	0.0	0.0	0	0	4994	0		4	24	1
test/uploads/230722_091658.pdf	94fb5b3ffe4c6ee2efde77072447a61f8a3d1837c8ab4310b83df9e041bce7fc	120762	Adobe PDF library 16.00	adobe_ocg_v1	adobe_ocg_v1	dd47a14	1	17225	9669	31888	0.54	0.303	0.843	0.0	0.0	0	0	4994	0		3	25	1
test/uploads/230822_021730-724052.pdf	08027bb84371bb93ce778bfbc16a46b2267cdbd2f1dae030bd913be5fe2b1448	119008	Adobe PDF library 16.00	adobe_ocg_v1	adobe_ocg_v1	dd47a14	1	17920	14901	37815	0.474	0.394	0.868	0.0	0.0	0	0	4994	0		4	24	1
test/uploads/230822_061730-674229.pdf	cd7d172243c1d50f6469e3544747c2bb9f84d09068fd7fb3392b7137e2287557	134807	Adobe PDF library 16.00	adobe_ocg_v1	adobe_ocg_v1	dd47a14	1	29785	24301	59080	0.504	0.411	0.915	0.0	0.0	0	0	4994	0		10	34	1
test/uploads/230822_083623-506626.pdf	9d026fb5e1ffa9ca6525f62b4a08fcba569517fad1328f48382615a3c6dd52a0	191858	Adobe PDF library 16.00	adobe_ocg_v1	adobe_ocg_v1	dd47a14	1	44520	29181	78695	0.566	0.371	0.937	0.0	0.0	0	0	4994	0		16	368	1
test/uploads/230822_083640-276971.pdf	9d026fb5e1ffa9ca6525f62b4a08fcba569517fad1328f48382615a3c6dd52a0	191858	Adobe PDF library 16.00	adobe_ocg_v1	adobe_ocg_v1	dd47a14	1	44520	29181	78695	0.566	0.371	0.937	0.0	0.0	0	0	4994	0		16	368	1
test/uploads/230822_083655-877715.pdf	9d026fb5e1ffa9ca6525f62b4a08fcba569517fad1328f48382615a3c6dd52a0	191858	Adobe PDF library 16.00	adobe_ocg_v1	adobe_ocg_v1	dd47a14	1	44520	29181	78695	0.566	0.371	0.937	0.0	0.0	0	0	4994	0		16	368	1
test/uploads/230822_083712-195835.pdf	9d026fb5e1ffa9ca6525f62b4a08fcba569517fad1328f48382615a3c6dd52a0	191858	Adobe PDF library 16.00	adobe_ocg_v1	adobe_ocg_v1	dd47a14	1	44520	29181	78695	0.566	0.371	0.937	0.0	0.0	0	0	4994	0		16	368	1
test/uploads/230823_170655-813571.pdf	b6e21d039e2787d8f13c1fc257299639c4c0fe7b553d4992d608d9a988d65486	2585468	Adobe PDF library 16.07	adobe_ocg_v1	adobe_ocg_v1	dd47a14	1	11441	7721	125088	0.091	0.062	0.153	0.0	0.0	0	1166	12745	0	(0.44, 0.44, 0.7):934;(0.18, 0.19, 0.57):232	2	138	1
test/uploads/231122_020440-977898.pdf	340d4d1583c55bfb2cdc86ff56c71f8cc28a29813a6ed235fec2aa61a0a267b4	123986	Adobe PDF library 16.00	adobe_ocg_v1	adobe_ocg_v1	dd47a14	1	34917	31748	71659	0.487	0.443	0.93	0.0	0.0	0	0	4994	0		1	56	1
test/uploads/231122_022121-358144.pdf	32de0632377659fbd00c2acac18e933d196b8dea74861be7abf88cafaa238d4f	152091	Adobe PDF library 16.00	adobe_ocg_v1	adobe_ocg_v1	dd47a14	1	32362	27343	64699	0.5	0.423	0.923	0.0	0.0	0	0	4994	0		1	312	1
test/uploads/231122_025009-495421.pdf	bb7f81360771415dde145d65e82c4e24af2983125abafeee2ba2a761577b8b34	135781	Adobe PDF library 16.00	adobe_ocg_v1	adobe_ocg_v1	dd47a14	1	26397	20741	52132	0.506	0.398	0.904	0.0	0.0	0	0	4994	0		6	154	1
test/uploads/231122_031106-115740.pdf	70fe1456a2fb3eec8d4614e692e5e327befd269d4b4bc6127ede2ffe15a053db	152989	Adobe PDF library 16.00	adobe_ocg_v1	adobe_ocg_v1	dd47a14	1	33177	25528	63698	0.521	0.401	0.922	0.0	0.0	0	0	4994	0		17	231	1
test/uploads/231122_045240-959034.pdf	e09b4ca64d399540dddb4d732c06ff13181be96df9e0b5d8a79227b7863b3233	3075053	Adobe PDF library 16.04	adobe_ocg_v1	adobe_ocg_v1	dd47a14	1	2728	2335	59475	0.046	0.039	0.085	0.0	0.0	0	0	9159	0		2	2	1
test/uploads/231122_085405-229789.pdf	e8b0d9341286fe9417cc1df6edde9628558160a68adb7195085c45fea6962712	3275433	Adobe PDF library 15.00	adobe_ocg_v1	adobe_ocg_v1	dd47a14	1	3130	4042	68658	0.046	0.059	0.104	0.0	0.0	0	0	7078	0		2	6	1
test/uploads/231122_085424-162110.pdf	b2ec0452e9bfd6cba5c67a14d18c6c71aeecdf077816c11e0ba8b4735dd68e24	167847	Adobe PDF library 16.00	adobe_ocg_v1	adobe_ocg_v1	dd47a14	1	41625	40711	87329	0.477	0.466	0.943	0.0	0.0	0	0	4994	0		13	381	1
test/uploads/231122_085912-949454.pdf	a417f259e46dbb643f4da5862c75fc85c36435e16d67900ece55589865e508dc	127548	Adobe PDF library 16.00	adobe_ocg_v1	adobe_ocg_v1	dd47a14	1	23797	15296	44087	0.54	0.347	0.887	0.0	0.0	0	0	4994	0		5	81	1
test/uploads/231122_090340-282383.pdf	19292092c16439eb9ffc9da345f4e22238fc33f8fae3029673c2e17e62d4fff7	2808524	Adobe PDF library 16.04	adobe_ocg_v1	adobe_ocg_v1	dd47a14	1	1800	1508	45951	0.039	0.033	0.072	0.0	0.0	0	0	5535	0		1	2	1
test/uploads/231122_090400-242953.pdf	0c7937c8427a61017883af54cdf066796563a2a13705da6569ea13df91ad968e	152907	Adobe PDF library 16.00	adobe_ocg_v1	adobe_ocg_v1	dd47a14	1	23932	11459	41245	0.58	0.278	0.858	0.0	0.0	0	0	5854	0		1	195	1
test/uploads/240123_033300-527914.pdf	df46d7fd066ca8f8bb19febd0b843fc6e2decde3b17a8cf0ebe52736da9256d7	147013	Adobe PDF library 16.00	adobe_ocg_v1	adobe_ocg_v1	dd47a14	1	26343	15200	46537	0.566	0.327	0.893	0.0	0.0	0	0	4994	0		12	178	1
test/uploads/240223_001741-981567.pdf	f7ca28b8deff155d3966e2e9ac28791ac8e485eebd00418474d05c96a65ae4c7	1583040	Adobe PDF library 17.00	adobe_ocg_v1	adobe_ocg_v1	dd47a14	1	2746	2753	43493	0.063	0.063	0.126	0.0	0.0	0	3306	1678	1	(0.0, 0.68, 0.94):3306;(0.92, 0.2, 0.17):0	1	2	1
test/uploads/240323_064654-871145.pdf	9d12bff7b3799d16a61b07618ea9a933506703fe1f936214f31a2f8ebc0abbf1	137079	Adobe PDF library 17.00	adobe_ocg_v1	adobe_ocg_v1	dd47a14	1	17843	13907	36743	0.486	0.378	0.864	0.0	0.0	0	0	4994	0		4	106	1
test/uploads/240323_091727-491189.pdf	50f2c753effc3cc533c7ff3d869e14c97e1d7ad8bd9bfa95cf7b459b0f67766c	265073	Adobe PDF library 17.00	adobe_ocg_v1	adobe_ocg_v1	dd47a14	1	12260	4974	17234	0.711	0.289	1.0	0.0	0.0	0	0	0	0		2	38	1
test/uploads/240423_084648-707954.pdf	9a40a2efe5996d6932b59f6d811d7defca2d702c4ab28df181fb400e54760030	2992128	Adobe PDF library 16.07	adobe_ocg_v1	adobe_ocg_v1	dd47a14	1	33280	20257	204041	0.163	0.099	0.262	0.0	0.0	0	5445	43861	1	(0.4, 0.17, 0.57):4049;(0.97, 0.58, 0.12):1091;(0.93, 0.0, 0.55):227;(0.0, 0.68, 0.94):78	4	192	1
test/uploads/240423_084740-284996.pdf	b3fa43ed19fb6e340fb2cf9f491dbd058473e04c948139351b3c2257d38199a6	327226	Adobe PDF library 16.07	adobe_ocg_v1	adobe_ocg_v1	dd47a14	1	12394	10280	22675	0.547	0.453	1.0	0.0	0.0	0	0	0	0		1	101	1
test/uploads/240423_084745-783663.pdf	ef38100c955195a55f9126085e93e9cf3cb0703679b35f523219ce5333c931f8	349188	Adobe PDF library 16.07	adobe_ocg_v1	adobe_ocg_v1	dd47a14	1	19173	12446	31619	0.606	0.394	1.0	0.0	0.0	0	0	0	0		4	243	1
test/uploads/240523_042718-888527.pdf	745c03271a8e8f3548361b389f7707323b895ff344f1fa05ee9894de246f3bcd	1243410	Adobe PDF library 15.00	adobe_ocg_v1	adobe_ocg_v1	dd47a14	1	8903	3819	154002	0.058	0.025	0.083	0.0	0.0	0	1393	11845	0	(0.44, 0.44, 0.7):1322;(0.87, 0.51, 0.15):70;(0.16, 0.17, 0.45):0	3	149	0
test/uploads/240723_121031-729927.pdf	42c6e5301f5b36dfefd3a53564e1554efb907a3922c4fbc88a07e18381f58d2c	3058616	Adobe PDF library 15.00	adobe_ocg_v1	adobe_ocg_v1	dd47a14	1	40361	4599	259841	0.155	0.018	0.173	0.0	0.0	0	26070	12459	1	(0.15, 0.21, 0.5):25132;(0.67, 0.88, 0.95):558;(0.9, 0.0, 0.49):321;(0.33, 0.76, 0.89):59	6	753	0
test/uploads/240723_133120-886636.pdf	099c0ffa77fad063fd32d78d230507745ce7c5b6c2138bc50751692dac77f392	2945829	Adobe PDF library 15.00	adobe_ocg_v1	adobe_ocg_v1	dd47a14	1	44954	3223	226930	0.198	0.014	0.212	0.0	0.0	0	20656	11882	1	(0.14, 0.2, 0.42):19809;(0.67, 0.88, 0.95):530;(0.9, 0.0, 0.49):317	6	827	0
test/uploads/240723_134539-879158.pdf	423b88a94291649ee64ceb9c4f43571f6cc5eb0ead45e41d48b0b3b8e237064c	3006906	Adobe PDF library 15.00	adobe_ocg_v1	adobe_ocg_v1	dd47a14	1	34122	3042	221737	0.154	0.014	0.168	0.0	0.0	0	19546	12240	1	(0.14, 0.2, 0.42):18694;(0.67, 0.88, 0.95):530;(0.9, 0.0, 0.49):321	5	738	0
test/uploads/240723_141140-525391.pdf	2632475b73051c4403a313cd15aba260d292e48aca7a67bba30fa333619b395c	2967111	Adobe PDF library 15.00	adobe_ocg_v1	adobe_ocg_v1	dd47a14	1	41136	5918	274665	0.15	0.022	0.171	0.0	0.0	0	29853	24758	1	(0.15, 0.21, 0.5):28916;(0.67, 0.88, 0.95):558;(0.9, 0.0, 0.49):321;(0.33, 0.76, 0.89):59	5	753	0
test/uploads/240822_022944-773390.pdf	40c36223c7e4a8ac21b19ff99506221ca166e94bfb619c4aa9696035e142cc95	1015553	Adobe PDF library 15.00	adobe_ocg_v1	adobe_ocg_v1	dd47a14	1	9216	7904	147646	0.062	0.054	0.116	0.0	0.0	0	3846	11408	1	(0.12, 0.62, 0.85):2265;(0.44, 0.44, 0.7):1322;(0.0, 0.68, 0.94):206;(0.93, 0.55, 0.46):52	2	26	1
test/uploads/240822_080749-889121.pdf	61e5c1b8bd626dd23ea99dcb3095b6fa39ad239b237bc12b76229e1cdde9fbad	153565	Adobe PDF library 16.07	adobe_ocg_v1	adobe_ocg_v1	dd47a14	1	20374	12917	33291	0.612	0.388	1.0	0.0	0.0	0	0	0	0		4	169	1
test/uploads/240822_092414-117266.pdf	32a72a81a4fbc8c2d8cf15f1bffb5bd0958ccef66490b5f4de44b2ef00a1972e	2462555	Adobe PDF library 16.07	adobe_ocg_v1	adobe_ocg_v1	dd47a14	1	17376	4810	752241	0.023	0.006	0.029	0.0	0.0	0	0	0	0	(0.0, 0.41, 0.22):0	7	244	0
test/uploads/240823_173841-128710.pdf	429e9eb3ce9049cb7b8426de05e3c246be2f564ec7791ed5b27e875571e1bb15	8808793	Adobe PDF library 15.00	adobe_ocg_v1	adobe_ocg_v1	dd47a14	1	30697	2882	915380	0.034	0.003	0.037	0.0	0.0	0	2258	4773	0	(0.97, 0.91, 0.0):1688;(0.47, 0.72, 0.16):570	10	811	0
test/uploads/240823_180950-483593.pdf	8badb9cbc3294342de7290a98f9e9bb97533404b3184488cccca8017ff215db3	609452	Adobe PDF library 15.00	adobe_ocg_v1	adobe_ocg_v1	dd47a14	1	35445	5238	128202	0.276	0.041	0.317	0.0	0.0	0	3584	1559	1	(0.96, 0.71, 0.12):3584	8	710	1
test/uploads/241122_010929-172355.pdf	db3a053b861864b2326c7f9388c5e4789dcec0049b83261ca495049b2965682a	557470	Adobe PDF library 15.00	adobe_ocg_v1	adobe_ocg_v1	dd47a14	1	7057	4617	121759	0.058	0.038	0.096	0.0	0.0	0	63230	6827	1	(0.5, 0.76, 0.93):61908;(0.47, 0.43, 0.69):1322	1	45	1
test/uploads/241122_010932-944630.pdf	d1b6f7b6893b44858ad9295ebc9cada79d1bfdc73e85ee8300c69cb03b8da401	592375	Adobe PDF library 16.07	adobe_ocg_v1	adobe_ocg_v1	dd47a14	1	5412	5233	118855	0.046	0.044	0.09	0.0	0.0	0	63369	8346	1	(0.67, 0.29, 0.16):61909;(0.44, 0.44, 0.7):1322;(0.93, 0.0, 0.55):138	1	3	1
test/uploads/241122_023931-889486.pdf	7d4dbabc64cbfe67ee1e8845c2736aec02ca3d07822489da181f54b002be3f6b	754540	Adobe PDF library 16.03	adobe_ocg_v1	adobe_ocg_v1	dd47a14	1	11208	160	147832	0.076	0.001	0.077	0.0	0.0	0	1785	7505	0	(0.45, 0.44, 0.7):1544;(0.93, 0.11, 0.14):241	4	168	0
test/uploads/241122_044200-539740.pdf	608b33aff37fe80579f6b6d28ee21f293108af8c556a14a27ef7f35faa8c3741	157950	Adobe PDF library 16.00	adobe_ocg_v1	adobe_ocg_v1	dd47a14	1	34689	22870	62553	0.555	0.366	0.92	0.0	0.0	0	0	4994	0		18	241	1
test/uploads/241122_045346-771326.pdf	52c7ed5a0c73553dc7af6c80bd46eccd3e5161b207b0f5a1085b97e63ff51230	143598	Adobe PDF library 16.00	adobe_ocg_v1	adobe_ocg_v1	dd47a14	1	25276	17971	48241	0.524	0.373	0.896	0.0	0.0	0	0	4994	0		9	213	1
test/uploads/241122_060944-871172.pdf	f7bfc6e2307187024eee1cc3ef1781fb2aec575540b7587a6bd1273d00294950	260683	Adobe PDF library 16.07	adobe_ocg_v1	adobe_ocg_v1	dd47a14	1	15056	0	15056	1.0	0.0	1.0	0.0	0.0	0	0	0	0		1	164	0
test/uploads/241122_083619-243940.pdf	371309a762ec9819a384fb9a30de133ddcc5fedcd666cdb1cc43e29e08f2b266	138826	Adobe PDF library 16.00	adobe_ocg_v1	adobe_ocg_v1	dd47a14	1	28282	26073	59348	0.477	0.439	0.916	0.0	0.0	0	0	4994	0		11	171	1
test/uploads/241222_055528-614736.pdf	0f2977dda7f3777853496c8efbd80ccee0b35d0f9b64046d87716482eb0cfa27	135437	Adobe PDF library 16.00	adobe_ocg_v1	adobe_ocg_v1	dd47a14	1	17317	11832	34143	0.507	0.347	0.854	0.0	0.0	0	0	4994	0		4	136	1
test/uploads/250123_020658-239193.pdf	5ad33536c7831df307bfdc911dccba659de1638d7bd1d96dc24ba27a74a11650	131482	Adobe PDF library 16.00	adobe_ocg_v1	adobe_ocg_v1	dd47a14	1	18975	13789	37758	0.503	0.365	0.868	0.0	0.0	0	0	4994	0		6	119	1
test/uploads/250423_063047-411342.pdf	222cc306bf2764a9caf05affbcb8c0ad1280fe39cce47c7f466befb5b05c47ae	134276	Adobe PDF library 17.00	adobe_ocg_v1	adobe_ocg_v1	dd47a14	1	22086	10469	37548	0.588	0.279	0.867	0.0	0.0	0	0	4994	0		4	118	1
test/uploads/250423_082023-799210.pdf	6514a94b66781a0eb33ab37ef316c554a0c68339de371b05195695e6319ae963	153929	Adobe PDF library 17.00	adobe_ocg_v1	adobe_ocg_v1	dd47a14	1	28542	21100	54636	0.522	0.386	0.909	0.0	0.0	0	0	4994	0		10	175	1
test/uploads/250523_032017-875641.pdf	14475577eb8ebcc31fd8ebbe2064a3842ec14f2c76e6b2740ce8a84258108ae5	148860	Adobe PDF library 17.00	adobe_ocg_v1	adobe_ocg_v1	dd47a14	1	25908	16299	47200	0.549	0.345	0.894	0.0	0.0	0	0	4994	0		9	139	1
test/uploads/250523_084955-906068.pdf	58bd4be7a0b02d0601e1289ac74348b24d2153c0b0e04ae4365391f90052e7b3	661898	Adobe PDF library 16.07	adobe_ocg_v1	adobe_ocg_v1	dd47a14	1	3751	3319	69221	0.054	0.048	0.102	0.0	0.0	0	1166	6474	0	(0.44, 0.44, 0.7):934;(0.93, 0.11, 0.14):232	1	21	1
test/uploads/250523_084958-116854.pdf	3c31840bce061ca93523a48018087cd58d3187a26de8457ec138c7d5c3c1b653	2145320	Adobe PDF library 16.07	adobe_ocg_v1	adobe_ocg_v1	dd47a14	1	3751	3319	70496	0.053	0.047	0.1	0.0	0.0	0	1166	6451	0	(0.47, 0.43, 0.69):934;(0.89, 0.0, 0.06):232	1	21	1
test/uploads/250722_052348.pdf	72fe67f59ea9b6f45b5bc2752d753f58fc7c550698cc5ffc42068ad27625d18c	104849	Adobe PDF library 16.07	adobe_ocg_v1	adobe_ocg_v1	dd47a14	1	24192	19073	43265	0.559	0.441	1.0	0.0	0.0	0	0	0	0		1	22	1
test/uploads/250822_032758-836693.pdf	fcecc5af8aa9427c2a3e0f5edf37c825959fbf6a635c6cfaae3407f642f2c7ca	142284	Adobe PDF library 16.00	adobe_ocg_v1	adobe_ocg_v1	dd47a14	1	77066	0	82060	0.939	0.0	0.939	0.0	0.0	0	0	4994	0		50	116	0
test/uploads/250822_063324-643419.pdf	1a9b1c9c6a6f7ca08a6fc47db523af754ab9dee0761881d16be828b0af75f632	124863	Adobe PDF library 16.00	adobe_ocg_v1	adobe_ocg_v1	dd47a14	1	20181	17589	43624	0.463	0.403	0.866	0.0	0.0	0	0	5854	0		6	8	1
test/uploads/250822_063327-415453.pdf	93cd02df88a05c5695fefda3c46eefb908e6adf4b7aa939455c8be7a23c36c98	130384	Adobe PDF library 16.00	adobe_ocg_v1	adobe_ocg_v1	dd47a14	1	27768	23452	56214	0.494	0.417	0.911	0.0	0.0	0	0	4994	0		8	26	1
test/uploads/250822_092456-554649.pdf	6877351c2c93c609f37c52698065efb4f44af06d4a3ae2c24ea5d0e4bbe6c37a	1289976	Adobe PDF library 16.04	adobe_ocg_v1	adobe_ocg_v1	dd47a14	1	24907	26065	50972	0.489	0.511	1.0	0.0	0.0	0	0	0	0		4	179	1
test/uploads/250823_101229-155289.pdf	e169d1c4cd0785f4b86098cf3cc2432fe1f109bec54a171f82977130658fec58	5809699	Adobe PDF library 17.00	adobe_ocg_v1	adobe_ocg_v1	dd47a14	2	17530	1486	187065	0.094	0.008	0.102	0.0	0.0	0	11459	20948	1	(0.93, 0.0, 0.55):9577;(0.0, 0.68, 0.94):1220;(0.75, 0.74, 0.51):360;(0.0, 0.68, 0.9):303	2	138	0
test/uploads/250823_141908-661798.PDF	3eb40d1b074f2b49cb50f78ffb1acab95c8d66c5cc3292004b0e498237385ea1	2525634	Adobe PDF library 16.07	adobe_ocg_v1	adobe_ocg_v1	dd47a14	1	2599	1844	40545	0.064	0.045	0.11	0.0	0.0	0	1166	4765	1	(0.44, 0.44, 0.7):934;(0.0, 0.68, 0.94):232	1	15	1
test/uploads/250823_141911-487341.PDF	6e6624d3dd01a6137f2339bf33da615a060bcdb287ccdf15987487f8ffb6f708	162309	Adobe PDF library 16.00	adobe_ocg_v1	adobe_ocg_v1	dd47a14	1	42450	29508	76952	0.552	0.383	0.935	0.0	0.0	0	0	4994	0		20	268	1
test/uploads/251022_063539-602453.pdf	fdf3104a51b5f652dfb35148d3d084a94ef5f334072877e1327e3a2e0596b95b	159274	Adobe PDF library 16.00	adobe_ocg_v1	adobe_ocg_v1	dd47a14	1	33689	25592	64275	0.524	0.398	0.922	0.0	0.0	0	0	4994	0		9	348	1
test/uploads/251022_085811-444821.pdf	3c0de781c1a1a8eb534c4b4b7faf344e5667bde80f96e638c919751986d42af6	163445	Adobe PDF library 16.00	adobe_ocg_v1	adobe_ocg_v1	dd47a14	1	27124	15365	47483	0.571	0.324	0.895	0.0	0.0	0	0	4994	0		6	613	1
test/uploads/251122_072344-259522.pdf	9e5976b77f119a9621a0ad733c456051c2f14ff740e0d4a34b91daa83f951ab1	149651	Adobe PDF library 16.00	adobe_ocg_v1	adobe_ocg_v1	dd47a14	1	35150	38294	78438	0.448	0.488	0.936	0.0	0.0	0	0	4994	0		15	306	1
test/uploads/260123_051323-673899.pdf	44f1da4563b2e65255261117965083677fac4ee47bf912586516a6c934b4dc34	117569	Adobe PDF library 16.00	adobe_ocg_v1	adobe_ocg_v1	dd47a14	1	14855	7448	27296	0.544	0.273	0.817	0.0	0.0	0	0	4994	0		1	52	1
test/uploads/260123_051327-156577.pdf	b34ff7c1638054c9115b65be8151ac00d344156a7614dda99fec78cdbe0cd6d2	118088	Adobe PDF library 16.00	adobe_ocg_v1	adobe_ocg_v1	dd47a14	1	15327	7718	28038	0.547	0.275	0.822	0.0	0.0	0	0	4994	0		3	52	1
test/uploads/260123_052801-256525.pdf	8362490f9cc9d817e01a8f6020ec79203ef5979ae596fb23105320a6ddfe40ac	592406	Adobe PDF library 16.03	adobe_ocg_v1	adobe_ocg_v1	dd47a14	1	4420	2588	55822	0.079	0.046	0.126	0.0	0.0	0	1529	6320	1	(0.44, 0.44, 0.7):1322;(0.0, 0.68, 0.94):206;(0.78, 0.03, 0.31):0	1	46	1
test/uploads/260423_024548-289311.pdf	cbbe745e7f7bc138234f9a7f43c5bbc73e72a036252901e5f3fb9e03461b109f	49321	Adobe PDF library 15.00	adobe_ocg_v1	adobe_ocg_v1	dd47a14	1	113970	0	113970	1.0	0.0	1.0	0.0	0.0	0	0	0	0		8	136	0
test/uploads/260523_024144-591312.pdf	0f3e4c74f0fe256771ecc3812df8d1b314caf049746a494e8883b1f010b4107b	121683	Adobe PDF library 17.00	adobe_ocg_v1	adobe_ocg_v1	dd47a14	1	14485	7198	27019	0.536	0.266	0.803	0.0	0.0	0	0	5335	0		2	76	1
test/uploads/260523_024148-433287.pdf	905c1c1ea36693b1e8a892bcec61698177e3575de62cb6235d0572828fedab75	131739	Adobe PDF library 17.00	adobe_ocg_v1	adobe_ocg_v1	dd47a14	1	24572	12574	42480	0.578	0.296	0.874	0.0	0.0	0	0	5335	0		8	106	1
test/uploads/260523_081531-973193.pdf	f739813188b95fa1ab272ff4891c2b21a7454bc80155e9e3fa74940021ed3e2a	146646	Adobe PDF library 17.00	adobe_ocg_v1	adobe_ocg_v1	dd47a14	1	17303	11215	34372	0.503	0.326	0.83	0.0	0.0	0	0	5854	0		3	413	1
test/uploads/260623_021935-127119.pdf	17c66c956f8c5b00dccf32fd1386809e759f39a9445f82989b22098ba3684039	78785	Adobe PDF library 15.00	adobe_ocg_v1	adobe_ocg_v1	dd47a14	1	20970	14179	35149	0.597	0.403	1.0	0.0	0.0	0	0	0	0		2	58	1
test/uploads/260722_060621.pdf	b9b73834ffcaba2a3d71d0b240cf860d2704b11f663bc0946393dfd41b54cbc1	122827	Adobe PDF library 16.00	adobe_ocg_v1	adobe_ocg_v1	dd47a14	1	15279	17267	37845	0.404	0.456	0.86	0.0	0.0	0	306	4994	0	(0.72, 0.32, 0.62):306	2	32	1
test/uploads/260723_145908-864681.pdf	314456f75646a1bfde1f4767064c5755e9fed427a78902d671af07cc9a1b51e1	3265770	Adobe PDF library 17.00	adobe_ocg_v1	adobe_ocg_v1	dd47a14	1	6010	3722	74355	0.081	0.05	0.131	0.0	0.0	0	1182	7298	0	(0.44, 0.44, 0.7):934;(0.0, 0.68, 0.94):249	2	77	1
test/uploads/260822_030716-246077.pdf	7a5d272cc5c0a2cb5dda9b48b70eccc517365c9bbbb16680b3c8d35e9c447d95	132320	Adobe PDF library 16.00	adobe_ocg_v1	adobe_ocg_v1	dd47a14	1	22355	27268	54617	0.409	0.499	0.909	0.0	0.0	0	0	4994	0		12	28	1
test/uploads/260922_072935-386497.pdf	74b781c9451d47cd86e28f330b7c1b569e89f465214ced5cdcc60909e114dc22	46514	Adobe PDF library 15.00	adobe_ocg_v1	adobe_ocg_v1	dd47a14	1	7833	4685	19170	0.409	0.244	0.653	0.0	0.0	0	0	6653	0		1	143	1
test/uploads/260922_095302-336922.pdf	d018be90dafae27ad03a75ae6cdc28df4c306109255e086195232162b7dc3897	130960	Adobe PDF library 16.00	adobe_ocg_v1	adobe_ocg_v1	dd47a14	1	26793	19203	50990	0.525	0.377	0.902	0.0	0.0	0	0	4994	0		5	44	1
test/uploads/260922_095550-592517.pdf	d018be90dafae27ad03a75ae6cdc28df4c306109255e086195232162b7dc3897	130960	Adobe PDF library 16.00	adobe_ocg_v1	adobe_ocg_v1	dd47a14	1	26793	19203	50990	0.525	0.377	0.902	0.0	0.0	0	0	4994	0		5	44	1
test/uploads/261022_063912-721110.pdf	6ebdf2bf76c58ba8402ee0b5a3fe60ab5b98ef55cee0cac2c9831a8d7ad69516	2148927	Adobe PDF library 16.07	adobe_ocg_v1	adobe_ocg_v1	dd47a14	1	2449	2911	111147	0.022	0.026	0.048	0.0	0.0	0	33053	9274	1	(0.91, 0.74, 0.44):23736;(0.0, 0.68, 0.94):5540;(0.44, 0.44, 0.7):1152;(0.94, 0.29, 0.47):802;(0.92, 0.77, 0.61):524;(0.22, 0.15, 0.5):331	2	2	0
test/uploads/261022_063920-265236.pdf	2e5d6306887478a1b27df4ca65af379c1a699bcd76470e21d0415fb86d2fd526	2128354	Adobe PDF library 16.07	adobe_ocg_v1	adobe_ocg_v1	dd47a14	1	2449	2911	108282	0.023	0.027	0.049	0.0	0.0	0	33360	8742	1	(0.91, 0.74, 0.44):23202;(0.0, 0.68, 0.94):5540;(0.44, 0.44, 0.7):1152;(0.94, 0.29, 0.47):1142;(0.38, 0.73, 0.28):571;(0.92, 0.77, 0.61):386	2	2	0
test/uploads/261022_063925-829874.pdf	1ada5e06940c14b3234602af6c67edb521de2eb893a0c7a532bb7d93db8a0b6e	2027210	Adobe PDF library 16.07	adobe_ocg_v1	adobe_ocg_v1	dd47a14	1	2449	2911	106520	0.023	0.027	0.05	0.0	0.0	0	29390	9274	1	(0.91, 0.74, 0.44):20533;(0.0, 0.68, 0.94):4779;(0.44, 0.44, 0.7):1152;(0.94, 0.29, 0.46):1126;(0.99, 0.84, 0.75):528;(0.22, 0.15, 0.5):365	2	2	0
test/uploads/261022_063929-516534.pdf	19dc6136922a6e162f5dd15c2b481b050d0ecc6f15d43959bf6054bf714ba8a9	2033122	Adobe PDF library 16.07	adobe_ocg_v1	adobe_ocg_v1	dd47a14	1	2449	2911	106844	0.023	0.027	0.05	0.0	0.0	0	29938	9274	1	(0.91, 0.74, 0.44):20533;(0.0, 0.68, 0.94):5540;(0.44, 0.44, 0.7):1152;(0.94, 0.29, 0.46):1084;(0.97, 0.82, 0.59):503;(0.22, 0.15, 0.5):365	2	2	0
test/uploads/270123_084416-352653.pdf	4bea0bac91ef4e6bf863bedd22b3a33133bbebdef3512ef838b1c616ece5295e	191904	Adobe PDF library 16.00	adobe_ocg_v1	adobe_ocg_v1	dd47a14	1	28760	16665	51278	0.561	0.325	0.886	0.0	0.0	0	0	5854	0		1	542	1
test/uploads/270123_084451-934028.pdf	4bea0bac91ef4e6bf863bedd22b3a33133bbebdef3512ef838b1c616ece5295e	191904	Adobe PDF library 16.00	adobe_ocg_v1	adobe_ocg_v1	dd47a14	1	28760	16665	51278	0.561	0.325	0.886	0.0	0.0	0	0	5854	0		1	542	1
test/uploads/270123_085954-384524.pdf	71fa9d86eea98f1847880dcf5ee77adb49106c76a40cc099c21a62650680c43b	10155661	Adobe PDF library 16.07	adobe_ocg_v1	adobe_ocg_v1	dd47a14	1	158	0	43222	0.004	0.0	0.004	0.0	0.0	0	417	2279	0	(0.44, 0.44, 0.7):330;(0.0, 0.68, 0.94):88	1	2	0
test/uploads/270123_090046-474911.pdf	0ea7e516493a6d8729647f33f55e9a39f6371acbe066e3e1864362e51012ce66	117762	Adobe PDF library 16.00	adobe_ocg_v1	adobe_ocg_v1	dd47a14	1	2414	0	8268	0.292	0.0	0.292	0.0	0.0	0	0	5854	0		1	35	0
test/uploads/270123_090117-601831.pdf	0ea7e516493a6d8729647f33f55e9a39f6371acbe066e3e1864362e51012ce66	117762	Adobe PDF library 16.00	adobe_ocg_v1	adobe_ocg_v1	dd47a14	1	2414	0	8268	0.292	0.0	0.292	0.0	0.0	0	0	5854	0		1	35	0
test/uploads/270223_003928-967662.pdf	a69549db6ef637faeda3741a8c60552d6cac27a391d0b1d90d33bbdf396c7d94	120582	Adobe PDF library 17.00	adobe_ocg_v1	adobe_ocg_v1	dd47a14	1	12599	6803	24395	0.516	0.279	0.795	0.0	0.0	0	0	4994	0		1	44	1
test/uploads/270223_011051-244369.pdf	897b1061a413559bfed449f22fa30e8a0958858095518cea2fcc468397f3d291	1765226	Adobe PDF library 16.00	adobe_ocg_v1	adobe_ocg_v1	dd47a14	1	11039	1286	89250	0.124	0.014	0.138	0.0	0.0	0	6884	10287	1	(0.0, 0.68, 0.94):6884;(0.93, 0.11, 0.14):0	1	5	0
test/uploads/270223_031004-897959.pdf	9af0f457aa53665b5c66b8c7126f9873818fc79d761e64e909a6eaeddaef3a41	132021	Adobe PDF library 17.00	adobe_ocg_v1	adobe_ocg_v1	dd47a14	1	12346	7357	24696	0.5	0.298	0.798	0.0	0.0	0	0	4994	0		6	86	1
test/uploads/270223_054022-364754.pdf	a69549db6ef637faeda3741a8c60552d6cac27a391d0b1d90d33bbdf396c7d94	120582	Adobe PDF library 17.00	adobe_ocg_v1	adobe_ocg_v1	dd47a14	1	12599	6803	24395	0.516	0.279	0.795	0.0	0.0	0	0	4994	0		1	44	1
test/uploads/270323_011944-567920.pdf	a1f75d6e0224427cdd51abfcc0514b1c78f2c29f60748436f0984284d6b814f5	233866	Adobe PDF library 17.00	adobe_ocg_v1	adobe_ocg_v1	dd47a14	1	69304	31914	106212	0.653	0.3	0.953	0.0	0.0	0	0	4994	0		1	461	1
test/uploads/270323_012240-956823.pdf	3370e2507bbe9e71c089d9d38cee29eb30b2c14c20133aa81b73141f1ab01de6	113519	Adobe PDF library 16.00	adobe_ocg_v1	adobe_ocg_v1	dd47a14	1	35735	23141	63869	0.559	0.362	0.922	0.0	0.0	0	0	4994	0		20	110	1
test/uploads/270323_014503-486920.pdf	fdabd9251501fd4481c40cdbb0d2f69456eb32e8df0a2afc9422d7c544f399e1	542294	Adobe PDF library 15.00	adobe_ocg_v1	adobe_ocg_v1	dd47a14	1	26651	2202	56216	0.474	0.039	0.513	0.0	0.0	0	217	324	0	(0.15, 0.18, 0.5):217;(0.9, 0.0, 0.25):0	10	686	1
test/uploads/270323_015250-286769.pdf	65340d2b2b949b7d18d665b1e5c3ee6ee3d2df487e0be389f6da49d78c35caec	134922	Adobe PDF library 17.00	adobe_ocg_v1	adobe_ocg_v1	dd47a14	1	23344	5089	33426	0.698	0.152	0.851	0.0	0.0	0	0	4994	0		2	98	1
test/uploads/270323_020936-742698.pdf	4cb52d69077412c83655c45fd6b262aab16d54cc6f999d9e46dbb9657a375e28	120041	Adobe PDF library 15.00	adobe_ocg_v1	adobe_ocg_v1	dd47a14	1	30034	0	30034	1.0	0.0	1.0	0.0	0.0	0	0	0	0		4	65	0
test/uploads/270323_083929-888288.pdf	61e32859c0d8b041d28121d1c2d99b16b6eeddbe6b981af2fd7589a841e1e20a	824701	Adobe PDF library 9.90	adobe_ocg_v1	adobe_ocg_v1	dd47a14	1	3654	2447	43150	0.085	0.057	0.141	0.0	0.0	0	0	7806	0		6	37	1
test/uploads/270323_084003-344874.pdf	512837df919a9935b4cb5adea454d1fbe17e6b2785ebe68cabe6d5d1ad5d0e9a	150671	Adobe PDF library 17.00	adobe_ocg_v1	adobe_ocg_v1	dd47a14	1	23340	20310	48644	0.48	0.418	0.897	0.0	0.0	0	0	4994	0		12	209	1
test/uploads/270623_021342-108445.pdf	07412d4bb59a564333dba75fef0f0875244e81f9db66ed827f09b3efcb85e213	681270	Adobe PDF library 17.00	adobe_ocg_v1	adobe_ocg_v1	dd47a14	1	1799	1508	15006	0.12	0.1	0.22	0.0	0.0	0	0	5535	0		1	3	1
test/uploads/270623_025129-375027.pdf	19c4687ed9eef3509aa409e0f0f2fcc65bf2f8667f5b69331ac43d7716bc0c8d	843030	Adobe PDF library 16.07	adobe_ocg_v1	adobe_ocg_v1	dd47a14	1	4934	2005	86981	0.057	0.023	0.08	0.0	0.0	0	1691	7483	0	(0.44, 0.44, 0.7):1322;(0.74, 0.83, 0.9):231;(0.93, 0.11, 0.14):138;(0.02, 0.17, 0.28):0	1	5	0
test/uploads/270623_164949-467223.pdf	3795176fee8b618ba41b6faca3a18857f7766d0f9e99234b0c74af9aa71705ee	1071079	Adobe PDF library 15.00	adobe_ocg_v1	adobe_ocg_v1	dd47a14	1	34966	5131	133948	0.261	0.038	0.299	0.0	0.0	0	9943	5921	1	(0.74, 0.62, 0.34):4524;(0.0, 0.36, 0.66):2597;(0.89, 0.01, 0.17):2112;(0.0, 0.59, 0.25):709	7	735	1
test/uploads/270623_173553-635639.pdf	a8a099663886a0b081d3c97aa3b0216589627b00b3e92a82596a227b94736a69	140923	Adobe PDF library 17.00	adobe_ocg_v1	adobe_ocg_v1	dd47a14	1	30248	17547	52684	0.574	0.333	0.907	0.0	0.0	0	0	635	0		8	40	1
test/uploads/270623_180817-966666.pdf	13e923bd5c1c7312c26283d45c8907e293b1a177237e43deb86e7952b70d5111	400114	Adobe PDF library 17.00	adobe_ocg_v1	adobe_ocg_v1	dd47a14	1	23348	1568	336510	0.069	0.005	0.074	0.0	0.0	0	4060	184189	0	(0.0, 0.66, 0.88):2383;(0.44, 0.44, 0.7):934;(0.78, 0.12, 0.15):471;(0.0, 0.68, 0.94):249;(0.2, 0.72, 0.9):22;(0.16, 0.17, 0.45):1	4	4	0
test/uploads/270723_100923-629175.pdf	425f0187746c9a543989d405f81583055da869b38a00ffb48be239871d743a60	322541	Adobe PDF library 15.00	adobe_ocg_v1	adobe_ocg_v1	dd47a14	1	39467	4049	70123	0.563	0.058	0.621	0.0	0.0	0	0	1341	0		5	718	1
test/uploads/271022_021120-895137.pdf	edac7f809b938d5f6756ca4db1c6a73c4b2506886d908e606d88e2466a41c37d	3909315	Adobe PDF library 15.00	adobe_ocg_v1	adobe_ocg_v1	dd47a14	1	23013	4505	366466	0.063	0.012	0.075	0.0	0.0	0	0	4719	0	(0.98, 0.73, 0.11):0	2	319	0
test/uploads/271022_021127-268387.pdf	73810efb01b65f8a901299f2462bc05fdd208b2bc116cc07273eba0dbc5d652c	172480	Adobe PDF library 16.00	adobe_ocg_v1	adobe_ocg_v1	dd47a14	1	26285	16495	48633	0.54	0.339	0.88	0.0	0.0	0	0	5854	0		4	640	1
test/uploads/271022_094703-321367.pdf	6877351c2c93c609f37c52698065efb4f44af06d4a3ae2c24ea5d0e4bbe6c37a	1289976	Adobe PDF library 16.04	adobe_ocg_v1	adobe_ocg_v1	dd47a14	1	24907	26065	50972	0.489	0.511	1.0	0.0	0.0	0	0	0	0		4	179	1
test/uploads/271222_013740-268772.pdf	a50ab0866bd9dfc4af4f8a84e1d9fd70d284a2b0e3e8cc32b681d470a8522cee	173390	Adobe PDF library 16.00	adobe_ocg_v1	adobe_ocg_v1	dd47a14	1	43543	28622	77158	0.564	0.371	0.935	0.0	0.0	0	0	4994	0		18	262	1
test/uploads/271222_084331-798999.pdf	c77d0d83c27891fba105a7170c33f4ae219bd02b8238302b3817b461a02e97c8	1827318	Adobe PDF library 16.07	adobe_ocg_v1	adobe_ocg_v1	dd47a14	1	3227	2361	31869	0.101	0.074	0.175	0.0	0.0	0	1521	1087	1	(0.61, 0.86, 0.93):1521	4	31	1
test/uploads/280123_022111-629176.pdf	511f57f3843f2199addf4e9c50850a448023442415745818ed3edfcf171c6ac0	1149003	Adobe PDF library 16.07	adobe_ocg_v1	adobe_ocg_v1	dd47a14	1	158	0	44122	0.004	0.0	0.004	0.0	0.0	0	443	2319	0	(0.44, 0.44, 0.7):350;(0.0, 0.68, 0.94):93	1	2	0
test/uploads/280223_002305-862827.pdf	84a59d4e594a5660fbe2bf20776df5fb4d94d50b5b996143c99005f54fa897dc	127017	Adobe PDF library 17.00	adobe_ocg_v1	adobe_ocg_v1	dd47a14	1	25902	0	30895	0.838	0.0	0.838	0.0	0.0	0	0	4994	0		3	199	0
test/uploads/280223_002646-232981.pdf	84a59d4e594a5660fbe2bf20776df5fb4d94d50b5b996143c99005f54fa897dc	127017	Adobe PDF library 17.00	adobe_ocg_v1	adobe_ocg_v1	dd47a14	1	25902	0	30895	0.838	0.0	0.838	0.0	0.0	0	0	4994	0		3	199	0
test/uploads/280223_002959-157812.pdf	84a59d4e594a5660fbe2bf20776df5fb4d94d50b5b996143c99005f54fa897dc	127017	Adobe PDF library 17.00	adobe_ocg_v1	adobe_ocg_v1	dd47a14	1	25902	0	30895	0.838	0.0	0.838	0.0	0.0	0	0	4994	0		3	199	0
test/uploads/280323_110425-696392.pdf	e856a42e054c93affe66faa2a242f0b273499534ad00a680385a011ac1fa76d5	5536977	Adobe PDF library 10.01	adobe_ocg_v1	adobe_ocg_v1	dd47a14	2	3665	0	43390	0.084	0.0	0.084	0.0	0.0	0	0	2524	0		2	6	0
test/uploads/280622_054458.pdf	7c047d09cd06b59eff578a079ba4aaf50a252213d6c41bbec9af12d14c3b2bf4	4234701	Adobe PDF library 16.03	adobe_ocg_v1	adobe_ocg_v1	dd47a14	1	21684	161	162886	0.133	0.001	0.134	0.0	0.0	0	6499	4558	1	(0.94, 0.86, 0.7):4957;(0.92, 0.4, 0.58):1297;(0.17, 0.67, 0.89):246	9	393	0
test/uploads/280622_062508.pdf	7c047d09cd06b59eff578a079ba4aaf50a252213d6c41bbec9af12d14c3b2bf4	4234701	Adobe PDF library 16.03	adobe_ocg_v1	adobe_ocg_v1	dd47a14	1	21684	161	162886	0.133	0.001	0.134	0.0	0.0	0	6499	4558	1	(0.94, 0.86, 0.7):4957;(0.92, 0.4, 0.58):1297;(0.17, 0.67, 0.89):246	9	393	0
test/uploads/280622_064341.pdf	7c047d09cd06b59eff578a079ba4aaf50a252213d6c41bbec9af12d14c3b2bf4	4234701	Adobe PDF library 16.03	adobe_ocg_v1	adobe_ocg_v1	dd47a14	1	21684	161	162886	0.133	0.001	0.134	0.0	0.0	0	6499	4558	1	(0.94, 0.86, 0.7):4957;(0.92, 0.4, 0.58):1297;(0.17, 0.67, 0.89):246	9	393	0
test/uploads/280622_073134.pdf	7c047d09cd06b59eff578a079ba4aaf50a252213d6c41bbec9af12d14c3b2bf4	4234701	Adobe PDF library 16.03	adobe_ocg_v1	adobe_ocg_v1	dd47a14	1	21684	161	162886	0.133	0.001	0.134	0.0	0.0	0	6499	4558	1	(0.94, 0.86, 0.7):4957;(0.92, 0.4, 0.58):1297;(0.17, 0.67, 0.89):246	9	393	0
test/uploads/280623_100725-545069.pdf	b2bd6aef8d6d7c6fd2a2fb650d775da10c15c8632b4306aed52031cd4bf8db82	144163	Adobe PDF library 17.00	adobe_ocg_v1	adobe_ocg_v1	dd47a14	1	25848	19332	50173	0.515	0.385	0.9	0.0	0.0	0	0	4994	0		3	329	1
test/uploads/280623_182226-226791.pdf	219356f7cb196abcb12d2e5b2e671ee97b7aafdaa61b94fb8c2063887c91a8a0	406789	Adobe PDF library 15.00	adobe_ocg_v1	adobe_ocg_v1	dd47a14	1	22838	4761	89810	0.254	0.053	0.307	0.0	0.0	0	12212	3430	1	(0.12, 0.24, 0.48):8925;(0.44, 0.44, 0.7):1786;(0.91, 0.11, 0.18):1501;(0.42, 0.44, 0.18):0	7	42	1
test/uploads/280823_115203-969462.pdf	f7fcb53bb1ef7d2fd9e2e398c31075b05c4a733ea7493d4c5a071ec02fff8b1d	1875849	Adobe PDF library 16.07	adobe_ocg_v1	adobe_ocg_v1	dd47a14	1	4934	2004	86706	0.057	0.023	0.08	0.0	0.0	0	1691	7598	0	(0.44, 0.44, 0.7):1322;(0.74, 0.83, 0.9):231;(0.93, 0.11, 0.14):138;(0.02, 0.17, 0.28):0	1	5	0
test/uploads/280823_145726-202982.pdf	c47a7c0f497d9e59853cfa7aaf205f3bab3ebf634cc0f4666491aacb7c519bdc	5157061	Adobe PDF library 17.00	adobe_ocg_v1	adobe_ocg_v1	dd47a14	1	4240	4245	71353	0.059	0.059	0.119	0.0	0.0	0	0	5060	0	(0.93, 0.14, 0.14):0;(0.87, 0.2, 0.24):0	2	2	1
test/uploads/280922_091402-597315.pdf	3fe44e7c6034573de11e765d34261e6f627d68d8b033343f1b6fa47a83d00231	177609	Adobe PDF library 16.00	adobe_ocg_v1	adobe_ocg_v1	dd47a14	1	860	0	72412	0.012	0.0	0.012	0.0	0.0	0	64929	6623	1	(0.91, 0.11, 0.16):35210;(0.44, 0.42, 0.68):25361;(1.0, 0.0, 1.0):4358	1	16	0
test/uploads/280922_091607-601347.pdf	3fe44e7c6034573de11e765d34261e6f627d68d8b033343f1b6fa47a83d00231	177609	Adobe PDF library 16.00	adobe_ocg_v1	adobe_ocg_v1	dd47a14	1	860	0	72412	0.012	0.0	0.012	0.0	0.0	0	64929	6623	1	(0.91, 0.11, 0.16):35210;(0.44, 0.42, 0.68):25361;(1.0, 0.0, 1.0):4358	1	16	0
test/uploads/280922_091706-943460.pdf	3fe44e7c6034573de11e765d34261e6f627d68d8b033343f1b6fa47a83d00231	177609	Adobe PDF library 16.00	adobe_ocg_v1	adobe_ocg_v1	dd47a14	1	860	0	72412	0.012	0.0	0.012	0.0	0.0	0	64929	6623	1	(0.91, 0.11, 0.16):35210;(0.44, 0.42, 0.68):25361;(1.0, 0.0, 1.0):4358	1	16	0
test/uploads/280922_091923-712911.pdf	481b8d495d1dea4b21c570aeb853a80c5439a1cd9396a378fd56bf459fa4503f	180562	Adobe PDF library 16.00	adobe_ocg_v1	adobe_ocg_v1	dd47a14	1	38316	22719	66889	0.573	0.34	0.912	0.0	0.0	0	0	5854	0		9	851	1
test/uploads/280922_092041-551853.pdf	481b8d495d1dea4b21c570aeb853a80c5439a1cd9396a378fd56bf459fa4503f	180562	Adobe PDF library 16.00	adobe_ocg_v1	adobe_ocg_v1	dd47a14	1	38316	22719	66889	0.573	0.34	0.912	0.0	0.0	0	0	5854	0		9	851	1
test/uploads/280922_092150-274485.pdf	481b8d495d1dea4b21c570aeb853a80c5439a1cd9396a378fd56bf459fa4503f	180562	Adobe PDF library 16.00	adobe_ocg_v1	adobe_ocg_v1	dd47a14	1	38316	22719	66889	0.573	0.34	0.912	0.0	0.0	0	0	5854	0		9	851	1
test/uploads/281122_083003-644350.pdf	9def98635ddfd5250440659e27f25d626a7f11e2f8bdc0a2accf3b3f05178eae	153107	Adobe PDF library 16.00	adobe_ocg_v1	adobe_ocg_v1	dd47a14	1	29052	18444	52490	0.553	0.351	0.905	0.0	0.0	0	0	4994	0		8	213	1
test/uploads/290423_022811-323139.pdf	1a2fe4187ade0a49f3f299cd4161db6e0f60f9ae5cacd0b04481bc5f3c752d97	153019	Adobe PDF library 17.00	adobe_ocg_v1	adobe_ocg_v1	dd47a14	1	31139	11807	47940	0.65	0.246	0.896	0.0	0.0	0	0	4994	0		9	159	1
test/uploads/290523_013902-719297.pdf	30d26de814c237d67777ac52098640d6ac8a3bbd02fbe546e69cf87c26e94d8a	140788	Adobe PDF library 17.00	adobe_ocg_v1	adobe_ocg_v1	dd47a14	1	19435	9187	33616	0.578	0.273	0.851	0.0	0.0	0	0	4994	0		6	93	1
test/uploads/290523_015759-879368.pdf	47fe12b038e541a733a8109a05bc2411bfcc85b6ccf4f08d7c81202b2af6e08f	148444	Adobe PDF library 17.00	adobe_ocg_v1	adobe_ocg_v1	dd47a14	1	25350	15725	46069	0.55	0.341	0.892	0.0	0.0	0	0	4994	0		6	165	1
test/uploads/290523_021604-652695.pdf	0b994093f0368ff26ffcb19162a86c330168010f7726b440ee4ca2aef998834f	158610	Adobe PDF library 17.00	adobe_ocg_v1	adobe_ocg_v1	dd47a14	1	24550	12201	41745	0.588	0.292	0.88	0.0	0.0	0	0	4994	0		1	165	1
test/uploads/290523_081512-588010.pdf	20fe290b80248fcde7537610b6b84c434f6b4e3b0afe958e43e16fb0e4dc7b36	15741668	Adobe PDF library 17.00	adobe_ocg_v1	adobe_ocg_v1	dd47a14	1	26064	11441	192531	0.135	0.059	0.195	0.0	0.0	0	489	6177	0	(0.65, 0.49, 0.32):489;(0.93, 0.11, 0.14):0	3	133	1
test/uploads/290523_084049-134542.pdf	94aab546520d0c72464443b825aa704a4e088f4882e4c36dd6dc2f9cc01a466a	286067	Adobe PDF library 16.07	adobe_ocg_v1	adobe_ocg_v1	dd47a14	1	33154	22319	55473	0.598	0.402	1.0	0.0	0.0	0	0	0	0		18	221	1
test/uploads/290622_022538.pdf	f5eb7caba27fe7fcaff1ca017f80fb0b6e5ff41501b16e362b9a1293553a2d34	596607	Adobe PDF library 16.07	adobe_ocg_v1	adobe_ocg_v1	dd47a14	1	56924	7522	178215	0.319	0.042	0.362	0.0	0.0	0	0	299	0		8	954	1
test/uploads/290722_074719.pdf	ff678c694862038a80c46debf5ebdcff41741a114ddc93de41cb56cc89e92919	119861	Adobe PDF library 16.00	adobe_ocg_v1	adobe_ocg_v1	dd47a14	1	17062	13378	35434	0.482	0.378	0.859	0.0	0.0	0	0	4994	0		3	19	1
test/uploads/290722_081002.pdf	34c7f6d44adfdcf7054c49fb8308006f5760e1eac673e0171174b43f9f94030c	120060	Adobe PDF library 16.00	adobe_ocg_v1	adobe_ocg_v1	dd47a14	1	22210	18377	46441	0.478	0.396	0.874	0.0	0.0	0	0	5854	0		4	4	1
test/uploads/290722_090011.pdf	b34a0d257df8441cbdd3771daae517be5a8aba6d947da9cdca90e9ec9a64ff09	119242	Adobe PDF library 16.00	adobe_ocg_v1	adobe_ocg_v1	dd47a14	1	20262	15400	40656	0.498	0.379	0.877	0.0	0.0	0	0	4994	0		4	20	1
test/uploads/290722_094006.pdf	4dd01d045c2bff46cf230f77b0cc2f003e334bdd0777837c37895af57e717d35	118408	Adobe PDF library 16.00	adobe_ocg_v1	adobe_ocg_v1	dd47a14	1	17824	13911	36728	0.485	0.379	0.864	0.0	0.0	0	0	4994	0		4	20	1
test/uploads/290822_014637-479617.pdf	2f7570b83152924d9a79f8a2aff98cd50d77e558a32fd530f11e93e402eed90a	10932593	Adobe PDF library 10.01	adobe_ocg_v1	adobe_ocg_v1	dd47a14	1	16155	605	92875	0.174	0.007	0.18	0.0	0.0	0	972	2938	0	(0.95, 0.42, 0.14):778;(0.69, 0.07, 0.09):191;(0.94, 0.21, 0.19):3	1	202	0
test/uploads/290822_034651-216318.PDF	6960cd954ac924a9d461d3bb55af326b99d4db80ca93924c3dda5300694c8e24	91759	Adobe PDF library 15.00	adobe_ocg_v1	adobe_ocg_v1	dd47a14	1	16447	12166	31225	0.527	0.39	0.916	0.0	0.0	0	272	2063	0	(0.93, 0.0, 0.55):91;(0.13, 0.32, 0.39):91;(0.63, 0.46, 0.26):23;(0.94, 0.4, 0.53):23;(0.74, 0.38, 0.65):23;(1.0, 0.77, 0.35):23	4	94	1
test/uploads/290822_034742-319737.PDF	6960cd954ac924a9d461d3bb55af326b99d4db80ca93924c3dda5300694c8e24	91759	Adobe PDF library 15.00	adobe_ocg_v1	adobe_ocg_v1	dd47a14	1	16447	12166	31225	0.527	0.39	0.916	0.0	0.0	0	272	2063	0	(0.93, 0.0, 0.55):91;(0.13, 0.32, 0.39):91;(0.63, 0.46, 0.26):23;(0.94, 0.4, 0.53):23;(0.74, 0.38, 0.65):23;(1.0, 0.77, 0.35):23	4	94	1
test/uploads/290822_062408-928315.pdf	5e30cf462e30d19c84aeaffca0e0054391b1ad77b97e38252dbcc6cd965d0362	743079	Adobe PDF library 16.03	adobe_ocg_v1	adobe_ocg_v1	dd47a14	1	61993	0	121014	0.512	0.0	0.512	0.0	0.0	0	7455	0	1	(0.93, 0.12, 0.14):7455	8	123	0
test/uploads/290822_062411-678852.pdf	5a4bbbd40efce5334581078c0e67cca4da2f918d3fbe9db0cf15c986002863d4	743586	Adobe PDF library 16.03	adobe_ocg_v1	adobe_ocg_v1	dd47a14	1	61993	0	112199	0.553	0.0	0.553	0.0	0.0	0	7455	0	1	(0.93, 0.12, 0.14):7455	8	123	0
test/uploads/290822_062415-566567.pdf	e10dd3303b8e7b5f0ef7f957b56090dbef23bd3c0030a94897df94f8c7fa37e6	744946	Adobe PDF library 16.03	adobe_ocg_v1	adobe_ocg_v1	dd47a14	1	61993	0	112199	0.553	0.0	0.553	0.0	0.0	0	7455	0	1	(0.93, 0.12, 0.14):7455	8	123	0
test/uploads/290822_071245-379650.pdf	8c5adbc6edd3a43b186c9db3de3db42f00da703dfa1bd77cbd196133ffaf3d48	509131	Adobe PDF library 16.03	adobe_ocg_v1	adobe_ocg_v1	dd47a14	1	43293	0	82429	0.525	0.0	0.525	0.0	0.0	0	0	1248	0		11	193	0
test/uploads/290822_080933-398689.pdf	81d8b5610556dd36259ea42ca476a3fedeb7e67372913cb3fbabcff751665a84	220362	Adobe PDF library 15.00	adobe_ocg_v1	adobe_ocg_v1	dd47a14	1	62849	0	74741	0.841	0.0	0.841	0.0	0.0	0	0	0	0		10	252	0
test/uploads/290823_104810-144030.pdf	f5eb7caba27fe7fcaff1ca017f80fb0b6e5ff41501b16e362b9a1293553a2d34	596607	Adobe PDF library 16.07	adobe_ocg_v1	adobe_ocg_v1	dd47a14	1	56924	7522	178215	0.319	0.042	0.362	0.0	0.0	0	0	299	0		8	954	1
test/uploads/290922_013436-955827.pdf	be9aef04406b1e5d34d0ea130367f545b62ce2215e1dfa09793df8d01141b514	122511	Adobe PDF library 16.00	adobe_ocg_v1	adobe_ocg_v1	dd47a14	1	13862	8221	27077	0.512	0.304	0.816	0.0	0.0	0	0	4994	0		2	23	1
test/uploads/290922_013933-913819.pdf	db0b1b5e3673d4e7466f42312a020cc7d08308117fa7aa2a96716c780ef88f2c	142444	Adobe PDF library 16.00	adobe_ocg_v1	adobe_ocg_v1	dd47a14	1	20626	10231	35851	0.575	0.285	0.861	0.0	0.0	0	0	4994	0		4	90	1
test/uploads/290922_040658-595039.pdf	a303902044b368c2cf855634169c829282cba96330d1035392cd8f69f820d0c4	152601	Adobe PDF library 16.00	adobe_ocg_v1	adobe_ocg_v1	dd47a14	1	24031	25727	54751	0.439	0.47	0.909	0.0	0.0	0	0	4994	0		4	369	1
test/uploads/291022_093043-279045.pdf	6d860052ea95a841582c424c144870b00e0bc5bc905679b58cdd22577e524743	151173	Adobe PDF library 16.00	adobe_ocg_v1	adobe_ocg_v1	dd47a14	1	38594	27652	71240	0.542	0.388	0.93	0.0	0.0	0	0	4994	0		18	115	1
test/uploads/300123_005521-425544.pdf	88b59c392e325aed18ff5b0b117719ded6757de57ebae57fb321695d47e127b6	597002	Adobe PDF library 10.01	adobe_ocg_v1	adobe_ocg_v1	dd47a14	1	4420	2588	55126	0.08	0.047	0.127	0.0	0.0	0	1529	6320	1	(0.44, 0.44, 0.7):1322;(0.0, 0.68, 0.94):206;(0.78, 0.03, 0.31):0	1	46	1
test/uploads/300123_005947-667830.pdf	77cc9e7a789603de19e81dd1c40a73c9b49b50bd463871b904bbc333cd84f9fe	137898	Adobe PDF library 16.00	adobe_ocg_v1	adobe_ocg_v1	dd47a14	1	17654	10678	33325	0.53	0.32	0.85	0.0	0.0	0	0	4994	0		3	353	1
test/uploads/300123_035122-543352.pdf	a40a9c1866929452e105592fa2896e6d5d131ee8a91383e71aadc02888626469	2719832	Adobe PDF library 15.00	adobe_ocg_v1	adobe_ocg_v1	dd47a14	1	41025	5485	208958	0.196	0.026	0.223	0.0	0.0	0	19741	20757	1	(0.15, 0.21, 0.5):15429;(0.74, 0.47, 0.33):1170;(0.67, 0.88, 0.95):558;(0.52, 0.3, 0.22):507;(0.97, 0.78, 0.77):460;(0.89, 0.37, 0.6):413	5	781	0
test/uploads/300123_035353-177965.pdf	a1c7ef569e44105f8fceb88e9ba4b0edda218a87072c06eb09448fad877fd221	2704323	Adobe PDF library 15.00	adobe_ocg_v1	adobe_ocg_v1	dd47a14	1	40359	4489	199348	0.202	0.023	0.225	0.0	0.0	0	17224	15393	1	(0.15, 0.21, 0.5):12559;(0.52, 0.3, 0.22):1064;(0.97, 0.78, 0.77):739;(0.67, 0.88, 0.95):558;(0.0, 0.52, 0.8):509;(0.74, 0.47, 0.33):480	7	735	0
test/uploads/300123_041114-339470.pdf	b4194ca4485ae356620ebc3d19494536196497ab7aef2a2f6e9d424e4313627d	116044	Adobe PDF library 16.00	adobe_ocg_v1	adobe_ocg_v1	dd47a14	1	16986	11690	33670	0.504	0.347	0.852	0.0	0.0	0	0	4994	0		4	44	1
test/uploads/300123_062822-157236.pdf	b5b4fab582d387228e6243d2e7784b5ca9450e3d58a7031555779be2b7f47759	144616	Adobe PDF library 16.00	adobe_ocg_v1	adobe_ocg_v1	dd47a14	1	26101	16987	48082	0.543	0.353	0.896	0.0	0.0	0	0	4994	0		4	119	1
test/uploads/300123_072803-721046.pdf	7ab9e9d0a14249d10b928a6088c37453520fbe296dc995c2b28cfb5c4a71ae5b	139953	Adobe PDF library 16.00	adobe_ocg_v1	adobe_ocg_v1	dd47a14	1	33621	20646	59261	0.567	0.348	0.916	0.0	0.0	0	0	4994	0		6	95	1
test/uploads/300123_075015-868136.pdf	88b59c392e325aed18ff5b0b117719ded6757de57ebae57fb321695d47e127b6	597002	Adobe PDF library 10.01	adobe_ocg_v1	adobe_ocg_v1	dd47a14	1	4420	2588	55126	0.08	0.047	0.127	0.0	0.0	0	1529	6320	1	(0.44, 0.44, 0.7):1322;(0.0, 0.68, 0.94):206;(0.78, 0.03, 0.31):0	1	46	1
test/uploads/300123_083820-818733.pdf	da2dc41b5ad0e63905812d9a39ba79889cc87ff6316e6355305c9d2e6adc765e	141541	Adobe PDF library 16.00	adobe_ocg_v1	adobe_ocg_v1	dd47a14	1	22967	12832	40793	0.563	0.315	0.878	0.0	0.0	0	0	4994	0		4	175	1
test/uploads/300323_041300-616088.pdf	dd2a9841f39abfb2e6deefa0a2baa4c91a8173e1f7e52656af13f307baf59ab4	124445	Adobe PDF library 17.00	adobe_ocg_v1	adobe_ocg_v1	dd47a14	1	11151	6035	22179	0.503	0.272	0.775	0.0	0.0	0	0	4994	0		2	41	1
test/uploads/300523_055821-378362.pdf	2fb57a9319f62ffd8b258c3637d385a2d1e5df1313d97a3ac75acd3b254ef085	1601468	Adobe PDF library 16.03	adobe_ocg_v1	adobe_ocg_v1	dd47a14	1	13315	9984	29464	0.452	0.339	0.791	0.0	0.0	0	683	0	1	(0.0, 0.65, 0.32):683;(0.93, 0.11, 0.14):0	4	20	1
test/uploads/300623_103109-367130.pdf	e50a0e7464fbb4847f7c329f72210c4e51bfb3403b9fd36b20c6fe2eadc79556	1696891	Adobe PDF library 16.07	adobe_ocg_v1	adobe_ocg_v1	dd47a14	1	1820	354	32518	0.056	0.011	0.067	0.0	0.0	0	905	2495	1	(0.44, 0.44, 0.7):706;(0.0, 0.68, 0.94):200	1	25	0
test/uploads/300623_103221-425690.pdf	5658f11ac4536e7b0076f8cff1a74dc17f102fff3792c7cc2897c1172017a293	152720	Adobe PDF library 17.00	adobe_ocg_v1	adobe_ocg_v1	dd47a14	1	19493	9404	33890	0.575	0.277	0.853	0.0	0.0	0	0	4994	0		3	58	1
test/uploads/300623_103347-938140.pdf	169e27a9fbcb6a482669b15a49a5535b614bfa88e63daefea48ab7744af5f76a	1575563	Adobe PDF library 16.07	adobe_ocg_v1	adobe_ocg_v1	dd47a14	1	1749	396	32693	0.054	0.012	0.066	0.0	0.0	0	905	2438	1	(0.44, 0.44, 0.7):706;(0.0, 0.68, 0.94):200	1	33	0
test/uploads/300623_143136-653655.pdf	52a777e9271bb25076c38f5deea1ac471f0857b018983665321050ad319d9c51	768436	Adobe PDF library 10.01	adobe_ocg_v1	adobe_ocg_v1	dd47a14	1	7739	4463	113977	0.068	0.039	0.107	0.0	0.0	0	1901	13838	0	(0.44, 0.44, 0.7):1322;(0.54, 0.14, 0.2):398;(0.93, 0.79, 0.64):182;(0.93, 0.11, 0.14):0	1	36	1
test/uploads/300623_143607-324245.pdf	52a777e9271bb25076c38f5deea1ac471f0857b018983665321050ad319d9c51	768436	Adobe PDF library 10.01	adobe_ocg_v1	adobe_ocg_v1	dd47a14	1	7739	4463	113977	0.068	0.039	0.107	0.0	0.0	0	1901	13838	0	(0.44, 0.44, 0.7):1322;(0.54, 0.14, 0.2):398;(0.93, 0.79, 0.64):182;(0.93, 0.11, 0.14):0	1	36	1
test/uploads/300623_173357-556020.pdf	317bb49846011c15635cb215d5666ba34b5e6f4fc1b05864509cc08ecac3726d	4162141	Adobe PDF library 17.00	adobe_ocg_v1	adobe_ocg_v1	dd47a14	1	6732	0	40925	0.164	0.0	0.164	0.0	0.0	0	12302	3300	1	(0.93, 0.12, 0.14):5739;(0.37, 0.4, 0.68):4793;(0.67, 0.48, 0.26):1554;(0.66, 0.48, 0.26):216;(0.93, 0.11, 0.14):0	1	3	0
test/uploads/300822_032458-949792.pdf	4d8096376f27ae515a0d4385e4d16f88b676887017e1275368887e07436dd3ce	137745	Adobe PDF library 16.00	adobe_ocg_v1	adobe_ocg_v1	dd47a14	1	31251	23595	59840	0.522	0.394	0.917	0.0	0.0	0	0	4994	0		8	40	1
test/uploads/300822_032850-727560.pdf	4cd274e47b1ccbc55ff720c2a6fffbcd619e31eaa6a7c1f2aeb3aeb9bd5dd19f	1222921	Adobe PDF library 15.00	adobe_ocg_v1	adobe_ocg_v1	dd47a14	1	50708	8735	180769	0.281	0.048	0.329	0.0	0.0	0	1088	34	0	(0.91, 0.32, 0.11):1088	7	745	1
test/uploads/300822_055810-922950.pdf	93c336cde4c068e0b4e477f6bfee95d9cb3488d5ba4d8e042a0e5dfe4e02ab8d	1194865	Adobe PDF library 15.00	adobe_ocg_v1	adobe_ocg_v1	dd47a14	1	44141	7544	164403	0.268	0.046	0.314	0.0	0.0	0	1069	34	0	(0.94, 0.32, 0.14):1069	7	731	1
test/uploads/300822_062523-459982.pdf	d23c2537db9bc4c4e3d7518e68ac74cf9b740c5911989bf55cfe64707db58dc1	1190993	Adobe PDF library 15.00	adobe_ocg_v1	adobe_ocg_v1	dd47a14	1	41869	7537	157912	0.265	0.048	0.313	0.0	0.0	0	843	34	0	(0.94, 0.32, 0.14):843	6	723	1
test/uploads/300822_063247-647493.pdf	b65e644113a169d80e588a425d5d489fabebb00cef8bcad21bc8ba79e79abd9e	1181217	Adobe PDF library 15.00	adobe_ocg_v1	adobe_ocg_v1	dd47a14	1	46068	8596	185053	0.249	0.046	0.295	0.0	0.0	0	2312	53	0	(0.58, 0.79, 0.24):2312	5	713	1
test/uploads/300822_092538-575570.pdf	a9d6291e29deb363d480cd0b407dd6d65dacd6ca08ebf1ca7d6efafb789f9994	137817	Adobe PDF library 16.00	adobe_ocg_v1	adobe_ocg_v1	dd47a14	1	30658	31163	66814	0.459	0.466	0.925	0.0	0.0	0	0	4994	0		9	31	1
test/uploads/300822_095007-884324.pdf	b9103cfdb71a6631c9f8508c60c2e7844ffdd9dee924b0954df97b8c8adf191a	142020	Adobe PDF library 16.00	adobe_ocg_v1	adobe_ocg_v1	dd47a14	1	26476	23721	55190	0.48	0.43	0.91	0.0	0.0	0	0	4994	0		16	40	1
test/uploads/300823_152905-745220.pdf	37b6aad823798823f539af0eb7ad77cf05a1f623c187cfe9de1bff839082bf10	212828	Adobe PDF library 17.00	adobe_ocg_v1	adobe_ocg_v1	dd47a14	1	37706	24821	67521	0.558	0.368	0.926	0.0	0.0	0	0	4994	0		1	248	1
test/uploads/300823_152926-835194.pdf	bf7e3b7880f986eab5b066e61a55fb8a5d2062f2f0250d4d0147cf3fb57ae03f	2521467	Adobe PDF library 16.04	adobe_ocg_v1	adobe_ocg_v1	dd47a14	1	1800	1508	51123	0.035	0.029	0.065	0.0	0.0	0	0	5535	0		1	2	0
test/uploads/300823_170254-743631.pdf	cd550a9d539e92c6e5d6e77b71e98b43d76e2892666300b793e7bcdf4d172c99	138213	Adobe PDF library 17.00	adobe_ocg_v1	adobe_ocg_v1	dd47a14	1	21158	19413	52700	0.401	0.368	0.77	0.0	0.0	0	0	5854	0		4	168	1
test/uploads/300922_022145-656597.pdf	1f967712b4c6df8162e5cde18aafeaf39880b013c7e271dbc0fe3d993a4d1d55	2242278	Adobe PDF library 16.07	adobe_ocg_v1	adobe_ocg_v1	dd47a14	1	4863	2547	65884	0.074	0.039	0.112	0.0	0.0	0	2554	6816	1	(0.4, 0.17, 0.57):1280;(0.93, 0.11, 0.14):1178;(0.93, 0.0, 0.55):72;(0.0, 0.68, 0.94):25	1	73	1
test/uploads/300922_093056-906214.pdf	840038371fd43d0cdccf17813718a1cdd3a564ecd278ef865af2b593bb0d3943	135947	Adobe PDF library 16.00	adobe_ocg_v1	adobe_ocg_v1	dd47a14	1	19989	8440	33423	0.598	0.253	0.851	0.0	0.0	0	0	4994	0		9	121	1
test/uploads/301122_071921-712672.pdf	5bce0155e60e9161086b16288ba5cb0d97ff41510cbfdfaa25a081bdf71a9630	3874025	Adobe PDF library 16.07	adobe_ocg_v1	adobe_ocg_v1	dd47a14	1	9599	6084	200082	0.048	0.03	0.078	0.0	0.0	0	2264	8856	0	(0.44, 0.44, 0.7):1322;(0.0, 0.68, 0.94):665;(0.33, 0.19, 0.1):278	1	84	1
test/uploads/310123_010452-991356.pdf	aa90071356cbf0e48e4f929d94be6c2216d2061d806daf95bf74d2151957a16b	135743	Adobe PDF library 16.00	adobe_ocg_v1	adobe_ocg_v1	dd47a14	1	17818	13125	35936	0.496	0.365	0.861	0.0	0.0	0	0	4994	0		4	143	1
test/uploads/310123_063154-521819.pdf	c225e434ff192b04d3a144584151e9fac21a64d1c2cecb0aac2ec4084ca1a571	644033	Adobe PDF library 16.00	adobe_ocg_v1	adobe_ocg_v1	dd47a14	1	18377	0	95996	0.191	0.0	0.191	0.0	0.0	0	0	10957	0		10	74	0
test/uploads/310123_063243-602964.pdf	31bf93103e8c738c21cacac3918c55fd4232f9d097a53f73b6fcaaeff16f0526	2777294	Adobe PDF library 16.07	adobe_ocg_v1	adobe_ocg_v1	dd47a14	1	5243	3246	66622	0.079	0.049	0.127	0.0	0.0	0	1182	7084	0	(0.44, 0.44, 0.7):934;(0.0, 0.68, 0.94):249	1	138	1
test/uploads/310123_063337-159127.pdf	878171736fb1b735e5c0295f730ca4926aa514b77cf145bda0f51027a43d5ac1	763336	Adobe PDF library 15.00	adobe_ocg_v1	adobe_ocg_v1	dd47a14	1	13380	0	81637	0.164	0.0	0.164	0.0	0.0	0	0	9844	0		12	61	0
test/uploads/310123_071214-181724.pdf	47f0a83c54f07745ab091ea1233bf29ed503ccb7edcb94445f6c96a74a10ba6d	146056	Adobe PDF library 16.00	adobe_ocg_v1	adobe_ocg_v1	dd47a14	1	27082	21814	53890	0.503	0.405	0.907	0.0	0.0	0	0	4994	0		12	186	1
test/uploads/310123_072434-444612.pdf	dd90ee4a1079c343e55e46492098d36eab6293128249b68874e843886c45029e	137375	Adobe PDF library 16.00	adobe_ocg_v1	adobe_ocg_v1	dd47a14	1	23583	22789	51365	0.459	0.444	0.903	0.0	0.0	0	0	4994	0		6	154	1
test/uploads/310123_075107-877869.pdf	e6aa7f2900bcb6ce10991c74b545b9cb6bb45fb1f387c7568f92f51ba7cc2369	145769	Adobe PDF library 16.00	adobe_ocg_v1	adobe_ocg_v1	dd47a14	1	860	0	47057	0.018	0.0	0.018	0.0	0.0	0	36065	10132	1	(0.74, 0.13, 0.15):22677;(0.45, 0.42, 0.65):13115;(0.0, 1.0, 0.0):272	1	16	0
test/uploads/310123_081850-748491.pdf	dd8b9926b124e64fa56edda315c316ebc4ab5e5e9ab4c146157db268b42a64d4	943529	Adobe PDF library 16.03	adobe_ocg_v1	adobe_ocg_v1	dd47a14	1	11208	160	143437	0.078	0.001	0.079	0.0	0.0	0	1785	8109	0	(0.45, 0.44, 0.7):1544;(0.93, 0.11, 0.14):241	4	168	0
test/uploads/310323_023655-549538.pdf	d3dfb0a274116f619af45cf8b7568e4e4e7e092aebaaac106b925acd84294c1d	2361048	Adobe PDF library 9.90	adobe_ocg_v1	adobe_ocg_v1	dd47a14	1	1910	1508	36485	0.052	0.041	0.094	0.0	0.0	0	0	6145	0		1	6	1
test/uploads/310323_023907-774715.pdf	e7d794d4a51b01e0f023e18a9e9c1325a6f8d5a28d61d5441781b3995a936d9e	153073	Adobe PDF library 17.00	adobe_ocg_v1	adobe_ocg_v1	dd47a14	1	25074	11529	41596	0.603	0.277	0.88	0.0	0.0	0	0	4994	0		1	183	1
test/uploads/310323_072322-228199.pdf	3875db606b4951f0187207e38ffbbb6e6d15b85f4a56d4ea43ad0d5ed6d7ac86	151077	Adobe PDF library 17.00	adobe_ocg_v1	adobe_ocg_v1	dd47a14	1	23865	10397	39256	0.608	0.265	0.873	0.0	0.0	0	0	4994	0		1	164	1
test/uploads/310323_080718-958622.pdf	8fdcd9cd40fabcda1f2c972afd6b322199f6df4644db86d3cab7877c6d59d42c	132830	Adobe PDF library 17.00	adobe_ocg_v1	adobe_ocg_v1	dd47a14	1	17343	11347	33684	0.515	0.337	0.852	0.0	0.0	0	0	4994	0		7	83	1
test/uploads/310323_080753-756452.pdf	8fdcd9cd40fabcda1f2c972afd6b322199f6df4644db86d3cab7877c6d59d42c	132830	Adobe PDF library 17.00	adobe_ocg_v1	adobe_ocg_v1	dd47a14	1	17343	11347	33684	0.515	0.337	0.852	0.0	0.0	0	0	4994	0		7	83	1
test/uploads/310523_040023-275088.pdf	20fe290b80248fcde7537610b6b84c434f6b4e3b0afe958e43e16fb0e4dc7b36	15741668	Adobe PDF library 17.00	adobe_ocg_v1	adobe_ocg_v1	dd47a14	1	26064	11441	192531	0.135	0.059	0.195	0.0	0.0	0	489	6177	0	(0.65, 0.49, 0.32):489;(0.93, 0.11, 0.14):0	3	133	1
test/uploads/310823_093602-924212.pdf	242975ce927a76c3e38df3061da2c061e520881f2acae6f2d91fb8cb532bc9d4	240118	Adobe PDF library 17.00	adobe_ocg_v1	adobe_ocg_v1	dd47a14	1	14651	12104	26755	0.548	0.452	1.0	0.0	0.0	0	0	0	0		4	121	1
test/uploads/310823_120359-375119.pdf	2aa294a0cd2d3c4391298c12a1f980638a7ba52c142341ed91d322b1ef1edbf4	1154111	Adobe PDF library 16.07	adobe_ocg_v1	adobe_ocg_v1	dd47a14	1	5582	5964	142071	0.039	0.042	0.081	0.0	0.0	0	1182	7203	0	(0.44, 0.44, 0.7):934;(0.0, 0.68, 0.94):249	2	5	1
test/uploads/310823_174716-918826.pdf	6d642210b152d7bfb8aaf20767c46c409e255abd131bb307caa14ab729d0add0	4429468	Adobe PDF library 17.00	adobe_ocg_v1	adobe_ocg_v1	dd47a14	1	6442	5964	147806	0.044	0.04	0.084	0.0	0.0	0	3709	5734	1	(0.4, 0.17, 0.57):3490;(0.37, 0.18, 0.57):136;(0.0, 0.68, 0.94):83	2	21	1
test/uploads/310823_174721-436768.pdf	2aa294a0cd2d3c4391298c12a1f980638a7ba52c142341ed91d322b1ef1edbf4	1154111	Adobe PDF library 16.07	adobe_ocg_v1	adobe_ocg_v1	dd47a14	1	5582	5964	142071	0.039	0.042	0.081	0.0	0.0	0	1182	7203	0	(0.44, 0.44, 0.7):934;(0.0, 0.68, 0.94):249	2	5	1
test/uploads/50005093 Allowrie_MCT_DISPLAY BOX 10x200g_F009626_120522_095448.pdf	a518bf814c8cd36b07d02fdba0fb2fb1794f9e7eeace20f1e7114b5439bcb589	2435793	Adobe PDF library 15.00	adobe_ocg_v1	adobe_ocg_v1	dd47a14	1	39400	4140	185655	0.212	0.022	0.235	0.0	0.0	0	0	0	0		6	786	0
test/uploads/8701012810 BOX STUN 6x20g Paper Catan_F008985-Rev.1_080422_115503.pdf	b96030aec5ffcd4806d6ed3b07cfbe17a332605214aee70b6e26baff11e73939	965189	Adobe PDF library 15.00	adobe_ocg_v1	adobe_ocg_v1	dd47a14	1	34656	3705	100546	0.345	0.037	0.382	0.0	0.0	0	0	1074	0		9	814	1
test/uploads/ARS Plus Coil8 (New Logo)_LS_Lavender_F007611_090422_150146.pdf	86cec47bf4703db667de84edbe708331b2a9ee8d53da2e5d19ca7ed4e0d30fe1	1661900	Adobe PDF library 15.00	adobe_ocg_v1	adobe_ocg_v1	dd47a14	1	28295	3131	132021	0.214	0.024	0.238	0.0	0.0	0	3717	16499	1	(0.99, 0.92, 0.06):1527;(0.9, 0.13, 0.15):1527;(0.67, 0.57, 0.18):456;(0.54, 0.33, 0.62):207	11	713	0
test/uploads/ARS Plus Coil8 (New Logo)_LS_Sakura_F007612_090422_143129.pdf	3848758622eb387fb5493a1ec4968a3b5aa04e9fc1330df29a1513a73c1bb75d	1679205	Adobe PDF library 15.00	adobe_ocg_v1	adobe_ocg_v1	dd47a14	1	28221	3131	132282	0.213	0.024	0.237	0.0	0.0	0	4045	17200	1	(0.99, 0.92, 0.06):1527;(0.9, 0.13, 0.15):1527;(0.67, 0.57, 0.18):456;(0.9, 0.0, 0.49):327;(0.9, 0.18, 0.49):114;(0.91, 0.19, 0.54):94	11	714	0
test/uploads/AW Logan Box_290422_151650.pdf	c7f3bcf812f1e4196bad6aef0f9c9eb693d7afa088d3ba40aa7a333c8f448744	2152309	Adobe PDF library 15.00	adobe_ocg_v1	adobe_ocg_v1	dd47a14	1	5584	1630	9596	0.582	0.17	0.752	0.0	0.0	0	0	0	0		4	30	1
test/uploads/Die-Line_Yunhee_Serum_100522_100508.pdf	ee18b01e0f14457c9e03af0e1967c870840dab79b06d80d7342bc98064450449	97156	Adobe PDF library 16.03	adobe_ocg_v1	adobe_ocg_v1	dd47a14	1	10124	3452	13575	0.746	0.254	1.0	0.0	0.0	0	0	0	0		11	23	1
test/uploads/DIECUT LAY F009523 F009524_110522_114151.pdf	6877351c2c93c609f37c52698065efb4f44af06d4a3ae2c24ea5d0e4bbe6c37a	1289976	Adobe PDF library 16.04	adobe_ocg_v1	adobe_ocg_v1	dd47a14	1	24907	26065	50972	0.489	0.511	1.0	0.0	0.0	0	0	0	0		4	179	1
test/uploads/F005977 Hi Whey Marine Coffee-Rev2_060422_135850.pdf	c99f9facce3b9a58e7b36889d240af6bb7822027082e22af7c5cf8180dca5b2d	1312124	Adobe PDF library 15.00	adobe_ocg_v1	adobe_ocg_v1	dd47a14	1	7350	4823	182926	0.04	0.026	0.067	0.0	0.0	0	1248	14071	0	(0.44, 0.44, 0.7):1248	2	6	0
test/uploads/F007346 GPO DICLOX-Rev1_160522_151249.pdf	782aeb7cda8c34f83bc9a561deca0ded491413401fa9a5c64efd42d6c3c0528e	1915293	Adobe PDF library 15.00	adobe_ocg_v1	adobe_ocg_v1	dd47a14	1	9697	6971	93333	0.104	0.075	0.179	0.0	0.0	0	1529	11216	0	(0.44, 0.44, 0.7):1322;(0.93, 0.0, 0.55):206;(0.94, 0.22, 0.26):0	2	70	1
test/uploads/F009606 ENC1028-1EN Tuna With Salmon 16x70g Tin SRP Cover 100472_250522_170910.pdf	120540d6c251a494307d297ca543ad3aa4982d900b421dddd54b4c11139cf15c	388208	Adobe PDF library 16.03	adobe_ocg_v1	adobe_ocg_v1	dd47a14	1	4080	1632	39584	0.103	0.041	0.144	0.0	0.0	0	1418	8954	1	(0.44, 0.44, 0.7):1280;(0.93, 0.0, 0.55):138	1	5	1
test/uploads/F009639 INNERBOX - CREAMY TREATS - CHICKEN LIVER (1)_010422_091318.pdf	710098a3710154e563be54307ea78e34db6945746e00ccf52dc7a2ac946f480c	1603839	Adobe PDF library 16.03	adobe_ocg_v1	adobe_ocg_v1	dd47a14	1	6454	6198	117293	0.055	0.053	0.108	0.0	0.0	0	1458	10348	0	(0.44, 0.44, 0.7):1157;(0.0, 0.68, 0.94):181;(0.93, 0.11, 0.14):60;(0.0, 0.65, 0.32):60	1	21	1
test/uploads/F009640 INNERBOX - CREAMY TREATS - SALMON (1)_010422_091312.pdf	c2ab73959f780aff754603e86b40e7f52bb9eec03535ad6bd4ab4e637ba98d79	2134387	Adobe PDF library 16.03	adobe_ocg_v1	adobe_ocg_v1	dd47a14	1	6454	6198	116569	0.055	0.053	0.109	0.0	0.0	0	1458	10348	0	(0.44, 0.44, 0.7):1157;(0.0, 0.68, 0.94):181;(0.93, 0.11, 0.14):60;(0.0, 0.65, 0.32):60	1	21	1
test/uploads/F009641 INNERBOX - CREAMY TREATS - TUNA (1)_010422_091305.pdf	b38469509462d7eabd6605be0b5ac6d0924594d07b1c2f68f8dfd091f5e55c00	1517703	Adobe PDF library 16.03	adobe_ocg_v1	adobe_ocg_v1	dd47a14	1	6454	6198	115937	0.056	0.053	0.109	0.0	0.0	0	1458	10348	0	(0.44, 0.44, 0.7):1157;(0.0, 0.68, 0.94):181;(0.93, 0.11, 0.14):60;(0.0, 0.65, 0.32):60	1	21	1
test/uploads/F009745_HIP-BIO_TECH_MASK_KN95_120422_134005.pdf	3d8fe0cfeae1a9f7148500024bb8355ca2cfe5bdadef0aa21db4afcf167e3f61	114850	Adobe PDF library 16.04	adobe_ocg_v1	adobe_ocg_v1	dd47a14	1	21117	6656	27774	0.76	0.24	1.0	0.0	0.0	0	0	0	0		7	28	1
test/uploads/F009746_CHAOKHUN_MASK_(SMALL NEW SIZE) REV._1_180422_120901.pdf	89d8051dc150f05e0fc950efce74ce6d324f99d11e48b1c3b1db421efbcab824	106630	Adobe PDF library 16.04	adobe_ocg_v1	adobe_ocg_v1	dd47a14	1	16521	4986	21506	0.768	0.232	1.0	0.0	0.0	0	0	0	0		9	70	1
test/uploads/FAHW0007  กล่องสี (2)_060522_155152.PDF	d7de60769de820fb94cc074b001db93039750f30eab3698f1ab96189fea170c3	661102	Adobe PDF library 15.00	adobe_ocg_v1	adobe_ocg_v1	dd47a14	1	13760	0	18222	0.755	0.0	0.755	0.0	0.0	0	0	95	0		3	197	0
test/uploads/LAY DIECUT F008365 (4)_110422_174624.pdf	36b890225b92b6afd37a7b678c9aaca29cea9031a7cea87fce21d8b297b69ef1	174982	Adobe PDF library 15.00	adobe_ocg_v1	adobe_ocg_v1	dd47a14	1	31036	467	31503	0.985	0.015	1.0	0.0	0.0	0	0	0	0		4	148	0
test/uploads/LAY_sample_2_260422_162344.pdf	d99a3cb896e9bdb4a69af20342816c97268f9af628a5412017fb361f20feec7c	181990	Adobe PDF library 16.04	adobe_ocg_v1	adobe_ocg_v1	dd47a14	1	40720	14763	55483	0.734	0.266	1.0	0.0	0.0	0	0	0	0		2	172	1
