file	profile	cut_len	crease_len	total_len	cov_cut	cov_crease	dist_cut	dist_crease	ambiguous	extracted
010223_002840-955771.pdf	bcsi_packdesign_2008_v1	17275	11594	36209	0.477	0.32	0.0	0.0		Y
010223_002853-335897.PDF	bcsi_packdesign_2008_v1	8750	5902	33811	0.259	0.175	0.0	0.0		Y
010223_023416-513747.PDF	bcsi_packdesign_2008_v1	3139	4683	14753	0.213	0.317	0.0	0.0		Y
010223_023418-893126.pdf	bcsi_packdesign_2008_v1	12424	18620	36898	0.337	0.505	0.0	0.0		Y
010223_063207-677499.PDF	bcsi_packdesign_2008_v1	2301	0	8192	0.281	0.0	0.199	9.9		
010323_004623-692638.PDF	bcsi_packdesign_2008_v1	62	1347	9215	0.007	0.146	0.0	0.0		
010323_004631-838823.pdf	bcsi_packdesign_2008_v1	0	5166	12107	0.0	0.427	0.0	0.0		
010323_004944-276167.PDF	bcsi_packdesign_2008_v1	62	1347	9215	0.007	0.146	0.0	0.0		
010323_005003-507549.pdf	bcsi_packdesign_2008_v1	0	5166	12107	0.0	0.427	0.0	0.0		
010323_005805-548424.pdf	bcsi_packdesign_2008_v1	15879	16408	38141	0.416	0.43	0.0	0.0		Y
010323_015244-294640.pdf	bcsi_packdesign_2008_v1	10133	2242	18975	0.534	0.118	0.0	0.0		Y
010323_064834-995413.PDF	bcsi_packdesign_2008_v1	2928	1368	7143	0.41	0.192	0.03	0.079		Y
010423_090530-896215.PDF	bcsi_packdesign_2008_v1	5239	3194	21825	0.24	0.146	0.0	0.0		Y
010423_090536-285956.pdf	bcsi_packdesign_2008_v1	20772	12606	39418	0.527	0.32	0.0	0.0		Y
010623_015712-432511.pdf	bcsi_packdesign_2008_v1	17689	12633	39520	0.448	0.32	0.0	0.0		Y
010623_032317-935078.pdf	bcsi_packdesign_2008_v1	15931	9216	31928	0.499	0.289	0.0	0.0		Y
010623_032326-715194.PDF	bcsi_packdesign_2008_v1	8012	4651	30535	0.262	0.152	0.0	0.0		Y
010623_033021-839728.pdf	bcsi_packdesign_2008_v1	17370	10569	34929	0.497	0.303	0.0	0.0		Y
010623_033028-915582.PDF	bcsi_packdesign_2008_v1	8743	5338	34109	0.256	0.156	0.0	0.0		Y
010723_170821-437791.PDF	bcsi_packdesign_2008_v1	9942	5700	35140	0.283	0.162	0.0	0.0		Y
010723_171359-826330.PDF	bcsi_packdesign_2008_v1	9942	5700	35140	0.283	0.162	0.0	0.0		Y
010823_172316-233374.PDF	bcsi_packdesign_2008_v1	9285	4413	30614	0.303	0.144	0.0	0.0		Y
010823_172323-606180.pdf	bcsi_packdesign_2008_v1	18477	8740	33398	0.553	0.262	0.0	0.0		Y
010922_015332-536687.pdf	bcsi_packdesign_2008_v1	20556	23946	50587	0.406	0.473	0.0	0.0		Y
010922_015343-434521.PDF	bcsi_packdesign_2008_v1	10368	12057	41298	0.251	0.292	0.0	0.0		Y
010922_021937-593896.PDF	bcsi_packdesign_2008_v1	4595	3670	12914	0.356	0.284	0.0	0.0		Y
010922_032810-816121.PDF	bcsi_packdesign_2008_v1	11719	10391	39809	0.294	0.261	0.0	0.0		Y
010922_032823-325779.pdf	bcsi_packdesign_2008_v1	23258	20615	51651	0.45	0.399	0.0	0.0		Y
010922_063942-386378.pdf	bcsi_packdesign_2008_v1	10252	7554	27991	0.366	0.27	0.0	0.0		Y
010922_064032-574674.PDF	bcsi_packdesign_2008_v1	5022	3152	14041	0.358	0.225	0.0	0.0		Y
010923_150926-324848.pdf	bcsi_packdesign_2008_v1	2749	1852	7679	0.358	0.241	0.026	0.006		Y
010923_151006-737350.pdf	bcsi_packdesign_2008_v1	2749	1852	7679	0.358	0.241	0.026	0.006		Y
010923_162451-298231.PDF	bcsi_packdesign_2008_v1	4342	1941	18448	0.235	0.105	0.0	0.0		Y
010923_162741-544348.PDF	bcsi_packdesign_2008_v1	4342	1941	18448	0.235	0.105	0.0	0.0		Y
010923_162940-862470.PDF	bcsi_packdesign_2008_v1	4580	2068	18958	0.242	0.109	0.0	0.0		Y
010923_172613-737624.PDF	bcsi_packdesign_2008_v1	4880	1036	13190	0.37	0.079	0.0	0.0		Y
010923_172623-595066.pdf	bcsi_packdesign_2008_v1	29280	6219	41352	0.708	0.15	0.0	0.0		Y
011022_042317-783719.PDF	bcsi_packdesign_2008_v1	4858	3022	12881	0.377	0.235	0.182	0.089		Y
011122_014812-786725.PDF	bcsi_packdesign_2008_v1	4244	3187	15131	0.28	0.211	0.0	0.0		Y
011122_014815-484434.pdf	bcsi_packdesign_2008_v1	25076	18761	50570	0.496	0.371	0.0	0.0		Y
011122_022343-949363.pdf	bcsi_packdesign_2008_v1	16467	14205	48772	0.338	0.291	0.0	0.0		Y
011122_035554-505722.pdf	bcsi_packdesign_2008_v1	26479	19556	52866	0.501	0.37	0.0	0.0		Y
011122_035612-805371.PDF	bcsi_packdesign_2008_v1	4480	3321	15385	0.291	0.216	0.0	0.0		Y
011122_055926-967928.pdf	bcsi_packdesign_2008_v1	7219	0	22814	0.316	0.0	0.199	9.9		
011222_012338-466017.PDF	bcsi_packdesign_2008_v1	4950	4068	15745	0.314	0.258	0.182	0.089		Y
020223_022935-198895.PDF	bcsi_packdesign_2008_v1	9428	5410	31576	0.299	0.171	0.0	0.0		Y
020223_022940-507732.pdf	bcsi_packdesign_2008_v1	28146	16101	51539	0.546	0.312	0.0	0.0		Y
020223_023005-139073.PDF	bcsi_packdesign_2008_v1	2813	1639	13959	0.202	0.117	0.0	0.0		Y
020223_023009-297398.pdf	bcsi_packdesign_2008_v1	22235	12864	41415	0.537	0.311	0.0	0.0		Y
020323_002307-854445.pdf	bcsi_packdesign_2008_v1	5355	0	20052	0.267	0.0	0.199	9.9		
020323_002314-839270.pdf	bcsi_packdesign_2008_v1	5422	4125	20059	0.27	0.206	0.0	0.0		Y
020323_044102-352626.PDF	bcsi_packdesign_2008_v1	13834	8501	49676	0.278	0.171	0.0	0.0		Y
020323_044106-595879.pdf	bcsi_packdesign_2008_v1	13746	8420	28020	0.491	0.3	0.0	0.0		Y
020323_045100-839061.PDF	bcsi_packdesign_2008_v1	13834	8501	49676	0.278	0.171	0.0	0.0		Y
020323_045104-317461.pdf	bcsi_packdesign_2008_v1	13746	8420	28020	0.491	0.3	0.0	0.0		Y
020323_050825-146285.PDF	bcsi_packdesign_2008_v1	7698	4221	29767	0.259	0.142	0.0	0.0		Y
020323_050829-738611.pdf	bcsi_packdesign_2008_v1	22885	12478	46898	0.488	0.266	0.0	0.0		Y
020323_052521-306741.pdf	bcsi_packdesign_2008_v1	10490	5838	22314	0.47	0.262	0.0	0.0		Y
020523_013244-566265.pdf	bcsi_packdesign_2008_v1	11049	11471	29689	0.372	0.386	0.0	0.0		Y
020523_013254-285025.PDF	bcsi_packdesign_2008_v1	11117	11534	49718	0.224	0.232	0.0	0.0		Y
020523_023604-326620.PDF	bcsi_packdesign_2008_v1	7455	5313	35953	0.207	0.148	0.0	0.0		Y
020523_023641-564949.PDF	bcsi_packdesign_2008_v1	14200	8586	32687	0.434	0.263	0.007	0.005		Y
020523_061842-242113.PDF	bcsi_packdesign_2008_v1	5928	37	24179	0.245	0.002	0.036	0.079		
020523_062616-647320.pdf	bcsi_packdesign_2008_v1	6423	37	24995	0.257	0.001	0.036	0.079		
020523_063459-891746.pdf	bcsi_packdesign_2008_v1	7844	37	29026	0.27	0.001	0.036	0.079		
020523_064323-105292.pdf	bcsi_packdesign_2008_v1	7145	37	27051	0.264	0.001	0.036	0.079		
020523_064422-166129.PDF	bcsi_packdesign_2008_v1	4147	2340	18289	0.227	0.128	0.0	0.0		Y
020523_064518-198229.pdf	bcsi_packdesign_2008_v1	16423	9209	31730	0.518	0.29	0.0	0.0		Y
020523_070821-657794.PDF	bcsi_packdesign_2008_v1	4974	2720	19919	0.25	0.137	0.0	0.0		Y
020523_070827-579983.pdf	bcsi_packdesign_2008_v1	19740	10736	36693	0.538	0.293	0.0	0.0		Y
020523_072124-886152.pdf	bcsi_packdesign_2008_v1	23060	13313	43914	0.525	0.303	0.0	0.0		Y
020523_072152-838010.PDF	bcsi_packdesign_2008_v1	5811	3371	24028	0.242	0.14	0.0	0.0		Y
020523_073351-227149.PDF	bcsi_packdesign_2008_v1	7397	4329	30723	0.241	0.141	0.0	0.0		Y
020523_073359-594134.pdf	bcsi_packdesign_2008_v1	14684	8555	30191	0.486	0.283	0.0	0.0		Y
020523_074420-314813.pdf	bcsi_packdesign_2008_v1	10064	6301	22978	0.438	0.274	0.0	0.0		Y
020523_074430-347669.PDF	bcsi_packdesign_2008_v1	10132	6364	40733	0.249	0.156	0.0	0.0		Y
020622_043241.pdf	bcsi_packdesign_2008_v1	16453	12441	35964	0.457	0.346	0.0	0.0		Y
020622_043251.PDF	bcsi_packdesign_2008_v1	8351	6337	29233	0.286	0.217	0.0	0.0		Y
020623_011136-211749.pdf	bcsi_packdesign_2008_v1	24530	18338	50933	0.482	0.36	0.0	0.0		Y
020623_011142-514788.PDF	bcsi_packdesign_2008_v1	6179	4627	26647	0.232	0.174	0.0	0.0		Y
020623_092530-166038.PDF	bcsi_packdesign_2008_v1	4593	3353	22062	0.208	0.152	0.0	0.0		Y
020623_092735-293771.PDF	bcsi_packdesign_2008_v1	4593	3353	22062	0.208	0.152	0.0	0.0		Y
020623_092905-459654.PDF	bcsi_packdesign_2008_v1	4593	3353	22062	0.208	0.152	0.0	0.0		Y
020823_110439-343020.pdf	bcsi_packdesign_2008_v1	10439	7425	27095	0.385	0.274	0.026	0.006		Y
020823_123000-909933.PDF	bcsi_packdesign_2008_v1	1754	1500	5473	0.321	0.274	0.026	0.006		Y
020823_145901-125557.PDF	bcsi_packdesign_2008_v1	4019	3015	11780	0.341	0.256	0.026	0.006		Y
020823_160819-913581.PDF	bcsi_packdesign_2008_v1	5562	2677	23604	0.236	0.113	0.0	0.0		Y
020823_160827-803963.pdf	bcsi_packdesign_2008_v1	22000	10487	40278	0.546	0.26	0.0	0.0		Y
020823_161702-601018.PDF	bcsi_packdesign_2008_v1	5224	3054	19835	0.263	0.154	0.0	0.0		Y
020823_161711-676751.pdf	bcsi_packdesign_2008_v1	20646	11997	40591	0.509	0.296	0.0	0.0		Y
020823_162410-159099.PDF	bcsi_packdesign_2008_v1	2749	975	11479	0.239	0.085	0.0	0.0		Y
020823_162417-964391.pdf	bcsi_packdesign_2008_v1	10783	3715	21644	0.498	0.172	0.0	0.0		Y
020823_181705-913033.PDF	bcsi_packdesign_2008_v1	10759	5009	35805	0.3	0.14	0.0	0.0		Y
020823_181708-428093.pdf	bcsi_packdesign_2008_v1	21415	9922	37554	0.57	0.264	0.0	0.0		Y
021122_033327-173286.pdf	bcsi_packdesign_2008_v1	6055	0	18584	0.326	0.0	0.012	9.9		
021122_042121-582454.PDF	bcsi_packdesign_2008_v1	4983	3876	15607	0.319	0.248	0.182	0.089		Y
021122_065746-137273.pdf	bcsi_packdesign_2008_v1	3315	0	11135	0.298	0.0	0.012	9.9		
021122_065823-516589.pdf	bcsi_packdesign_2008_v1	3315	0	11135	0.298	0.0	0.012	9.9		
021122_073426-131125.pdf	bcsi_packdesign_2008_v1	28211	21165	56646	0.498	0.374	0.0	0.0		Y
021122_073430-337341.PDF	bcsi_packdesign_2008_v1	1920	1448	6513	0.295	0.222	0.0	0.0		Y
021122_082950-947143.PDF	bcsi_packdesign_2008_v1	4965	2813	12764	0.389	0.22	0.182	0.089		Y
021122_083946-723869.PDF	bcsi_packdesign_2008_v1	4139	2496	10661	0.388	0.234	0.182	0.089		Y
021122_100853-893482.PDF	bcsi_packdesign_2008_v1	4719	3595	13433	0.351	0.268	0.182	0.089		Y
021222_025049-142257.pdf	bcsi_packdesign_2008_v1	10039	0	24554	0.409	0.0	0.199	9.9		
021222_030035-773691.PDF	bcsi_packdesign_2008_v1	0	5236	17858	0.0	0.293	9.9	0.085		
021222_031042-264542.PDF	bcsi_packdesign_2008_v1	0	4821	18608	0.0	0.259	9.9	0.085		
021222_033207-592754.PDF	bcsi_packdesign_2008_v1	0	5236	17858	0.0	0.293	9.9	0.085		
021222_033314-787438.PDF	bcsi_packdesign_2008_v1	0	5236	17858	0.0	0.293	9.9	0.085		
021222_033815-571916.pdf	bcsi_packdesign_2008_v1	21327	16165	45444	0.469	0.356	0.0	0.0		Y
021222_033825-958321.pdf	bcsi_packdesign_2008_v1	5422	4125	20059	0.27	0.206	0.0	0.0		Y
021222_072644-395985.PDF	bcsi_packdesign_2008_v1	1639	1366	6443	0.254	0.212	0.0	0.0		Y
021222_072653-477368.pdf	bcsi_packdesign_2008_v1	25575	21256	53821	0.475	0.395	0.0	0.0		Y
021222_085126-231692.pdf	bcsi_packdesign_2008_v1	26428	15537	48320	0.547	0.322	0.0	0.0		Y
021222_085132-816750.PDF	bcsi_packdesign_2008_v1	4469	2649	14182	0.315	0.187	0.0	0.0		Y
030123_020109-986245.PDF	bcsi_packdesign_2008_v1	2313	1523	8146	0.284	0.187	0.0	0.0		Y
030123_020112-884177.pdf	bcsi_packdesign_2008_v1	22588	14725	43689	0.517	0.337	0.0	0.0		Y
030223_013735-403444.pdf	bcsi_packdesign_2008_v1	3446	2685	11904	0.289	0.226	0.032	0.07		Y
030223_054923-138736.pdf	bcsi_packdesign_2008_v1	5012	5852	26367	0.19	0.222	0.0	0.0		Y
030223_054930-589234.pdf	bcsi_packdesign_2008_v1	14397	8350	44614	0.323	0.187	0.0	0.0		Y
030223_063201-493236.PDF	bcsi_packdesign_2008_v1	2661	2333	10797	0.246	0.216	0.0	0.0		Y
030223_065544-107514.pdf	bcsi_packdesign_2008_v1	31441	27605	66618	0.472	0.414	0.0	0.0		Y
030323_000607-704018.PDF	bcsi_packdesign_2008_v1	4223	3199	15565	0.271	0.206	0.007	0.005		Y
030323_025526-846721.PDF	bcsi_packdesign_2008_v1	4251	3284	18604	0.228	0.177	0.0	0.0		Y
030323_025531-283672.pdf	bcsi_packdesign_2008_v1	25315	19528	51490	0.492	0.379	0.0	0.0		Y
030323_063848-763035.PDF	bcsi_packdesign_2008_v1	8030	0	25679	0.313	0.0	0.199	9.9		
030323_064204-575067.PDF	bcsi_packdesign_2008_v1	8030	0	25679	0.313	0.0	0.199	9.9		
030323_065229-544375.PDF	bcsi_packdesign_2008_v1	8248	0	27042	0.305	0.0	0.199	9.9		
030323_081648-536084.PDF	bcsi_packdesign_2008_v1	3346	2224	16943	0.197	0.131	0.0	0.0		Y
030323_081835-333494.PDF	bcsi_packdesign_2008_v1	5359	3431	20089	0.267	0.171	0.0	0.0		Y
030423_015827-318631.PDF	bcsi_packdesign_2008_v1	9658	5996	35439	0.273	0.169	0.0	0.0		Y
030423_030555-916368.PDF	bcsi_packdesign_2008_v1	6619	5051	28600	0.231	0.177	0.0	0.0		Y
030423_030606-681113.pdf	bcsi_packdesign_2008_v1	13132	10003	29339	0.448	0.341	0.0	0.0		Y
030523_021304-605486.PDF	bcsi_packdesign_2008_v1	9943	4390	30275	0.328	0.145	0.0	0.0		Y
030523_024207-706566.PDF	bcsi_packdesign_2008_v1	5816	2716	23426	0.248	0.116	0.0	0.0		Y
030523_024214-608482.pdf	bcsi_packdesign_2008_v1	23015	10644	41468	0.555	0.257	0.0	0.0		Y
030523_024616-364124.PDF	bcsi_packdesign_2008_v1	5816	2716	23426	0.248	0.116	0.0	0.0		Y
030523_024621-835342.pdf	bcsi_packdesign_2008_v1	23015	10644	41468	0.555	0.257	0.0	0.0		Y
030523_024805-864627.pdf	bcsi_packdesign_2008_v1	14983	7427	29519	0.508	0.252	0.0	0.0		Y
030523_024858-878948.pdf	bcsi_packdesign_2008_v1	14983	7427	29519	0.508	0.252	0.0	0.0		Y
030523_024959-813570.PDF	bcsi_packdesign_2008_v1	6757	3021	26832	0.252	0.113	0.0	0.0		Y
030523_025004-383564.pdf	bcsi_packdesign_2008_v1	13388	5931	26316	0.509	0.225	0.0	0.0		Y
030523_025257-722973.PDF	bcsi_packdesign_2008_v1	6579	3552	23163	0.284	0.153	0.0	0.0		Y
030523_025302-636233.pdf	bcsi_packdesign_2008_v1	13033	6995	27045	0.482	0.259	0.0	0.0		Y
030622_061531.pdf	bcsi_packdesign_2008_v1	22310	14728	40541	0.55	0.363	0.03	0.079		Y
030622_061534.PDF	bcsi_packdesign_2008_v1	11334	7536	38695	0.293	0.195	0.03	0.079		Y
030622_061537.PDF	bcsi_packdesign_2008_v1	14084	8767	48419	0.291	0.181	0.03	0.079		Y
030622_071643.PDF	bcsi_packdesign_2008_v1	14084	8767	48419	0.291	0.181	0.03	0.079		Y
030623_041046-713715.PDF	bcsi_packdesign_2008_v1	8959	4534	29876	0.3	0.152	0.0	0.0		Y
030623_041049-469497.pdf	bcsi_packdesign_2008_v1	35640	17956	59908	0.595	0.3	0.0	0.0		Y
030623_042538-339919.PDF	bcsi_packdesign_2008_v1	10702	5606	33129	0.323	0.169	0.0	0.0		Y
030623_042541-315898.pdf	bcsi_packdesign_2008_v1	21298	11113	41037	0.519	0.271	0.0	0.0		Y
030623_090119-493621.PDF	bcsi_packdesign_2008_v1	10429	5820	25997	0.401	0.224	0.03	0.079		Y
030623_090229-872250.PDF	bcsi_packdesign_2008_v1	10778	5790	26573	0.406	0.218	0.03	0.079		Y
030623_091311-641764.PDF	bcsi_packdesign_2008_v1	11636	6390	28846	0.403	0.222	0.03	0.079		Y
030723_120301-947838.pdf	bcsi_packdesign_2008_v1	11049	11471	29689	0.372	0.386	0.0	0.0		Y
030723_120308-945562.PDF	bcsi_packdesign_2008_v1	11117	11534	49718	0.224	0.232	0.0	0.0		Y
030723_142758-197032.PDF	bcsi_packdesign_2008_v1	3512	2607	10143	0.346	0.257	0.007	0.005		Y
030723_145223-913911.PDF	bcsi_packdesign_2008_v1	3512	2607	10143	0.346	0.257	0.007	0.005		Y
030723_163738-859872.PDF	bcsi_packdesign_2008_v1	16842	9520	58361	0.289	0.163	0.0	0.0		Y
030723_163848-322088.pdf	bcsi_packdesign_2008_v1	16778	9462	33580	0.5	0.282	0.0	0.0		Y
030723_165557-353676.PDF	bcsi_packdesign_2008_v1	14321	8643	33863	0.423	0.255	0.03	0.079		Y
030822_010607.PDF	bcsi_packdesign_2008_v1	12022	9693	38879	0.309	0.249	0.0	0.0		Y
030822_010613.pdf	bcsi_packdesign_2008_v1	0	0	5854	0.0	0.0	0.0	9.9		
030822_010616.pdf	bcsi_packdesign_2008_v1	11896	9577	28251	0.421	0.339	0.0	0.0		Y
030822_022025.PDF	bcsi_packdesign_2008_v1	11804	11101	40044	0.295	0.277	0.0	0.0		Y
030822_022034.pdf	bcsi_packdesign_2008_v1	11704	11009	29097	0.402	0.378	0.0	0.0		Y
030822_033253.PDF	bcsi_packdesign_2008_v1	9374	8770	32826	0.286	0.267	0.041	0.083		Y
030822_054139.PDF	bcsi_packdesign_2008_v1	11011	11331	39107	0.282	0.29	0.041	0.083		Y
030822_055754.PDF	bcsi_packdesign_2008_v1	10665	10692	37428	0.285	0.286	0.041	0.083		Y
030823_152720-311122.PDF	bcsi_packdesign_2008_v1	9486	3803	34212	0.277	0.111	0.0	0.0		Y
031022_034352-632669.pdf	bcsi_packdesign_2008_v1	13934	7541	28349	0.492	0.266	0.0	0.0		Y
031022_093427-709060.PDF	bcsi_packdesign_2008_v1	5698	2928	13476	0.423	0.217	0.182	0.089		Y
031022_093511-792759.PDF	bcsi_packdesign_2008_v1	4603	2287	10973	0.42	0.208	0.182	0.089		Y
031122_025516-523353.PDF	bcsi_packdesign_2008_v1	11037	7493	32195	0.343	0.233	0.0	0.0		Y
031122_025520-236581.PDF	bcsi_packdesign_2008_v1	3736	3810	11909	0.314	0.32	0.0	0.0		Y
031122_025525-597315.pdf	bcsi_packdesign_2008_v1	14608	11151	31794	0.459	0.351	0.0	0.0		Y
031122_040039-408634.PDF	bcsi_packdesign_2008_v1	11037	7493	32195	0.343	0.233	0.0	0.0		Y
031122_040043-224243.PDF	bcsi_packdesign_2008_v1	3821	3895	12268	0.311	0.318	0.0	0.0		Y
031122_040053-804475.pdf	bcsi_packdesign_2008_v1	14608	11151	31794	0.459	0.351	0.0	0.0		Y
040123_014505-173789.PDF	bcsi_packdesign_2008_v1	7584	0	37364	0.203	0.0	0.199	9.9		
040423_032135-471941.pdf	bcsi_packdesign_2008_v1	15444	10165	33235	0.465	0.306	0.0	0.0		Y
040423_032211-758518.PDF	bcsi_packdesign_2008_v1	7762	5120	29071	0.267	0.176	0.0	0.0		Y
040523_065644-721082.PDF	bcsi_packdesign_2008_v1	5598	3740	20563	0.272	0.182	0.0	0.0		Y
040523_072002-121271.PDF	bcsi_packdesign_2008_v1	10471	8181	31860	0.329	0.257	0.03	0.079		Y
040523_083806-621135.PDF	bcsi_packdesign_2008_v1	7914	4624	26451	0.299	0.175	0.0	0.0		Y
040523_100335-298988.PDF	bcsi_packdesign_2008_v1	5766	4331	16640	0.347	0.26	0.03	0.079		Y
040722_055935.pdf	bcsi_packdesign_2008_v1	32041	5292	43780	0.732	0.121	0.0	0.0		Y
040722_055958.PDF	bcsi_packdesign_2008_v1	16111	2730	27583	0.584	0.099	0.0	0.0		Y
040822_033454.pdf	bcsi_packdesign_2008_v1	24034	13759	44150	0.544	0.312	0.0	0.0		Y
040822_033500.PDF	bcsi_packdesign_2008_v1	8069	4656	19667	0.41	0.237	0.0	0.0		Y
040822_061041.PDF	bcsi_packdesign_2008_v1	6070	4770	19929	0.305	0.239	0.0	0.0		Y
040822_061045.pdf	bcsi_packdesign_2008_v1	11983	9395	29165	0.411	0.322	0.0	0.0		Y
040823_181717-861894.PDF	bcsi_packdesign_2008_v1	18520	10885	43306	0.428	0.251	0.026	0.006		Y
040923_111902-387694.PDF	bcsi_packdesign_2008_v1	19663	11293	66616	0.295	0.17	0.0	0.0		Y
040923_111910-229040.pdf	bcsi_packdesign_2008_v1	19590	11226	38279	0.512	0.293	0.0	0.0		Y
040923_123035-228712.PDF	bcsi_packdesign_2008_v1	4803	3828	15445	0.311	0.248	0.026	0.006		Y
040923_124904-364973.PDF	bcsi_packdesign_2008_v1	34143	22152	90349	0.378	0.245	0.026	0.006		Y
040923_131937-676212.PDF	bcsi_packdesign_2008_v1	4972	3831	15272	0.326	0.251	0.026	0.006		Y
040923_155221-247814.PDF	bcsi_packdesign_2008_v1	2486	1849	8015	0.31	0.231	0.026	0.006		Y
040923_173725-824986.pdf	bcsi_packdesign_2008_v1	4652	2436	11767	0.395	0.207	0.026	0.006		Y
041022_030624-437728.PDF	bcsi_packdesign_2008_v1	2844	1820	10032	0.283	0.181	0.0	0.0		Y
041022_030629-871621.pdf	bcsi_packdesign_2008_v1	28035	17833	52780	0.531	0.338	0.0	0.0		Y
041022_085732-263582.PDF	bcsi_packdesign_2008_v1	3965	2942	16375	0.242	0.18	0.0	0.0		Y
041122_014122-725249.pdf	bcsi_packdesign_2008_v1	4186	2676	10994	0.381	0.243	0.0	0.0		Y
041122_014708-795317.pdf	bcsi_packdesign_2008_v1	4743	2812	12080	0.393	0.233	0.0	0.0		Y
041122_021657-811477.PDF	bcsi_packdesign_2008_v1	2372	1336	8303	0.286	0.161	0.0	0.0		Y
041122_042552-841476.PDF	bcsi_packdesign_2008_v1	10073	0	29494	0.342	0.0	0.199	9.9		
041122_055437-488839.PDF	bcsi_packdesign_2008_v1	5587	4310	18179	0.307	0.237	0.0	0.0		Y
041122_065748-519292.pdf	bcsi_packdesign_2008_v1	9320	5190	21565	0.432	0.241	0.0	0.0		Y
041122_065821-376142.pdf	bcsi_packdesign_2008_v1	9320	5190	21565	0.432	0.241	0.0	0.0		Y
041122_084820-721593.PDF	bcsi_packdesign_2008_v1	2897	2404	9111	0.318	0.264	0.0	0.0		Y
041122_092632-388151.pdf	bcsi_packdesign_2008_v1	4704	5534	16257	0.289	0.34	0.0	0.0		Y
050423_013758-478299.PDF	bcsi_packdesign_2008_v1	4499	4632	16880	0.267	0.274	0.0	0.0		Y
050423_013805-294512.PDF	bcsi_packdesign_2008_v1	4499	4632	16880	0.267	0.274	0.0	0.0		Y
050423_014107-603987.PDF	bcsi_packdesign_2008_v1	4582	4700	17140	0.267	0.274	0.0	0.0		Y
050423_014253-371611.PDF	bcsi_packdesign_2008_v1	5321	6276	20884	0.255	0.301	0.0	0.0		Y
050423_042622-904687.PDF	bcsi_packdesign_2008_v1	6893	4591	30909	0.223	0.149	0.0	0.0		Y
050423_042626-225952.pdf	bcsi_packdesign_2008_v1	20427	13551	45633	0.448	0.297	0.0	0.0		Y
050423_060519-374250.PDF	bcsi_packdesign_2008_v1	10092	0	44165	0.229	0.0	0.199	9.9		
050423_060657-787858.PDF	bcsi_packdesign_2008_v1	7901	0	35226	0.224	0.0	0.199	9.9		
050423_060740-563415.PDF	bcsi_packdesign_2008_v1	9792	0	42487	0.23	0.0	0.199	9.9		
050623_010942-743657.PDF	bcsi_packdesign_2008_v1	11080	10610	44350	0.25	0.239	0.0	0.0		Y
050623_063120-151215.PDF	bcsi_packdesign_2008_v1	5192	3450	20151	0.258	0.171	0.189	0.084		Y
050623_063507-218958.pdf	bcsi_packdesign_2008_v1	20249	13317	37752	0.536	0.353	0.199	0.084		Y
050722_055619.PDF	bcsi_packdesign_2008_v1	6547	3412	17102	0.383	0.2	0.0	0.0		Y
050722_055625.pdf	bcsi_packdesign_2008_v1	13093	6824	26564	0.493	0.257	0.0	0.0		Y
050722_055649.PDF	bcsi_packdesign_2008_v1	6543	3401	18841	0.347	0.181	0.0	0.0		Y
050722_055655.pdf	bcsi_packdesign_2008_v1	13085	6803	26513	0.494	0.257	0.0	0.0		Y
050722_055721.PDF	bcsi_packdesign_2008_v1	6483	3490	17576	0.369	0.199	0.0	0.0		Y
050722_055727.pdf	bcsi_packdesign_2008_v1	12965	6981	26829	0.483	0.26	0.0	0.0		Y
050722_055802.PDF	bcsi_packdesign_2008_v1	7107	3419	21694	0.328	0.158	0.0	0.0		Y
050722_055806.pdf	bcsi_packdesign_2008_v1	14214	6837	28062	0.507	0.244	0.0	0.0		Y
050722_075340.PDF	bcsi_packdesign_2008_v1	1954	478	6741	0.29	0.071	0.0	0.0		Y
050722_075345.pdf	bcsi_packdesign_2008_v1	28535	6489	41030	0.695	0.158	0.0	0.0		Y
050722_093207.pdf	bcsi_packdesign_2008_v1	26019	16036	48510	0.536	0.331	0.0	0.0		Y
050722_093212.PDF	bcsi_packdesign_2008_v1	6581	4078	19674	0.335	0.207	0.0	0.0		Y
050723_122850-145437.PDF	bcsi_packdesign_2008_v1	22079	17035	90569	0.244	0.188	0.0	0.0		Y
050723_151138-171450.PDF	bcsi_packdesign_2008_v1	20993	0	50260	0.418	0.0	0.199	9.9		
050822_053544-359350.PDF	bcsi_packdesign_2008_v1	6975	4381	21452	0.325	0.204	0.0	0.0		Y
050822_053548-785098.pdf	bcsi_packdesign_2008_v1	13769	8596	28376	0.485	0.303	0.0	0.0		Y
050823_110307-592151.pdf	bcsi_packdesign_2008_v1	7007	4619	22349	0.314	0.207	0.035	0.008		Y
050823_113515-212772.PDF	bcsi_packdesign_2008_v1	2379	2093	8001	0.297	0.262	0.026	0.006		Y
050823_152845-346591.PDF	bcsi_packdesign_2008_v1	5307	3688	23496	0.226	0.157	0.0	0.0		Y
050823_152852-475184.pdf	bcsi_packdesign_2008_v1	20978	14531	46854	0.448	0.31	0.0	0.0		Y
050823_165521-855524.PDF	bcsi_packdesign_2008_v1	4405	3046	13856	0.318	0.22	0.026	0.006		Y
050922_042243-527941.pdf	bcsi_packdesign_2008_v1	2347	2105	7116	0.33	0.296	0.0	0.0		Y
050922_042256-852343.pdf	bcsi_packdesign_2008_v1	36847	33025	83550	0.441	0.395	0.0	0.0		Y
050922_063736-499048.PDF	bcsi_packdesign_2008_v1	4431	3199	16237	0.273	0.197	0.0	0.0		Y
050922_070148-719417.PDF	bcsi_packdesign_2008_v1	4533	3604	14831	0.306	0.243	0.03	0.079		Y
050922_071009-756690.PDF	bcsi_packdesign_2008_v1	4533	3604	14831	0.306	0.243	0.03	0.079		Y
050922_090203-494818.PDF	bcsi_packdesign_2008_v1	6492	6403	22328	0.291	0.287	0.03	0.079		Y
050922_100104-326374.pdf	bcsi_packdesign_2008_v1	12552	7796	41219	0.305	0.189	0.02	0.004		Y
050923_111441-402513.PDF	bcsi_packdesign_2008_v1	4273	3351	21537	0.198	0.156	0.0	0.0		Y
050923_111443-354698.pdf	bcsi_packdesign_2008_v1	25363	19852	56330	0.45	0.352	0.0	0.0		Y
050923_121741-673991.pdf	bcsi_packdesign_2008_v1	5002	2867	13201	0.379	0.217	0.026	0.006		Y
050923_150702-393436.pdf	bcsi_packdesign_2008_v1	4652	2436	11767	0.395	0.207	0.026	0.006		Y
050923_182744-804566.PDF	bcsi_packdesign_2008_v1	21230	13460	71388	0.297	0.189	0.026	0.006		Y
051222_011919-179673.PDF	bcsi_packdesign_2008_v1	0	5253	18871	0.0	0.278	9.9	0.085		
051222_013007-119696.PDF	bcsi_packdesign_2008_v1	6340	4382	19249	0.329	0.228	0.199	0.085		Y
060123_071353-801835.PDF	bcsi_packdesign_2008_v1	1561	0	6041	0.258	0.0	0.199	9.9		
060123_072153-419145.PDF	bcsi_packdesign_2008_v1	1561	0	6041	0.258	0.0	0.199	9.9		
060123_072206-214033.PDF	bcsi_packdesign_2008_v1	10658	7023	39434	0.27	0.178	0.182	0.089		Y
060123_072259-422784.PDF	bcsi_packdesign_2008_v1	10658	7023	39434	0.27	0.178	0.182	0.089		Y
060223_054408-346765.PDF	bcsi_packdesign_2008_v1	10498	0	32186	0.326	0.0	0.199	9.9		
060223_054827-186885.PDF	bcsi_packdesign_2008_v1	9683	0	25143	0.385	0.0	0.199	9.9		
060223_055520-953998.PDF	bcsi_packdesign_2008_v1	7059	0	20897	0.338	0.0	0.199	9.9		
060223_065823-519685.PDF	bcsi_packdesign_2008_v1	2951	0	5449	0.542	0.0	0.199	9.9		
060223_070247-204097.PDF	bcsi_packdesign_2008_v1	7781	4768	31020	0.251	0.154	0.0	0.0		Y
060423_011847-328329.PDF	bcsi_packdesign_2008_v1	5972	3409	23956	0.249	0.142	0.0	0.0		Y
060423_011850-394577.pdf	bcsi_packdesign_2008_v1	17776	10100	34070	0.522	0.296	0.0	0.0		Y
060423_034349-401790.PDF	bcsi_packdesign_2008_v1	8138	3702	30629	0.266	0.121	0.0	0.0		Y
060423_034354-165535.pdf	bcsi_packdesign_2008_v1	32368	14639	53359	0.607	0.274	0.0	0.0		Y
060423_034712-549053.PDF	bcsi_packdesign_2008_v1	7848	4322	31509	0.249	0.137	0.0	0.0		Y
060423_034718-734527.pdf	bcsi_packdesign_2008_v1	31207	17117	54766	0.57	0.313	0.0	0.0		Y
060423_035029-113666.PDF	bcsi_packdesign_2008_v1	8107	4317	30790	0.263	0.14	0.0	0.0		Y
060423_035033-813278.pdf	bcsi_packdesign_2008_v1	32242	17098	55194	0.584	0.31	0.0	0.0		Y
060423_035159-754981.PDF	bcsi_packdesign_2008_v1	8236	5037	32732	0.252	0.154	0.0	0.0		Y
060423_035203-804741.pdf	bcsi_packdesign_2008_v1	16380	9990	32500	0.504	0.307	0.0	0.0		Y
060423_043416-382175.PDF	bcsi_packdesign_2008_v1	7484	4461	20013	0.374	0.223	0.03	0.079		Y
060423_073520-554493.PDF	bcsi_packdesign_2008_v1	7317	4046	28686	0.255	0.141	0.0	0.0		Y
060423_073750-462243.pdf	bcsi_packdesign_2008_v1	14527	7992	28374	0.512	0.282	0.0	0.0		Y
060423_074053-541643.PDF	bcsi_packdesign_2008_v1	2927	2313	15232	0.192	0.152	0.0	0.0		Y
060423_074056-308568.pdf	bcsi_packdesign_2008_v1	23156	18258	48298	0.479	0.378	0.0	0.0		Y
060423_080423-324071.pdf	bcsi_packdesign_2008_v1	15332	8539	30149	0.509	0.283	0.0	0.0		Y
060423_083157-896068.PDF	bcsi_packdesign_2008_v1	1334	1019	8421	0.158	0.121	0.0	0.0		Y
060423_101103-597076.PDF	bcsi_packdesign_2008_v1	8011	2018	21246	0.377	0.095	0.187	0.09		Y
060523_035800-952199.PDF	bcsi_packdesign_2008_v1	4319	3117	14297	0.302	0.218	0.0	0.0		Y
060523_035807-184090.pdf	bcsi_packdesign_2008_v1	17067	12282	35980	0.474	0.341	0.0	0.0		Y
060523_040055-819664.pdf	bcsi_packdesign_2008_v1	23060	13313	43914	0.525	0.303	0.0	0.0		Y
060523_040105-269732.PDF	bcsi_packdesign_2008_v1	4319	3117	14297	0.302	0.218	0.0	0.0		Y
060523_040110-487523.pdf	bcsi_packdesign_2008_v1	17067	12282	35980	0.474	0.341	0.0	0.0		Y
060623_021915-161186.PDF	bcsi_packdesign_2008_v1	10569	8804	45637	0.232	0.193	0.0	0.0		Y
060723_112356-486262.PDF	bcsi_packdesign_2008_v1	4467	3660	13434	0.333	0.272	0.007	0.005		Y
060723_141715-533472.PDF	bcsi_packdesign_2008_v1	4893	3739	13975	0.35	0.268	0.02	0.004		Y
060822_015248-836575.PDF	bcsi_packdesign_2008_v1	6820	3804	24520	0.278	0.155	0.0	0.0		Y
060822_030722-309555.PDF	bcsi_packdesign_2008_v1	7375	4270	28947	0.255	0.148	0.0	0.0		Y
060822_030744-513866.pdf	bcsi_packdesign_2008_v1	14592	8395	31439	0.464	0.267	0.0	0.0		Y
060822_031237-187727.pdf	bcsi_packdesign_2008_v1	14592	8395	31439	0.464	0.267	0.0	0.0		Y
060822_031245-334427.PDF	bcsi_packdesign_2008_v1	7375	4270	28947	0.255	0.148	0.0	0.0		Y
060822_070536-103995.PDF	bcsi_packdesign_2008_v1	4457	92	13231	0.337	0.007	0.03	0.079		
060922_014638-965168.PDF	bcsi_packdesign_2008_v1	6397	5353	23155	0.276	0.231	0.03	0.079		Y
060922_022401-504377.PDF	bcsi_packdesign_2008_v1	2813	1920	9186	0.306	0.209	0.0	0.0		Y
060922_031753-774113.pdf	bcsi_packdesign_2008_v1	4736	3284	16092	0.294	0.204	0.03	0.07		Y
060922_031757-157272.pdf	bcsi_packdesign_2008_v1	27632	18966	60788	0.455	0.312	0.15	0.07		Y
060922_032330-198768.pdf	bcsi_packdesign_2008_v1	4736	3284	16092	0.294	0.204	0.03	0.07		Y
060922_032333-198019.pdf	bcsi_packdesign_2008_v1	27632	18966	60788	0.455	0.312	0.15	0.07		Y
060922_032844-612579.pdf	bcsi_packdesign_2008_v1	4736	3284	16092	0.294	0.204	0.03	0.07		Y
060922_032849-953971.pdf	bcsi_packdesign_2008_v1	27632	18966	60788	0.455	0.312	0.15	0.07		Y
060922_033841-685216.pdf	bcsi_packdesign_2008_v1	5046	2357	12589	0.401	0.187	0.03	0.07		Y
060922_033845-171752.pdf	bcsi_packdesign_2008_v1	57088	27410	94271	0.606	0.291	0.15	0.07		Y
060922_034027-945799.pdf	bcsi_packdesign_2008_v1	5046	2357	12589	0.401	0.187	0.03	0.07		Y
060922_034030-831860.pdf	bcsi_packdesign_2008_v1	57088	27410	94271	0.606	0.291	0.15	0.07		Y
060922_054558-254277.pdf	bcsi_packdesign_2008_v1	57088	27410	94271	0.606	0.291	0.15	0.07		Y
060922_054603-647950.pdf	bcsi_packdesign_2008_v1	5046	2357	12589	0.401	0.187	0.03	0.07		Y
060923_123546-904323.pdf	bcsi_packdesign_2008_v1	26699	23738	86796	0.308	0.273	0.0	0.0		Y
060923_125308-647886.pdf	bcsi_packdesign_2008_v1	32061	24965	89295	0.359	0.28	0.0	0.0		Y
060923_142255-242625.PDF	bcsi_packdesign_2008_v1	3189	2595	10247	0.311	0.253	0.026	0.006		Y
060923_150151-405061.PDF	bcsi_packdesign_2008_v1	3189	2595	10247	0.311	0.253	0.026	0.006		Y
060923_150301-808761.PDF	bcsi_packdesign_2008_v1	3189	2595	10247	0.311	0.253	0.026	0.006		Y
060923_150347-189581.PDF	bcsi_packdesign_2008_v1	16384	13829	45603	0.359	0.303	0.0	0.0		Y
060923_150355-387282.PDF	bcsi_packdesign_2008_v1	18309	26034	79656	0.23	0.327	0.0	0.0		Y
060923_150401-462124.PDF	bcsi_packdesign_2008_v1	7135	5208	20244	0.352	0.257	0.0	0.0		Y
060923_150540-819720.PDF	bcsi_packdesign_2008_v1	7678	5527	24739	0.31	0.223	0.0	0.0		Y
060923_150606-524523.pdf	bcsi_packdesign_2008_v1	15357	11055	32356	0.475	0.342	0.0	0.0		Y
061022_012343-333313.PDF	bcsi_packdesign_2008_v1	7299	4179	20833	0.35	0.201	0.182	0.089		Y
061022_012726-363199.PDF	bcsi_packdesign_2008_v1	7299	4179	20833	0.35	0.201	0.182	0.089		Y
061022_062029-661470.PDF	bcsi_packdesign_2008_v1	6761	84	24610	0.275	0.003	0.036	0.079		
061022_062033-626571.pdf	bcsi_packdesign_2008_v1	20011	14024	50761	0.394	0.276	0.0	0.0		Y
061222_055337-172683.PDF	bcsi_packdesign_2008_v1	0	5253	18871	0.0	0.278	9.9	0.085		
070223_001934-673928.PDF	bcsi_packdesign_2008_v1	4367	3107	17633	0.248	0.176	0.0	0.0		Y
070223_001938-691678.pdf	bcsi_packdesign_2008_v1	25946	18402	50915	0.51	0.361	0.0	0.0		Y
070223_005331-272539.PDF	bcsi_packdesign_2008_v1	17858	10159	62086	0.288	0.164	0.0	0.0		Y
070223_005333-401224.pdf	bcsi_packdesign_2008_v1	17800	10105	35219	0.505	0.287	0.0	0.0		Y
070223_084101-636416.PDF	bcsi_packdesign_2008_v1	7374	3753	26669	0.277	0.141	0.0	0.0		Y
070223_084124-356317.pdf	bcsi_packdesign_2008_v1	14657	7422	28606	0.512	0.259	0.0	0.0		Y
070223_085714-579837.pdf	bcsi_packdesign_2008_v1	19241	10989	38158	0.504	0.288	0.0	0.0		Y
070223_085718-598666.PDF	bcsi_packdesign_2008_v1	6449	3696	22973	0.281	0.161	0.0	0.0		Y
070323_011547-892524.pdf	bcsi_packdesign_2008_v1	16479	13071	35979	0.458	0.363	0.0	0.0		Y
070323_011608-974327.PDF	bcsi_packdesign_2008_v1	8304	6595	35103	0.237	0.188	0.0	0.0		Y
070323_082409-609451.PDF	bcsi_packdesign_2008_v1	6421	6695	29543	0.217	0.227	0.0	0.0		Y
070323_082412-965022.pdf	bcsi_packdesign_2008_v1	12749	13305	34561	0.369	0.385	0.0	0.0		Y
070323_082723-421515.pdf	bcsi_packdesign_2008_v1	2666	2060	13900	0.192	0.148	0.0	0.0		Y
070323_083316-104086.pdf	bcsi_packdesign_2008_v1	2941	0	8735	0.337	0.0	0.199	9.9		
070423_023721-932411.pdf	bcsi_packdesign_2008_v1	14574	8198	28751	0.507	0.285	0.0	0.0		Y
070423_023742-792137.PDF	bcsi_packdesign_2008_v1	7333	4141	27361	0.268	0.151	0.0	0.0		Y
070423_040808-664833.PDF	bcsi_packdesign_2008_v1	6924	5033	19888	0.348	0.253	0.007	0.005		Y
070423_084647-932529.PDF	bcsi_packdesign_2008_v1	5022	3305	22659	0.222	0.146	0.0	0.0		Y
070423_084650-802968.pdf	bcsi_packdesign_2008_v1	29903	19617	63912	0.468	0.307	0.0	0.0		Y
070423_090122-476171.pdf	bcsi_packdesign_2008_v1	31481	8397	45733	0.688	0.184	0.0	0.0		Y
070622_095440.pdf	bcsi_packdesign_2008_v1	41074	28046	74658	0.55	0.376	0.03	0.079		Y
070622_095445.PDF	bcsi_packdesign_2008_v1	3510	2418	12381	0.283	0.195	0.03	0.079		Y
070623_020859-538031.pdf	bcsi_packdesign_2008_v1	19867	13914	44452	0.447	0.313	0.0	0.0		Y
070623_020908-515036.PDF	bcsi_packdesign_2008_v1	6693	4700	28589	0.234	0.164	0.0	0.0		Y
070823_102823-115676.PDF	bcsi_packdesign_2008_v1	9526	6417	35240	0.27	0.182	0.0	0.0		Y
070823_135543-688523.PDF	bcsi_packdesign_2008_v1	9389	7882	30209	0.311	0.261	0.026	0.006		Y
070823_135925-123848.PDF	bcsi_packdesign_2008_v1	12718	0	37534	0.339	0.0	0.199	9.9		
070823_154839-269256.PDF	bcsi_packdesign_2008_v1	8594	7726	27298	0.315	0.283	0.026	0.006		Y
070823_155757-727469.PDF	bcsi_packdesign_2008_v1	9710	7121	27866	0.348	0.256	0.026	0.006		Y
070823_155801-651352.PDF	bcsi_packdesign_2008_v1	13262	9826	40022	0.331	0.246	0.026	0.006		Y
070823_155805-287721.PDF	bcsi_packdesign_2008_v1	14185	12003	44584	0.318	0.269	0.026	0.006		Y
070823_165535-423260.PDF	bcsi_packdesign_2008_v1	3649	3022	11316	0.322	0.267	0.026	0.006		Y
070823_170232-559473.PDF	bcsi_packdesign_2008_v1	3421	2989	11110	0.308	0.269	0.026	0.006		Y
070922_032601-282119.pdf	bcsi_packdesign_2008_v1	20563	14654	44575	0.461	0.329	0.0	0.0		Y
070922_032604-324966.PDF	bcsi_packdesign_2008_v1	5212	3729	18823	0.277	0.198	0.0	0.0		Y
070922_032616-732762.pdf	bcsi_packdesign_2008_v1	20563	14654	44575	0.461	0.329	0.0	0.0		Y
070922_032617-234124.PDF	bcsi_packdesign_2008_v1	5212	3729	18823	0.277	0.198	0.0	0.0		Y
070922_032630-256644.PDF	bcsi_packdesign_2008_v1	4679	3388	16829	0.278	0.201	0.0	0.0		Y
070922_032633-674019.pdf	bcsi_packdesign_2008_v1	27615	19907	58003	0.476	0.343	0.0	0.0		Y
070922_032645-373346.PDF	bcsi_packdesign_2008_v1	4679	3388	16829	0.278	0.201	0.0	0.0		Y
070922_032647-374223.pdf	bcsi_packdesign_2008_v1	27615	19907	58003	0.476	0.343	0.0	0.0		Y
070922_041946-888371.PDF	bcsi_packdesign_2008_v1	3266	3421	12915	0.253	0.265	0.0	0.0		Y
070922_042029-925381.PDF	bcsi_packdesign_2008_v1	2485	2231	9277	0.268	0.24	0.0	0.0		Y
070922_060808-496590.pdf	bcsi_packdesign_2008_v1	10789	9639	32883	0.328	0.293	0.03	0.079		Y
070922_074538-195918.pdf	bcsi_packdesign_2008_v1	10613	171	32059	0.331	0.005	0.03	0.079		
070922_091057-629057.PDF	bcsi_packdesign_2008_v1	2110	1753	7568	0.279	0.232	0.0	0.0		Y
070922_091134-453258.PDF	bcsi_packdesign_2008_v1	2110	1753	7568	0.279	0.232	0.0	0.0		Y
070922_091324-371673.pdf	bcsi_packdesign_2008_v1	18596	15409	40853	0.455	0.377	0.0	0.0		Y
070922_091345-315031.pdf	bcsi_packdesign_2008_v1	18596	15409	40853	0.455	0.377	0.0	0.0		Y
070923_120442-721320.PDF	bcsi_packdesign_2008_v1	4353	2015	18364	0.237	0.11	0.0	0.0		Y
070923_120453-885914.pdf	bcsi_packdesign_2008_v1	43070	19728	70425	0.612	0.28	0.0	0.0		Y
070923_154109-566685.PDF	bcsi_packdesign_2008_v1	4882	3144	22185	0.22	0.142	0.0	0.0		Y
070923_154114-165737.pdf	bcsi_packdesign_2008_v1	24182	15508	45889	0.527	0.338	0.0	0.0		Y
070923_155540-225413.PDF	bcsi_packdesign_2008_v1	1801	1183	9694	0.186	0.122	0.0	0.0		Y
070923_155546-781379.pdf	bcsi_packdesign_2008_v1	28397	18548	53898	0.527	0.344	0.0	0.0		Y
071022_035358-382870.PDF	bcsi_packdesign_2008_v1	634	0	1376	0.461	0.0	0.0	9.9		
071022_035402-701531.pdf	bcsi_packdesign_2008_v1	23980	0	29834	0.804	0.0	0.0	9.9		
071122_033401-959965.PDF	bcsi_packdesign_2008_v1	2660	2698	12572	0.212	0.215	0.0	0.0		Y
071122_033641-452389.PDF	bcsi_packdesign_2008_v1	2958	0	10559	0.28	0.0	0.199	9.9		
071122_033732-325415.PDF	bcsi_packdesign_2008_v1	2958	0	10559	0.28	0.0	0.199	9.9		
071122_033738-526268.PDF	bcsi_packdesign_2008_v1	2660	2698	12572	0.212	0.215	0.0	0.0		Y
071122_045704-488363.PDF	bcsi_packdesign_2008_v1	9048	90	25686	0.352	0.004	0.182	0.089		
071122_050409-986875.PDF	bcsi_packdesign_2008_v1	9048	90	25686	0.352	0.004	0.182	0.089		
071222_004653-961413.pdf	bcsi_packdesign_2008_v1	26336	10397	44750	0.589	0.232	0.0	0.0		Y
071222_050916-499953.pdf	bcsi_packdesign_2008_v1	6577	4384	25306	0.26	0.173	0.0	0.0		Y
071222_051013-916487.pdf	bcsi_packdesign_2008_v1	19495	12933	38536	0.506	0.336	0.0	0.0		Y
071222_054816-246196.pdf	bcsi_packdesign_2008_v1	4438	3068	15094	0.294	0.203	0.0	0.0		Y
071222_080917-662576.PDF	bcsi_packdesign_2008_v1	0	3282	15511	0.0	0.212	9.9	0.085		
071222_083635-988319.PDF	bcsi_packdesign_2008_v1	0	3282	15511	0.0	0.212	9.9	0.085		
080223_003743-235832.pdf	bcsi_packdesign_2008_v1	13123	8064	31041	0.423	0.26	0.0	0.0		Y
080223_003746-313917.PDF	bcsi_packdesign_2008_v1	6608	4075	28944	0.228	0.141	0.0	0.0		Y
080223_005002-286615.pdf	bcsi_packdesign_2008_v1	10681	6954	24316	0.439	0.286	0.0	0.0		Y
080223_005010-892615.PDF	bcsi_packdesign_2008_v1	10730	7000	39475	0.272	0.177	0.0	0.0		Y
080223_005838-238052.PDF	bcsi_packdesign_2008_v1	42	39	7514	0.006	0.005	0.0	0.082		
080223_005845-527255.pdf	bcsi_packdesign_2008_v1	0	0	7137	0.0	0.0	0.0	9.9		
080223_011447-724436.PDF	bcsi_packdesign_2008_v1	15718	9124	64231	0.245	0.142	0.0	0.0		Y
080223_011453-781562.pdf	bcsi_packdesign_2008_v1	15646	9058	32597	0.48	0.278	0.0	0.0		Y
080223_012103-986883.pdf	bcsi_packdesign_2008_v1	10681	0	18406	0.58	0.0	0.0	9.9		
080223_012108-951716.PDF	bcsi_packdesign_2008_v1	3606	43	12385	0.291	0.003	0.0	0.082		
080223_014407-335450.pdf	bcsi_packdesign_2008_v1	4344	0	14399	0.302	0.0	0.199	9.9		
080223_062925-744618.PDF	bcsi_packdesign_2008_v1	4662	3119	16492	0.283	0.189	0.0	0.0		Y
080223_062928-868647.pdf	bcsi_packdesign_2008_v1	36830	24541	68113	0.541	0.36	0.0	0.0		Y
080223_063046-251965.PDF	bcsi_packdesign_2008_v1	2840	1974	9557	0.297	0.207	0.0	0.0		Y
080223_063456-159730.PDF	bcsi_packdesign_2008_v1	6006	4825	17888	0.336	0.27	0.007	0.005		Y
080323_025211-842043.PDF	bcsi_packdesign_2008_v1	13518	11335	47745	0.283	0.237	0.0	0.0		Y
080323_025222-362597.pdf	bcsi_packdesign_2008_v1	13452	11275	31069	0.433	0.363	0.0	0.0		Y
080323_025233-107842.PDF	bcsi_packdesign_2008_v1	7614	3594	23572	0.323	0.152	0.0	0.0		Y
080323_025239-947389.pdf	bcsi_packdesign_2008_v1	15136	7104	28093	0.539	0.253	0.0	0.0		Y
080323_030725-441915.pdf	bcsi_packdesign_2008_v1	9456	4576	21479	0.44	0.213	0.007	0.005		Y
080323_073210-137813.PDF	bcsi_packdesign_2008_v1	6854	3895	25044	0.274	0.156	0.0	0.0		Y
080323_073222-973038.pdf	bcsi_packdesign_2008_v1	27230	15409	48851	0.557	0.315	0.0	0.0		Y
080323_234111-349351.pdf	bcsi_packdesign_2008_v1	11035	7258	44667	0.247	0.162	0.0	0.0		Y
080523_054622-429984.PDF	bcsi_packdesign_2008_v1	10931	7421	43401	0.252	0.171	0.0	0.0		Y
080523_085134-655162.pdf	bcsi_packdesign_2008_v1	7333	5307	22183	0.331	0.239	0.0	0.0		Y
080523_090140-569711.PDF	bcsi_packdesign_2008_v1	3734	2478	10278	0.363	0.241	0.03	0.079		Y
080623_014852-588338.PDF	bcsi_packdesign_2008_v1	3989	3002	14324	0.279	0.21	0.0	0.0		Y
080623_014906-163762.pdf	bcsi_packdesign_2008_v1	23479	17588	47800	0.491	0.368	0.0	0.0		Y
080623_020521-126215.pdf	bcsi_packdesign_2008_v1	16481	15643	39429	0.418	0.397	0.0	0.0		Y
080623_020906-973367.PDF	bcsi_packdesign_2008_v1	8295	7872	34577	0.24	0.228	0.0	0.0		Y
080623_021218-183670.pdf	bcsi_packdesign_2008_v1	8831	8049	23478	0.376	0.343	0.0	0.0		Y
080623_021229-527311.PDF	bcsi_packdesign_2008_v1	8885	8099	35984	0.247	0.225	0.0	0.0		Y
080623_053238-644286.PDF	bcsi_packdesign_2008_v1	11317	7444	33972	0.333	0.219	0.03	0.079		Y
080623_054224-651763.PDF	bcsi_packdesign_2008_v1	11317	7444	33972	0.333	0.219	0.03	0.079		Y
080623_055554-333952.PDF	bcsi_packdesign_2008_v1	4055	2672	11712	0.346	0.228	0.03	0.079		Y
080623_060644-565370.PDF	bcsi_packdesign_2008_v1	2777	2483	8815	0.315	0.282	0.03	0.079		Y
080623_062144-942373.PDF	bcsi_packdesign_2008_v1	3207	2717	9784	0.328	0.278	0.03	0.079		Y
080722_031504.pdf	bcsi_packdesign_2008_v1	5759	0	31819	0.181	0.0	0.199	9.9		
080723_103108-408360.PDF	bcsi_packdesign_2008_v1	9243	6237	37644	0.246	0.166	0.0	0.0		Y
080723_103112-635429.pdf	bcsi_packdesign_2008_v1	18322	12329	41242	0.444	0.299	0.0	0.0		Y
080723_103558-955653.PDF	bcsi_packdesign_2008_v1	9243	6237	37644	0.246	0.166	0.0	0.0		Y
080723_103606-701796.pdf	bcsi_packdesign_2008_v1	18322	12329	41242	0.444	0.299	0.0	0.0		Y
080723_160835-183496.PDF	bcsi_packdesign_2008_v1	3814	2672	10834	0.352	0.247	0.007	0.005		Y
080723_180656-475030.PDF	bcsi_packdesign_2008_v1	3814	2672	10834	0.352	0.247	0.007	0.005		Y
080723_181641-754890.PDF	bcsi_packdesign_2008_v1	3814	2672	10834	0.352	0.247	0.007	0.005		Y
080823_104658-289612.PDF	bcsi_packdesign_2008_v1	8459	5846	35703	0.237	0.164	0.0	0.0		Y
080823_105136-251279.pdf	bcsi_packdesign_2008_v1	8390	5786	24266	0.346	0.238	0.0	0.0		Y
080823_124248-766479.PDF	bcsi_packdesign_2008_v1	7003	3246	27792	0.252	0.117	0.0	0.0		Y
080823_124253-144394.pdf	bcsi_packdesign_2008_v1	13881	6381	30223	0.459	0.211	0.0	0.0		Y
080823_170832-831532.PDF	bcsi_packdesign_2008_v1	62	779	9951	0.006	0.078	0.0	0.0		
080823_170841-247211.pdf	bcsi_packdesign_2008_v1	0	3620	10713	0.0	0.338	0.0	0.0		
080823_182941-624351.PDF	bcsi_packdesign_2008_v1	5560	3486	15296	0.363	0.228	0.03	0.079		Y
080923_122540-583568.PDF	bcsi_packdesign_2008_v1	5433	3428	16012	0.339	0.214	0.026	0.006		Y
080923_123759-221749.PDF	bcsi_packdesign_2008_v1	6709	5752	20623	0.325	0.279	0.026	0.006		Y
081022_040122-263975.PDF	bcsi_packdesign_2008_v1	6525	4286	22554	0.289	0.19	0.0	0.0		Y
081022_110306-637978.pdf	bcsi_packdesign_2008_v1	47513	25293	79891	0.595	0.317	0.0	0.0		Y
081022_110312-663480.PDF	bcsi_packdesign_2008_v1	9565	5116	25710	0.372	0.199	0.0	0.0		Y
081122_012626-344672.PDF	bcsi_packdesign_2008_v1	2958	0	10559	0.28	0.0	0.199	9.9		
081122_050029-986792.pdf	bcsi_packdesign_2008_v1	21064	15017	44738	0.471	0.336	0.0	0.0		Y
081122_050058-761289.PDF	bcsi_packdesign_2008_v1	7123	95	23143	0.308	0.004	0.036	0.079		
081122_081806-521069.pdf	bcsi_packdesign_2008_v1	18099	9027	33359	0.543	0.271	0.0	0.0		Y
081222_011631-115439.PDF	bcsi_packdesign_2008_v1	2147	2219	7728	0.278	0.287	0.0	0.0		Y
081222_013326-833724.pdf	bcsi_packdesign_2008_v1	15022	8755	30660	0.49	0.286	0.0	0.0		Y
081222_013332-151836.PDF	bcsi_packdesign_2008_v1	7630	4488	23734	0.321	0.189	0.0	0.0		Y
090123_033708-617979.pdf	bcsi_packdesign_2008_v1	4901	2122	14675	0.334	0.145	0.0	0.0		Y
090123_051922-905647.pdf	bcsi_packdesign_2008_v1	20848	11982	39198	0.532	0.306	0.0	0.0		Y
090123_051927-941596.PDF	bcsi_packdesign_2008_v1	3545	2062	11800	0.3	0.175	0.0	0.0		Y
090223_013722-567828.PDF	bcsi_packdesign_2008_v1	6290	4253	16809	0.374	0.253	0.007	0.005		Y
090223_013726-244817.PDF	bcsi_packdesign_2008_v1	6283	4253	16735	0.375	0.254	0.007	0.005		Y
090223_032707-402274.pdf	bcsi_packdesign_2008_v1	7145	37	27051	0.264	0.001	0.036	0.079		
090223_043838-592187.PDF	bcsi_packdesign_2008_v1	6179	2076	21928	0.282	0.095	0.0	0.0		Y
090223_043840-126396.pdf	bcsi_packdesign_2008_v1	36795	12202	54851	0.671	0.222	0.0	0.0		Y
090223_043928-649266.PDF	bcsi_packdesign_2008_v1	6179	2076	21928	0.282	0.095	0.0	0.0		Y
090223_043929-696274.pdf	bcsi_packdesign_2008_v1	36795	12202	54851	0.671	0.222	0.0	0.0		Y
090223_051200-814867.PDF	bcsi_packdesign_2008_v1	6004	37	25970	0.231	0.001	0.036	0.079		
090223_085257-933635.PDF	bcsi_packdesign_2008_v1	8433	6220	26652	0.316	0.233	0.02	0.004		Y
090323_023835-877778.pdf	bcsi_packdesign_2008_v1	25731	17818	53699	0.479	0.332	0.0	0.0		Y
090323_023847-803186.PDF	bcsi_packdesign_2008_v1	6495	4510	26855	0.242	0.168	0.0	0.0		Y
090323_025005-405811.PDF	bcsi_packdesign_2008_v1	6862	43	26310	0.261	0.002	0.036	0.079		
090323_025019-927691.PDF	bcsi_packdesign_2008_v1	3611	2717	16729	0.216	0.162	0.0	0.0		Y
090323_025027-489679.pdf	bcsi_packdesign_2008_v1	31141	19488	56941	0.547	0.342	0.0	0.0		Y
090323_044624-456145.PDF	bcsi_packdesign_2008_v1	3848	3088	18612	0.207	0.166	0.0	0.0		Y
090523_072439-148287.pdf	bcsi_packdesign_2008_v1	12323	8533	33350	0.369	0.256	0.0	0.0		Y
090523_072504-951568.PDF	bcsi_packdesign_2008_v1	6224	4322	28251	0.22	0.153	0.0	0.0		Y
090523_074349-168057.PDF	bcsi_packdesign_2008_v1	8688	5018	32786	0.265	0.153	0.0	0.0		Y
090523_074414-839719.pdf	bcsi_packdesign_2008_v1	17225	9903	34110	0.505	0.29	0.0	0.0		Y
090523_080105-324281.PDF	bcsi_packdesign_2008_v1	7792	5255	37944	0.205	0.139	0.0	0.0		Y
090523_080112-222799.pdf	bcsi_packdesign_2008_v1	15375	10325	39831	0.386	0.259	0.0	0.0		Y
090523_094355-207898.PDF	bcsi_packdesign_2008_v1	4502	3488	12804	0.352	0.272	0.03	0.079		Y
090623_013314-756480.pdf	bcsi_packdesign_2008_v1	25201	19192	52972	0.476	0.362	0.0	0.0		Y
090623_013322-289793.PDF	bcsi_packdesign_2008_v1	6346	4841	26751	0.237	0.181	0.0	0.0		Y
090623_015110-169611.PDF	bcsi_packdesign_2008_v1	6152	2374	15058	0.409	0.158	0.03	0.079		Y
090623_030743-783755.pdf	bcsi_packdesign_2008_v1	9826	10382	27248	0.361	0.381	0.0	0.0		Y
090623_030750-817024.PDF	bcsi_packdesign_2008_v1	9891	10442	43811	0.226	0.238	0.0	0.0		Y
090623_060139-581978.PDF	bcsi_packdesign_2008_v1	9231	8789	28969	0.319	0.303	0.03	0.079		Y
090922_011419-659329.PDF	bcsi_packdesign_2008_v1	5344	2936	14025	0.381	0.209	0.0	0.0		Y
090922_021007-882341.pdf	bcsi_packdesign_2008_v1	1780	0	5001	0.356	0.0	0.199	9.9		
091122_024320-817829.PDF	bcsi_packdesign_2008_v1	9994	7034	26692	0.374	0.264	0.182	0.089		Y
091122_025011-597140.PDF	bcsi_packdesign_2008_v1	9994	7034	26692	0.374	0.264	0.182	0.089		Y
091222_003701-284878.pdf	bcsi_packdesign_2008_v1	16434	13339	36561	0.45	0.365	0.0	0.0		Y
091222_012357-314428.pdf	bcsi_packdesign_2008_v1	19526	14245	40874	0.478	0.349	0.0	0.0		Y
091222_012430-327880.pdf	bcsi_packdesign_2008_v1	15440	11758	33764	0.457	0.348	0.0	0.0		Y
100123_011708-167336.PDF	bcsi_packdesign_2008_v1	9911	6256	28040	0.353	0.223	0.0	0.0		Y
100123_011720-811743.pdf	bcsi_packdesign_2008_v1	19594	12301	38586	0.508	0.319	0.0	0.0		Y
100123_062102-814082.PDF	bcsi_packdesign_2008_v1	2991	2598	11018	0.271	0.236	0.0	0.0		Y
100223_041249-728822.pdf	bcsi_packdesign_2008_v1	22039	16485	45558	0.484	0.362	0.0	0.0		Y
100223_043234-498390.PDF	bcsi_packdesign_2008_v1	1868	1403	11242	0.166	0.125	0.0	0.0		Y
100223_092225-728849.PDF	bcsi_packdesign_2008_v1	7521	5298	27259	0.276	0.194	0.0	0.0		Y
100323_011412-998528.pdf	bcsi_packdesign_2008_v1	16604	12427	38340	0.433	0.324	0.0	0.0		Y
100323_021109-656332.PDF	bcsi_packdesign_2008_v1	4233	2688	13614	0.311	0.197	0.0	0.0		Y
100323_021119-192235.pdf	bcsi_packdesign_2008_v1	33307	20984	61016	0.546	0.344	0.0	0.0		Y
100323_053706-123162.pdf	bcsi_packdesign_2008_v1	4314	3018	20254	0.213	0.149	0.0	0.0		Y
100323_060756-311550.PDF	bcsi_packdesign_2008_v1	10340	6812	34730	0.298	0.196	0.0	0.0		Y
100323_060801-794266.pdf	bcsi_packdesign_2008_v1	10260	6741	23238	0.442	0.29	0.0	0.0		Y
100323_071339-372596.PDF	bcsi_packdesign_2008_v1	4211	2734	18947	0.222	0.144	0.0	0.0		Y
100323_071342-765337.pdf	bcsi_packdesign_2008_v1	24927	16101	51931	0.48	0.31	0.0	0.0		Y
100323_081716-119970.pdf	bcsi_packdesign_2008_v1	6006	37	22764	0.264	0.002	0.036	0.079		
100323_083543-411945.PDF	bcsi_packdesign_2008_v1	7380	37	29836	0.247	0.001	0.036	0.079		
100323_092759-611766.PDF	bcsi_packdesign_2008_v1	19477	0	77029	0.253	0.0	0.199	9.9		
100423_070656-982288.PDF	bcsi_packdesign_2008_v1	7213	3622	29925	0.241	0.121	0.0	0.0		Y
100423_072218-519567.PDF	bcsi_packdesign_2008_v1	7471	3755	29607	0.252	0.127	0.0	0.0		Y
100423_072659-305562.pdf	bcsi_packdesign_2008_v1	4326	3539	20195	0.214	0.175	0.0	0.0		Y
100423_085352-527521.PDF	bcsi_packdesign_2008_v1	9699	8936	30028	0.323	0.298	0.0	0.0		Y
100523_012059-916332.PDF	bcsi_packdesign_2008_v1	1890	1145	10669	0.177	0.107	0.0	0.0		Y
100523_012108-409110.pdf	bcsi_packdesign_2008_v1	22323	13403	42232	0.529	0.317	0.0	0.0		Y
100523_021353-825315.PDF	bcsi_packdesign_2008_v1	1790	1066	10695	0.167	0.1	0.0	0.0		Y
100523_021356-802128.pdf	bcsi_packdesign_2008_v1	28121	16579	51365	0.547	0.323	0.0	0.0		Y
100523_035614-877595.pdf	bcsi_packdesign_2008_v1	13668	5484	26549	0.515	0.207	0.0	0.0		Y
100523_035636-127119.pdf	bcsi_packdesign_2008_v1	13540	5641	28610	0.473	0.197	0.0	0.0		Y
100523_041824-323532.PDF	bcsi_packdesign_2008_v1	5378	3999	23438	0.229	0.171	0.0	0.0		Y
100523_061610-874178.PDF	bcsi_packdesign_2008_v1	6347	4896	28714	0.221	0.171	0.0	0.0		Y
100523_061616-389951.pdf	bcsi_packdesign_2008_v1	12586	9691	29326	0.429	0.33	0.0	0.0		Y
100523_071117-103583.PDF	bcsi_packdesign_2008_v1	8675	6168	35636	0.243	0.173	0.0	0.0		Y
100523_071222-558752.pdf	bcsi_packdesign_2008_v1	25873	18364	65981	0.392	0.278	0.0	0.0		Y
100523_071554-921626.PDF	bcsi_packdesign_2008_v1	9194	7196	38844	0.237	0.185	0.0	0.0		Y
100523_071641-217578.pdf	bcsi_packdesign_2008_v1	18269	14283	49000	0.373	0.291	0.0	0.0		Y
100523_074656-639449.PDF	bcsi_packdesign_2008_v1	2840	1818	14030	0.202	0.13	0.0	0.0		Y
100523_074720-593330.pdf	bcsi_packdesign_2008_v1	28104	17899	52867	0.532	0.339	0.0	0.0		Y
100523_094008-995860.PDF	bcsi_packdesign_2008_v1	4854	3363	22989	0.211	0.146	0.0	0.0		Y
100622_035149.PDF	bcsi_packdesign_2008_v1	6325	0	18559	0.341	0.0	0.199	9.9		
100723_102102-924960.PDF	bcsi_packdesign_2008_v1	3913	1756	10547	0.371	0.166	0.0	0.0		Y
100723_102120-518425.pdf	bcsi_packdesign_2008_v1	39125	17559	62992	0.621	0.279	0.0	0.0		Y
100723_103447-841147.PDF	bcsi_packdesign_2008_v1	3814	2672	10834	0.352	0.247	0.007	0.005		Y
100723_105921-529448.PDF	bcsi_packdesign_2008_v1	9243	6237	37644	0.246	0.166	0.0	0.0		Y
100723_105929-686513.pdf	bcsi_packdesign_2008_v1	18322	12329	41242	0.444	0.299	0.0	0.0		Y
100723_114544-833030.PDF	bcsi_packdesign_2008_v1	7188	5560	26153	0.275	0.213	0.0	0.0		Y
100723_115658-579235.PDF	bcsi_packdesign_2008_v1	7188	5560	26153	0.275	0.213	0.0	0.0		Y
100723_115718-953515.pdf	bcsi_packdesign_2008_v1	21349	16491	44689	0.478	0.369	0.0	0.0		Y
100723_122522-446082.PDF	bcsi_packdesign_2008_v1	11805	7813	38331	0.308	0.204	0.0	0.0		Y
100723_125638-945224.PDF	bcsi_packdesign_2008_v1	7188	5560	26153	0.275	0.213	0.0	0.0		Y
100723_125709-982526.pdf	bcsi_packdesign_2008_v1	21349	16491	44689	0.478	0.369	0.0	0.0		Y
100723_125845-998556.PDF	bcsi_packdesign_2008_v1	7188	5560	26153	0.275	0.213	0.0	0.0		Y
100723_142810-684767.PDF	bcsi_packdesign_2008_v1	10211	6641	35902	0.284	0.185	0.0	0.0		Y
100723_142840-114123.pdf	bcsi_packdesign_2008_v1	10144	6582	23259	0.436	0.283	0.0	0.0		Y
100723_143813-506799.PDF	bcsi_packdesign_2008_v1	3814	2672	10834	0.352	0.247	0.007	0.005		Y
100723_143820-436594.pdf	bcsi_packdesign_2008_v1	5272	0	9358	0.563	0.0	0.199	9.9		
100723_143822-469626.PDF	bcsi_packdesign_2008_v1	9243	6237	37644	0.246	0.166	0.0	0.0		Y
100723_143828-823359.pdf	bcsi_packdesign_2008_v1	18322	12329	41242	0.444	0.299	0.0	0.0		Y
100723_145446-758637.PDF	bcsi_packdesign_2008_v1	4037	1260	9727	0.415	0.13	0.0	0.0		Y
100723_175642-383921.PDF	bcsi_packdesign_2008_v1	7095	5525	31597	0.225	0.175	0.0	0.0		Y
100723_175648-217844.pdf	bcsi_packdesign_2008_v1	14023	10903	32005	0.438	0.341	0.0	0.0		Y
100822_012109-803690.pdf	bcsi_packdesign_2008_v1	9955	8131	24045	0.414	0.338	0.0	0.0		Y
100822_013948-684320.pdf	bcsi_packdesign_2008_v1	26089	22354	56042	0.466	0.399	0.0	0.0		Y
100822_064748-129156.pdf	bcsi_packdesign_2008_v1	21554	11945	39534	0.545	0.302	0.0	0.0		Y
100822_064756-737175.PDF	bcsi_packdesign_2008_v1	7256	4052	19818	0.366	0.204	0.0	0.0		Y
100823_120816-803425.PDF	bcsi_packdesign_2008_v1	6982	4529	22964	0.304	0.197	0.026	0.006		Y
100823_153348-997843.PDF	bcsi_packdesign_2008_v1	3565	3259	12836	0.278	0.254	0.026	0.006		Y
100823_155130-562547.PDF	bcsi_packdesign_2008_v1	4464	3510	13451	0.332	0.261	0.026	0.006		Y
100823_164441-317964.PDF	bcsi_packdesign_2008_v1	5414	2635	21303	0.254	0.124	0.0	0.0		Y
100823_164743-106279.PDF	bcsi_packdesign_2008_v1	4689	2404	18799	0.249	0.128	0.0	0.0		Y
100823_164908-454611.PDF	bcsi_packdesign_2008_v1	5379	2607	20985	0.256	0.124	0.0	0.0		Y
101022_093959-859818.PDF	bcsi_packdesign_2008_v1	3554	724	8280	0.429	0.087	0.0	0.0		Y
101022_094028-415418.pdf	bcsi_packdesign_2008_v1	62947	12086	81092	0.776	0.149	0.0	0.0		Y
101122_002556-394515.PDF	bcsi_packdesign_2008_v1	2414	1929	8406	0.287	0.229	0.0	0.0		Y
101122_020605-229286.PDF	bcsi_packdesign_2008_v1	3804	2947	10798	0.352	0.273	0.182	0.089		Y
101122_021240-319710.pdf	bcsi_packdesign_2008_v1	5170	90	15262	0.339	0.006	0.182	0.089		
101122_030742-504132.PDF	bcsi_packdesign_2008_v1	1753	1047	4913	0.357	0.213	0.182	0.089		Y
101122_032105-378060.pdf	bcsi_packdesign_2008_v1	27364	22446	56986	0.48	0.394	0.0	0.0		Y
101122_032108-923243.PDF	bcsi_packdesign_2008_v1	2318	1905	8146	0.285	0.234	0.0	0.0		Y
101122_033443-431194.PDF	bcsi_packdesign_2008_v1	3781	2186	9960	0.38	0.22	0.182	0.089		Y
101122_071945-914715.pdf	bcsi_packdesign_2008_v1	22965	11131	40698	0.564	0.273	0.0	0.0		Y
101122_071950-217332.PDF	bcsi_packdesign_2008_v1	11613	5686	29998	0.387	0.19	0.0	0.0		Y
101122_084341-382541.PDF	bcsi_packdesign_2008_v1	2179	1435	6092	0.358	0.236	0.182	0.089		Y
110123_003641-597377.PDF	bcsi_packdesign_2008_v1	24911	14304	71976	0.346	0.199	0.0	0.0		Y
110123_011111-495182.PDF	bcsi_packdesign_2008_v1	10300	6773	37788	0.273	0.179	0.0	0.0		Y
110123_011118-783782.pdf	bcsi_packdesign_2008_v1	10016	6369	22516	0.445	0.283	0.0	0.0		Y
110123_024719-532365.PDF	bcsi_packdesign_2008_v1	0	2810	11431	0.0	0.246	9.9	0.085		
110123_032122-304757.PDF	bcsi_packdesign_2008_v1	5680	3943	24264	0.234	0.162	0.0	0.0		Y
110123_032136-181066.pdf	bcsi_packdesign_2008_v1	22547	15611	50457	0.447	0.309	0.0	0.0		Y
110123_050948-248710.PDF	bcsi_packdesign_2008_v1	2611	1774	9062	0.288	0.196	0.0	0.0		Y
110123_050952-267932.pdf	bcsi_packdesign_2008_v1	20540	13874	41019	0.501	0.338	0.0	0.0		Y
110123_054713-699327.PDF	bcsi_packdesign_2008_v1	15291	12932	48369	0.316	0.267	0.0	0.0		Y
110123_054720-378572.PDF	bcsi_packdesign_2008_v1	11162	9377	40782	0.274	0.23	0.0	0.0		Y
110123_054725-681259.pdf	bcsi_packdesign_2008_v1	15232	12878	33963	0.448	0.379	0.0	0.0		Y
110223_010902-295864.pdf	bcsi_packdesign_2008_v1	13561	6614	26754	0.507	0.247	0.0	0.0		Y
110223_010907-741199.PDF	bcsi_packdesign_2008_v1	6827	3349	26051	0.262	0.129	0.0	0.0		Y
110223_013445-114333.pdf	bcsi_packdesign_2008_v1	16469	9591	33967	0.485	0.282	0.0	0.0		Y
110223_013504-514917.PDF	bcsi_packdesign_2008_v1	5528	3232	20682	0.267	0.156	0.0	0.0		Y
110223_014505-829664.pdf	bcsi_packdesign_2008_v1	18218	8680	36050	0.505	0.241	0.0	0.0		Y
110223_014513-299765.PDF	bcsi_packdesign_2008_v1	9155	4383	31337	0.292	0.14	0.0	0.0		Y
110223_015435-183826.pdf	bcsi_packdesign_2008_v1	18898	10384	38650	0.489	0.269	0.0	0.0		Y
110223_015451-749661.PDF	bcsi_packdesign_2008_v1	9495	5234	33455	0.284	0.156	0.0	0.0		Y
110223_024741-281579.pdf	bcsi_packdesign_2008_v1	15273	8996	33991	0.449	0.265	0.0	0.0		Y
110223_024747-932949.PDF	bcsi_packdesign_2008_v1	15344	9062	54039	0.284	0.168	0.0	0.0		Y
110223_025452-127722.pdf	bcsi_packdesign_2008_v1	13119	7925	31847	0.412	0.249	0.0	0.0		Y
110223_025458-216948.PDF	bcsi_packdesign_2008_v1	13171	7973	50043	0.263	0.159	0.0	0.0		Y
110223_045937-224571.PDF	bcsi_packdesign_2008_v1	13171	7973	50043	0.263	0.159	0.0	0.0		Y
110223_045942-599836.pdf	bcsi_packdesign_2008_v1	13119	7925	31847	0.412	0.249	0.0	0.0		Y
110223_050022-188322.PDF	bcsi_packdesign_2008_v1	13171	7973	50043	0.263	0.159	0.0	0.0		Y
110223_050026-898589.pdf	bcsi_packdesign_2008_v1	13119	7925	31847	0.412	0.249	0.0	0.0		Y
110323_053215-243437.PDF	bcsi_packdesign_2008_v1	7172	37	31056	0.231	0.001	0.036	0.079		
110323_053952-883547.PDF	bcsi_packdesign_2008_v1	8729	37	32905	0.265	0.001	0.036	0.079		
110323_065054-282749.PDF	bcsi_packdesign_2008_v1	6004	37	25970	0.231	0.001	0.036	0.079		
110323_071542-849488.PDF	bcsi_packdesign_2008_v1	40	37	11261	0.004	0.003	0.036	0.079		
110323_075702-104269.pdf	bcsi_packdesign_2008_v1	3398	37	13687	0.248	0.003	0.036	0.079		
110323_080409-792850.pdf	bcsi_packdesign_2008_v1	4961	37	21624	0.229	0.002	0.036	0.079		
110323_081130-474070.PDF	bcsi_packdesign_2008_v1	5928	37	24179	0.245	0.002	0.036	0.079		
110323_082216-443377.pdf	bcsi_packdesign_2008_v1	5467	37	21357	0.256	0.002	0.036	0.079		
110523_011848-674019.PDF	bcsi_packdesign_2008_v1	5968	4453	16377	0.364	0.272	0.03	0.079		Y
110523_031021-212325.PDF	bcsi_packdesign_2008_v1	3734	2478	10278	0.363	0.241	0.03	0.079		Y
110523_032152-986254.PDF	bcsi_packdesign_2008_v1	3734	2478	10278	0.363	0.241	0.03	0.079		Y
110523_040414-233136.PDF	bcsi_packdesign_2008_v1	4058	3675	14165	0.286	0.259	0.0	0.0		Y
110523_094345-132586.PDF	bcsi_packdesign_2008_v1	7494	6075	31582	0.237	0.192	0.0	0.0		Y
110523_094350-267181.pdf	bcsi_packdesign_2008_v1	14881	12050	34178	0.435	0.353	0.0	0.0		Y
110723_122515-624077.pdf	bcsi_packdesign_2008_v1	16980	14502	37336	0.455	0.388	0.0	0.0		Y
110723_151241-212828.PDF	bcsi_packdesign_2008_v1	6520	4633	17278	0.377	0.268	0.03	0.079		Y
110723_162837-679931.pdf	bcsi_packdesign_2008_v1	11453	8912	36643	0.313	0.243	0.0	0.0		Y
110723_163054-939337.pdf	bcsi_packdesign_2008_v1	22697	17629	46458	0.489	0.379	0.0	0.0		Y
110723_163357-827536.pdf	bcsi_packdesign_2008_v1	22697	17629	46458	0.489	0.379	0.0	0.0		Y
110822_091645-473055.pdf	bcsi_packdesign_2008_v1	4304	3327	12440	0.346	0.267	0.03	0.079		Y
110822_105351-503290.PDF	bcsi_packdesign_2008_v1	2862	2544	10331	0.277	0.246	0.0	0.0		Y
111122_023108-669483.PDF	bcsi_packdesign_2008_v1	3576	2290	9711	0.368	0.236	0.187	0.09		Y
111122_023320-603091.PDF	bcsi_packdesign_2008_v1	2362	1530	8998	0.263	0.17	0.0	0.0		Y
111122_023324-354517.pdf	bcsi_packdesign_2008_v1	34747	22311	64311	0.54	0.347	0.0	0.0		Y
111122_043810-689510.PDF	bcsi_packdesign_2008_v1	5327	3905	17179	0.31	0.227	0.0	0.0		Y
111122_043814-307244.pdf	bcsi_packdesign_2008_v1	20949	15284	42650	0.491	0.358	0.0	0.0		Y
111122_044216-642724.pdf	bcsi_packdesign_2008_v1	5954	0	18707	0.318	0.0	0.199	9.9		
111122_045852-629294.PDF	bcsi_packdesign_2008_v1	4527	0	16750	0.27	0.0	0.014	9.9		
111122_045957-751381.PDF	bcsi_packdesign_2008_v1	4533	0	16269	0.279	0.0	0.014	9.9		
111122_061917-668936.PDF	bcsi_packdesign_2008_v1	2142	51	8130	0.263	0.006	0.036	0.079		
111122_061928-819638.pdf	bcsi_packdesign_2008_v1	29211	13339	50149	0.582	0.266	0.0	0.0		Y
111122_075226-578640.PDF	bcsi_packdesign_2008_v1	9563	7250	32413	0.295	0.224	0.0	0.0		Y
111122_075232-247540.PDF	bcsi_packdesign_2008_v1	3662	3885	11858	0.309	0.328	0.0	0.0		Y
111122_075238-226618.pdf	bcsi_packdesign_2008_v1	13086	11007	30083	0.435	0.366	0.0	0.0		Y
120123_024028-998884.PDF	bcsi_packdesign_2008_v1	1005	2929	12056	0.083	0.243	0.187	0.085		Y
120123_090202-916843.PDF	bcsi_packdesign_2008_v1	6437	4467	20676	0.311	0.216	0.199	0.085		Y
120523_010712-435032.PDF	bcsi_packdesign_2008_v1	7494	6075	31582	0.237	0.192	0.0	0.0		Y
120523_010722-643419.pdf	bcsi_packdesign_2008_v1	14881	12050	34178	0.435	0.353	0.0	0.0		Y
120523_084724-227514.PDF	bcsi_packdesign_2008_v1	9725	4791	31650	0.307	0.151	0.0	0.0		Y
120523_084845-376379.PDF	bcsi_packdesign_2008_v1	9147	4441	30281	0.302	0.147	0.0	0.0		Y
120523_085009-272448.PDF	bcsi_packdesign_2008_v1	9725	4791	31650	0.307	0.151	0.0	0.0		Y
120623_084253-518060.PDF	bcsi_packdesign_2008_v1	3363	2446	9661	0.348	0.253	0.03	0.079		Y
120623_090051-869424.PDF	bcsi_packdesign_2008_v1	3892	3710	12511	0.311	0.297	0.03	0.079		Y
120623_091911-417611.PDF	bcsi_packdesign_2008_v1	4047	3164	11706	0.346	0.27	0.03	0.079		Y
120723_104934-709298.PDF	bcsi_packdesign_2008_v1	3933	2831	11489	0.342	0.246	0.007	0.005		Y
120723_105539-213466.PDF	bcsi_packdesign_2008_v1	4067	1852	10981	0.37	0.169	0.03	0.079		Y
120723_154208-177152.PDF	bcsi_packdesign_2008_v1	5126	4709	24126	0.212	0.195	0.0	0.0		Y
120723_154213-509896.pdf	bcsi_packdesign_2008_v1	20318	18667	45574	0.446	0.41	0.0	0.0		Y
120922_015024-363766.PDF	bcsi_packdesign_2008_v1	4298	2956	13815	0.311	0.214	0.0	0.0		Y
120922_022859-947116.PDF	bcsi_packdesign_2008_v1	2705	379	11564	0.234	0.033	0.0	0.0		Y
120922_074808-879542.PDF	bcsi_packdesign_2008_v1	9049	0	30515	0.297	0.0	0.199	9.9		
121222_004937-889458.PDF	bcsi_packdesign_2008_v1	7277	3295	22698	0.321	0.145	0.199	0.085		Y
121222_004942-557856.PDF	bcsi_packdesign_2008_v1	7669	90	24420	0.314	0.004	0.199	0.085		
121222_005246-567645.PDF	bcsi_packdesign_2008_v1	2147	2219	7728	0.278	0.287	0.0	0.0		Y
121222_065630-533563.pdf	bcsi_packdesign_2008_v1	14638	6909	28207	0.519	0.245	0.0	0.0		Y
121222_065637-809629.PDF	bcsi_packdesign_2008_v1	7426	3554	21475	0.346	0.165	0.0	0.0		Y
121222_070859-655792.PDF	bcsi_packdesign_2008_v1	7426	3554	21475	0.346	0.165	0.0	0.0		Y
121222_070926-358026.pdf	bcsi_packdesign_2008_v1	14638	6909	28207	0.519	0.245	0.0	0.0		Y
121222_072028-493592.PDF	bcsi_packdesign_2008_v1	7426	3554	21475	0.346	0.165	0.0	0.0		Y
121222_072034-234754.pdf	bcsi_packdesign_2008_v1	14638	6909	28207	0.519	0.245	0.0	0.0		Y
121222_073013-136433.PDF	bcsi_packdesign_2008_v1	7426	3554	21475	0.346	0.165	0.0	0.0		Y
121222_073027-541433.pdf	bcsi_packdesign_2008_v1	14638	6909	28207	0.519	0.245	0.0	0.0		Y
121222_074049-926459.PDF	bcsi_packdesign_2008_v1	7426	3554	21475	0.346	0.165	0.0	0.0		Y
121222_074107-401698.pdf	bcsi_packdesign_2008_v1	14638	6909	28207	0.519	0.245	0.0	0.0		Y
121222_075814-497668.PDF	bcsi_packdesign_2008_v1	7426	3554	21475	0.346	0.165	0.0	0.0		Y
121222_075820-726245.pdf	bcsi_packdesign_2008_v1	14638	6909	28207	0.519	0.245	0.0	0.0		Y
121222_080437-294877.pdf	bcsi_packdesign_2008_v1	13056	8051	28237	0.462	0.285	0.0	0.0		Y
130123_003415-767475.PDF	bcsi_packdesign_2008_v1	29992	16128	94143	0.319	0.171	0.0	0.0		Y
130123_010829-671798.PDF	bcsi_packdesign_2008_v1	3989	3002	14324	0.279	0.21	0.0	0.0		Y
130123_010837-834620.pdf	bcsi_packdesign_2008_v1	23479	17588	47800	0.491	0.368	0.0	0.0		Y
130123_060252-558695.PDF	bcsi_packdesign_2008_v1	28223	14137	86566	0.326	0.163	0.0	0.0		Y
130223_025300-634232.pdf	bcsi_packdesign_2008_v1	10241	18763	50904	0.201	0.369	0.0	0.0		Y
130223_082505-797263.PDF	bcsi_packdesign_2008_v1	2970	2429	10739	0.277	0.226	0.0	0.0		Y
130223_082511-908343.pdf	bcsi_packdesign_2008_v1	43734	35686	87352	0.501	0.409	0.0	0.0		Y
130223_084423-874535.PDF	bcsi_packdesign_2008_v1	8014	6554	23245	0.345	0.282	0.007	0.005		Y
130323_060425-612186.pdf	bcsi_packdesign_2008_v1	22620	15008	44893	0.504	0.334	0.0	0.0		Y
130323_060627-624799.PDF	bcsi_packdesign_2008_v1	5717	3807	24969	0.229	0.152	0.0	0.0		Y
130323_062402-348958.pdf	bcsi_packdesign_2008_v1	24135	13420	44547	0.542	0.301	0.0	0.0		Y
130323_062409-857533.PDF	bcsi_packdesign_2008_v1	6096	3410	20851	0.292	0.164	0.0	0.0		Y
130623_014948-653719.PDF	bcsi_packdesign_2008_v1	8121	4926	19958	0.407	0.247	0.034	0.081		Y
130623_095509-568422.PDF	bcsi_packdesign_2008_v1	4413	3608	12616	0.35	0.286	0.007	0.005		Y
130723_171434-445753.PDF	bcsi_packdesign_2008_v1	5199	4185	20397	0.255	0.205	0.0	0.0		Y
130723_175004-648671.PDF	bcsi_packdesign_2008_v1	5407	55	21995	0.246	0.003	0.036	0.079		
130723_175815-789155.PDF	bcsi_packdesign_2008_v1	5048	3175	19413	0.26	0.164	0.0	0.0		Y
130723_180627-573386.PDF	bcsi_packdesign_2008_v1	62	825	8726	0.007	0.094	0.0	0.0		
130723_180635-306493.pdf	bcsi_packdesign_2008_v1	0	4616	11900	0.0	0.388	0.0	0.0		
130723_182910-408360.PDF	bcsi_packdesign_2008_v1	17363	9308	60376	0.288	0.154	0.0	0.0		Y
130723_182914-635429.pdf	bcsi_packdesign_2008_v1	17294	9244	33754	0.512	0.274	0.0	0.0		Y
130822_020616-904477.PDF	bcsi_packdesign_2008_v1	1456	1318	4832	0.301	0.273	0.03	0.079		Y
130822_025138-652248.PDF	bcsi_packdesign_2008_v1	2730	1953	8034	0.34	0.243	0.03	0.079		Y
130822_025615-707617.PDF	bcsi_packdesign_2008_v1	2183	1994	8491	0.257	0.235	0.0	0.0		Y
130822_025632-105795.pdf	bcsi_packdesign_2008_v1	43135	39384	91097	0.474	0.432	0.0	0.0		Y
130822_030046-987477.PDF	bcsi_packdesign_2008_v1	4279	3301	12458	0.344	0.265	0.03	0.079		Y
130922_041452-741712.PDF	bcsi_packdesign_2008_v1	5113	5247	18248	0.28	0.288	0.0	0.0		Y
130922_041501-308567.pdf	bcsi_packdesign_2008_v1	20174	20731	47888	0.421	0.433	0.0	0.0		Y
130922_091230-328173.PDF	bcsi_packdesign_2008_v1	3722	2487	9872	0.377	0.252	0.0	0.081		Y
131222_051351-879368.PDF	bcsi_packdesign_2008_v1	4040	1809	13070	0.309	0.138	0.0	0.0		Y
131222_051401-937117.pdf	bcsi_packdesign_2008_v1	39655	17407	68419	0.58	0.254	0.0	0.0		Y
131222_062924-376526.PDF	bcsi_packdesign_2008_v1	0	3147	10517	0.0	0.299	9.9	0.085		
131222_083923-633930.PDF	bcsi_packdesign_2008_v1	0	2280	9707	0.0	0.235	9.9	0.085		
140223_012611-474882.pdf	bcsi_packdesign_2008_v1	15165	10768	32135	0.472	0.335	0.0	0.0		Y
140223_012617-996519.PDF	bcsi_packdesign_2008_v1	7628	5427	30360	0.251	0.179	0.0	0.0		Y
140223_061424-971091.PDF	bcsi_packdesign_2008_v1	10025	5989	38776	0.259	0.154	0.0	0.0		Y
140223_061455-585661.pdf	bcsi_packdesign_2008_v1	9961	5930	22449	0.444	0.264	0.0	0.0		Y
140223_061503-464554.PDF	bcsi_packdesign_2008_v1	16106	9122	64051	0.251	0.142	0.0	0.0		Y
140223_061514-533535.pdf	bcsi_packdesign_2008_v1	16027	9049	31849	0.503	0.284	0.0	0.0		Y
140223_061912-788369.PDF	bcsi_packdesign_2008_v1	4987	3319	14305	0.349	0.232	0.007	0.005		Y
140223_062135-887357.PDF	bcsi_packdesign_2008_v1	4987	3319	14305	0.349	0.232	0.007	0.005		Y
140223_073647-218291.PDF	bcsi_packdesign_2008_v1	10025	5989	38776	0.259	0.154	0.0	0.0		Y
140223_073652-882797.pdf	bcsi_packdesign_2008_v1	9961	5930	22449	0.444	0.264	0.0	0.0		Y
140223_073658-948825.PDF	bcsi_packdesign_2008_v1	16106	9122	64051	0.251	0.142	0.0	0.0		Y
140223_073703-607797.pdf	bcsi_packdesign_2008_v1	16027	9049	31849	0.503	0.284	0.0	0.0		Y
140323_040858-944265.PDF	bcsi_packdesign_2008_v1	4268	1618	17462	0.244	0.093	0.0	0.0		Y
140323_082638-779457.pdf	bcsi_packdesign_2008_v1	18510	18392	43659	0.424	0.421	0.0	0.0		Y
140323_083006-129339.pdf	bcsi_packdesign_2008_v1	18510	18392	43659	0.424	0.421	0.0	0.0		Y
140623_025202-854590.pdf	bcsi_packdesign_2008_v1	6318	6177	19887	0.318	0.311	0.007	0.005		Y
140623_025321-281662.pdf	bcsi_packdesign_2008_v1	6920	6626	21288	0.325	0.311	0.007	0.005		Y
140623_025435-402685.pdf	bcsi_packdesign_2008_v1	6325	5685	19019	0.333	0.299	0.007	0.005		Y
140623_031347-983129.pdf	bcsi_packdesign_2008_v1	5938	5599	18146	0.327	0.309	0.007	0.005		Y
140623_031627-618034.pdf	bcsi_packdesign_2008_v1	5949	5622	18236	0.326	0.308	0.007	0.005		Y
140623_032104-172053.pdf	bcsi_packdesign_2008_v1	7422	9555	26998	0.275	0.354	0.007	0.005		Y
140623_032244-808880.pdf	bcsi_packdesign_2008_v1	6783	6121	20450	0.332	0.299	0.007	0.005		Y
140623_040942-988648.pdf	bcsi_packdesign_2008_v1	1855	1395	5564	0.333	0.251	0.007	0.005		Y
140623_055722-104571.pdf	bcsi_packdesign_2008_v1	5761	4584	16547	0.348	0.277	0.007	0.005		Y
140623_072932-403234.pdf	bcsi_packdesign_2008_v1	5307	3294	13259	0.4	0.248	0.007	0.005		Y
140623_090140-392869.PDF	bcsi_packdesign_2008_v1	3934	3475	11833	0.332	0.294	0.007	0.005		Y
140623_100041-164028.pdf	bcsi_packdesign_2008_v1	6323	5254	20540	0.308	0.256	0.007	0.005		Y
140723_103617-266880.PDF	bcsi_packdesign_2008_v1	8633	5131	29298	0.295	0.175	0.0	0.0		Y
140723_103619-666870.pdf	bcsi_packdesign_2008_v1	25761	15265	47345	0.544	0.322	0.0	0.0		Y
140723_113529-213284.pdf	bcsi_packdesign_2008_v1	13927	10430	30212	0.461	0.345	0.0	0.0		Y
140723_113641-852370.PDF	bcsi_packdesign_2008_v1	15729	14140	50297	0.313	0.281	0.03	0.079		Y
140723_113729-103338.pdf	bcsi_packdesign_2008_v1	13927	10430	30212	0.461	0.345	0.0	0.0		Y
140723_145856-754287.PDF	bcsi_packdesign_2008_v1	7221	4536	18692	0.386	0.243	0.026	0.006		Y
140723_161847-437252.PDF	bcsi_packdesign_2008_v1	2946	0	8110	0.363	0.0	0.199	9.9		
140723_163100-355357.PDF	bcsi_packdesign_2008_v1	15729	14140	50297	0.313	0.281	0.03	0.079		Y
140723_163109-107988.PDF	bcsi_packdesign_2008_v1	13645	9287	49906	0.273	0.186	0.0	0.0		Y
140723_172931-687554.PDF	bcsi_packdesign_2008_v1	28208	20717	73773	0.382	0.281	0.007	0.005		Y
140723_182720-494370.PDF	bcsi_packdesign_2008_v1	2946	0	8110	0.363	0.0	0.199	9.9		
141022_094236-969699.PDF	bcsi_packdesign_2008_v1	2387	1603	6835	0.349	0.235	0.0	0.0		Y
141022_094324-105466.PDF	bcsi_packdesign_2008_v1	8786	5940	22398	0.392	0.265	0.0	0.0		Y
141022_094427-236618.pdf	bcsi_packdesign_2008_v1	22099	14857	43343	0.51	0.343	0.0	0.0		Y
141122_032443-568339.PDF	bcsi_packdesign_2008_v1	5935	3861	16408	0.362	0.235	0.182	0.089		Y
141122_060534-858766.PDF	bcsi_packdesign_2008_v1	3384	2819	10512	0.322	0.268	0.182	0.089		Y
141122_085730-342535.pdf	bcsi_packdesign_2008_v1	8877	7654	27526	0.322	0.278	0.182	0.089		Y
141222_013141-872049.pdf	bcsi_packdesign_2008_v1	20071	8519	36826	0.545	0.231	0.0	0.0		Y
141222_033503-824291.PDF	bcsi_packdesign_2008_v1	11969	6613	33021	0.362	0.2	0.0	0.0		Y
141222_033506-714528.pdf	bcsi_packdesign_2008_v1	11879	6529	25517	0.466	0.256	0.0	0.0		Y
141222_061424-314821.pdf	bcsi_packdesign_2008_v1	28143	20307	56800	0.495	0.358	0.0	0.0		Y
141222_081142-183223.PDF	bcsi_packdesign_2008_v1	0	1935	12446	0.0	0.155	9.9	0.085		
150223_044950-186968.PDF	bcsi_packdesign_2008_v1	4233	2688	13614	0.311	0.197	0.0	0.0		Y
150223_045327-428267.PDF	bcsi_packdesign_2008_v1	4233	2688	13614	0.311	0.197	0.0	0.0		Y
150223_085350-234937.PDF	bcsi_packdesign_2008_v1	6330	5004	28698	0.221	0.174	0.0	0.0		Y
150223_085355-761318.pdf	bcsi_packdesign_2008_v1	18851	14885	43912	0.429	0.339	0.0	0.0		Y
150323_011544-464226.PDF	bcsi_packdesign_2008_v1	12419	9017	38899	0.319	0.232	0.03	0.079		Y
150323_011945-215140.PDF	bcsi_packdesign_2008_v1	16082	11254	45623	0.352	0.247	0.03	0.079		Y
150323_013123-266168.PDF	bcsi_packdesign_2008_v1	3957	2983	13327	0.297	0.224	0.03	0.079		Y
150323_013413-883784.PDF	bcsi_packdesign_2008_v1	8180	5993	25305	0.323	0.237	0.03	0.079		Y
150323_014558-644231.PDF	bcsi_packdesign_2008_v1	6868	4449	21417	0.321	0.208	0.03	0.079		Y
150323_014820-247422.PDF	bcsi_packdesign_2008_v1	8345	5890	26494	0.315	0.222	0.03	0.079		Y
150323_023238-601081.PDF	bcsi_packdesign_2008_v1	12241	12537	42194	0.29	0.297	0.03	0.079		Y
150323_032852-203916.PDF	bcsi_packdesign_2008_v1	12241	12537	42194	0.29	0.297	0.03	0.079		Y
150323_034921-964839.PDF	bcsi_packdesign_2008_v1	4311	3554	21352	0.202	0.166	0.0	0.0		Y
150323_035103-752825.pdf	bcsi_packdesign_2008_v1	25592	21070	57613	0.444	0.366	0.0	0.0		Y
150323_035537-799181.PDF	bcsi_packdesign_2008_v1	4311	3554	21352	0.202	0.166	0.0	0.0		Y
150323_035539-324153.pdf	bcsi_packdesign_2008_v1	25592	21070	57613	0.444	0.366	0.0	0.0		Y
150323_042012-458147.PDF	bcsi_packdesign_2008_v1	18584	13684	53780	0.346	0.254	0.03	0.079		Y
150323_042554-849544.PDF	bcsi_packdesign_2008_v1	16082	11254	45623	0.352	0.247	0.03	0.079		Y
150323_073509-135053.PDF	bcsi_packdesign_2008_v1	8508	5878	30937	0.275	0.19	0.0	0.0		Y
150323_075119-382212.pdf	bcsi_packdesign_2008_v1	20280	19501	60833	0.333	0.321	0.03	0.079		Y
150323_082255-753876.PDF	bcsi_packdesign_2008_v1	4233	2688	13614	0.311	0.197	0.0	0.0		Y
150323_084935-108765.PDF	bcsi_packdesign_2008_v1	11628	3739	24064	0.483	0.155	0.03	0.079		Y
150323_091025-724170.PDF	bcsi_packdesign_2008_v1	2835	2296	9021	0.314	0.255	0.007	0.005		Y
150523_014011-474489.PDF	bcsi_packdesign_2008_v1	3532	2263	18416	0.192	0.123	0.0	0.0		Y
150523_014015-873693.pdf	bcsi_packdesign_2008_v1	20914	13324	40759	0.513	0.327	0.0	0.0		Y
150523_014938-172319.PDF	bcsi_packdesign_2008_v1	1836	1138	10728	0.171	0.106	0.0	0.0		Y
150523_014942-663955.pdf	bcsi_packdesign_2008_v1	27077	16637	50331	0.538	0.331	0.0	0.0		Y
150523_024228-633775.PDF	bcsi_packdesign_2008_v1	6185	4340	26653	0.232	0.163	0.0	0.0		Y
150523_024231-228656.pdf	bcsi_packdesign_2008_v1	12214	8543	27585	0.443	0.31	0.0	0.0		Y
150523_030458-296978.PDF	bcsi_packdesign_2008_v1	11350	7009	38361	0.296	0.183	0.035	0.008		Y
150523_031432-689774.PDF	bcsi_packdesign_2008_v1	11350	7009	38361	0.296	0.183	0.035	0.008		Y
150523_061948-425124.pdf	bcsi_packdesign_2008_v1	12124	8530	26833	0.452	0.318	0.0	0.0		Y
150523_061956-906844.PDF	bcsi_packdesign_2008_v1	6139	4333	25789	0.238	0.168	0.0	0.0		Y
150523_062203-132769.PDF	bcsi_packdesign_2008_v1	5773	3939	24447	0.236	0.161	0.0	0.0		Y
150523_062213-622487.pdf	bcsi_packdesign_2008_v1	22780	15481	44743	0.509	0.346	0.0	0.0		Y
150623_012045-102889.pdf	bcsi_packdesign_2008_v1	6974	6200	22990	0.303	0.27	0.007	0.005		Y
150623_023944-529173.PDF	bcsi_packdesign_2008_v1	6514	3344	24563	0.265	0.136	0.0	0.0		Y
150623_034305-844418.pdf	bcsi_packdesign_2008_v1	28296	21095	56519	0.501	0.373	0.0	0.0		Y
150623_072031-574620.PDF	bcsi_packdesign_2008_v1	6179	3107	22346	0.277	0.139	0.0	0.0		Y
150822_025012-162474.PDF	bcsi_packdesign_2008_v1	2183	1994	8491	0.257	0.235	0.0	0.0		Y
150822_025023-513984.pdf	bcsi_packdesign_2008_v1	43135	39384	91097	0.474	0.432	0.0	0.0		Y
150822_034934-927272.pdf	bcsi_packdesign_2008_v1	7269	5586	22479	0.323	0.248	0.03	0.079		Y
150823_123428-453385.PDF	bcsi_packdesign_2008_v1	6714	3066	25992	0.258	0.118	0.0	0.0		Y
150922_012343-364041.PDF	bcsi_packdesign_2008_v1	3094	2377	10862	0.285	0.219	0.0	0.0		Y
150922_013044-492031.PDF	bcsi_packdesign_2008_v1	4977	4161	19073	0.261	0.218	0.0	0.0		Y
150922_034311-564465.pdf	bcsi_packdesign_2008_v1	21368	18615	67936	0.315	0.274	0.0	0.0		Y
150922_040400-406112.PDF	bcsi_packdesign_2008_v1	7502	4106	21595	0.347	0.19	0.0	0.0		Y
150922_040403-826128.pdf	bcsi_packdesign_2008_v1	29528	15970	52417	0.563	0.305	0.0	0.0		Y
150922_054439-952674.PDF	bcsi_packdesign_2008_v1	6606	4067	18379	0.359	0.221	0.03	0.079		Y
150922_064939-339077.PDF	bcsi_packdesign_2008_v1	1200	688	3497	0.343	0.197	0.0	0.0		Y
150922_065014-135355.pdf	bcsi_packdesign_2008_v1	23571	13366	43869	0.537	0.305	0.0	0.0		Y
151122_005604-433287.PDF	bcsi_packdesign_2008_v1	5199	4185	20397	0.255	0.205	0.0	0.0		Y
151122_021933-805133.PDF	bcsi_packdesign_2008_v1	6626	4940	22336	0.297	0.221	0.0	0.0		Y
151122_021944-181422.pdf	bcsi_packdesign_2008_v1	13045	9689	32589	0.4	0.297	0.0	0.0		Y
151122_023840-166677.pdf	bcsi_packdesign_2008_v1	18497	12347	41508	0.446	0.297	0.0	0.0		Y
151122_023846-123455.PDF	bcsi_packdesign_2008_v1	6240	4184	23451	0.266	0.178	0.0	0.0		Y
151122_024557-346975.PDF	bcsi_packdesign_2008_v1	3724	3497	13061	0.285	0.268	0.0	0.0		Y
151122_024625-458575.pdf	bcsi_packdesign_2008_v1	29252	27475	63945	0.457	0.43	0.0	0.0		Y
151122_025428-355723.PDF	bcsi_packdesign_2008_v1	8297	5516	31534	0.263	0.175	0.0	0.0		Y
151122_025435-361245.pdf	bcsi_packdesign_2008_v1	16434	10883	36390	0.452	0.299	0.0	0.0		Y
151122_032754-269767.PDF	bcsi_packdesign_2008_v1	3351	1782	9225	0.363	0.193	0.0	0.0		Y
151122_032821-646534.pdf	bcsi_packdesign_2008_v1	19718	10337	37535	0.525	0.275	0.0	0.0		Y
151122_055126-348328.PDF	bcsi_packdesign_2008_v1	3567	2514	12470	0.286	0.202	0.0	0.0		Y
151122_063151-565516.PDF	bcsi_packdesign_2008_v1	2336	1680	6793	0.344	0.247	0.182	0.089		Y
151122_075734-231337.PDF	bcsi_packdesign_2008_v1	5527	2677	17025	0.325	0.157	0.0	0.0		Y
151122_075740-656268.pdf	bcsi_packdesign_2008_v1	21748	10373	39850	0.546	0.26	0.0	0.0		Y
151222_011600-175325.PDF	bcsi_packdesign_2008_v1	8104	4833	24872	0.326	0.194	0.0	0.0		Y
151222_011602-766754.pdf	bcsi_packdesign_2008_v1	15916	9396	31415	0.507	0.299	0.0	0.0		Y
151222_060021-502569.pdf	bcsi_packdesign_2008_v1	3464	1648	11285	0.307	0.146	0.0	0.0		Y
151222_060029-728822.pdf	bcsi_packdesign_2008_v1	23896	11212	44879	0.532	0.25	0.0	0.0		Y
151222_065655-472032.PDF	bcsi_packdesign_2008_v1	0	3239	13112	0.0	0.247	9.9	0.085		
160123_014519-457735.PDF	bcsi_packdesign_2008_v1	3647	2990	16475	0.221	0.181	0.0	0.0		Y
160123_014735-309673.pdf	bcsi_packdesign_2008_v1	21699	17772	46365	0.468	0.383	0.0	0.0		Y
160123_065421-764350.pdf	bcsi_packdesign_2008_v1	26662	20675	55891	0.477	0.37	0.0	0.0		Y
160123_070847-153973.pdf	bcsi_packdesign_2008_v1	13094	10596	31211	0.42	0.34	0.0	0.0		Y
160223_004238-263135.pdf	bcsi_packdesign_2008_v1	22479	14961	43862	0.512	0.341	0.0	0.0		Y
160223_004256-492844.PDF	bcsi_packdesign_2008_v1	5666	3783	24487	0.231	0.154	0.0	0.0		Y
160223_022352-344042.PDF	bcsi_packdesign_2008_v1	10025	5989	38776	0.259	0.154	0.0	0.0		Y
160223_022406-767356.pdf	bcsi_packdesign_2008_v1	9961	5930	22449	0.444	0.264	0.0	0.0		Y
160223_022414-988529.PDF	bcsi_packdesign_2008_v1	16106	9122	64051	0.251	0.142	0.0	0.0		Y
160223_022421-469470.pdf	bcsi_packdesign_2008_v1	16027	9049	31849	0.503	0.284	0.0	0.0		Y
160223_024117-272111.PDF	bcsi_packdesign_2008_v1	6687	0	11960	0.559	0.0	0.199	9.9		
160223_024122-559354.PDF	bcsi_packdesign_2008_v1	406	0	2707	0.15	0.0	0.199	9.9		
160223_083218-506142.PDF	bcsi_packdesign_2008_v1	6578	4068	24781	0.265	0.164	0.0	0.0		Y
160223_083225-871629.pdf	bcsi_packdesign_2008_v1	13064	8051	28347	0.461	0.284	0.0	0.0		Y
160323_054454-726236.pdf	bcsi_packdesign_2008_v1	8546	4710	19526	0.438	0.241	0.0	0.0		Y
160323_060947-135473.PDF	bcsi_packdesign_2008_v1	2684	57	10013	0.268	0.006	0.0	0.082		
160323_060951-725879.pdf	bcsi_packdesign_2008_v1	15715	0	23839	0.659	0.0	0.0	9.9		
160323_075444-134176.PDF	bcsi_packdesign_2008_v1	13860	3739	28029	0.494	0.133	0.03	0.079		Y
160323_084224-484727.pdf	bcsi_packdesign_2008_v1	17801	11202	39718	0.448	0.282	0.0	0.0		Y
160323_084228-181843.PDF	bcsi_packdesign_2008_v1	8990	5680	37910	0.237	0.15	0.0	0.0		Y
160323_085446-531014.PDF	bcsi_packdesign_2008_v1	25967	17633	79608	0.326	0.221	0.007	0.005		Y
160323_085454-186311.PDF	bcsi_packdesign_2008_v1	8940	6027	37475	0.239	0.161	0.0	0.0		Y
160323_085459-358390.pdf	bcsi_packdesign_2008_v1	17723	11915	39625	0.447	0.301	0.0	0.0		Y
160323_085537-793727.PDF	bcsi_packdesign_2008_v1	8940	6027	37475	0.239	0.161	0.0	0.0		Y
160323_085547-166248.pdf	bcsi_packdesign_2008_v1	17723	11915	39625	0.447	0.301	0.0	0.0		Y
160323_085624-281425.PDF	bcsi_packdesign_2008_v1	8935	5745	37165	0.24	0.155	0.0	0.0		Y
160323_085629-313524.pdf	bcsi_packdesign_2008_v1	17707	11345	39630	0.447	0.286	0.0	0.0		Y
160323_085659-796989.pdf	bcsi_packdesign_2008_v1	17707	11345	39630	0.447	0.286	0.0	0.0		Y
160323_085703-429528.PDF	bcsi_packdesign_2008_v1	8935	5745	37165	0.24	0.155	0.0	0.0		Y
160323_090320-847771.pdf	bcsi_packdesign_2008_v1	23560	19509	73776	0.319	0.264	0.03	0.079		Y
160523_033524-462636.PDF	bcsi_packdesign_2008_v1	3989	3002	14324	0.279	0.21	0.0	0.0		Y
160523_034426-946549.pdf	bcsi_packdesign_2008_v1	23479	17588	47800	0.491	0.368	0.0	0.0		Y
160523_060652-502844.PDF	bcsi_packdesign_2008_v1	10776	7124	47990	0.225	0.148	0.0	0.0		Y
160622_040655.PDF	bcsi_packdesign_2008_v1	7372	4993	22525	0.327	0.222	0.0	0.0		Y
160622_040701.pdf	bcsi_packdesign_2008_v1	14563	9819	33203	0.439	0.296	0.0	0.0		Y
160623_015130-765191.PDF	bcsi_packdesign_2008_v1	10801	7189	49442	0.218	0.145	0.0	0.0		Y
160623_021951-527648.PDF	bcsi_packdesign_2008_v1	11932	8246	31290	0.381	0.264	0.007	0.005		Y
160623_073528-935589.PDF	bcsi_packdesign_2008_v1	9061	5402	28003	0.324	0.193	0.0	0.0		Y
160623_073533-625191.pdf	bcsi_packdesign_2008_v1	36058	21437	64436	0.56	0.333	0.0	0.0		Y
160722_043617.PDF	bcsi_packdesign_2008_v1	3196	0	10633	0.301	0.0	0.199	9.9		
160722_054648.PDF	bcsi_packdesign_2008_v1	3196	0	10633	0.301	0.0	0.199	9.9		
160722_055552.PDF	bcsi_packdesign_2008_v1	3191	0	10598	0.301	0.0	0.199	9.9		
160822_070822-461759.PDF	bcsi_packdesign_2008_v1	7239	5934	24996	0.29	0.237	0.0	0.0		Y
160822_070830-555060.pdf	bcsi_packdesign_2008_v1	14297	11700	35646	0.401	0.328	0.0	0.0		Y
160823_103532-843997.PDF	bcsi_packdesign_2008_v1	1381	29	6330	0.218	0.005	0.0	0.082		
160823_103548-944512.pdf	bcsi_packdesign_2008_v1	20241	0	26095	0.776	0.0	0.0	9.9		
160823_103749-419347.PDF	bcsi_packdesign_2008_v1	4022	0	13813	0.291	0.0	0.199	9.9		
160823_152445-406587.PDF	bcsi_packdesign_2008_v1	3874	2857	11972	0.324	0.239	0.007	0.005		Y
160823_162136-475092.PDF	bcsi_packdesign_2008_v1	4464	3510	13451	0.332	0.261	0.026	0.006		Y
160823_162146-537318.PDF	bcsi_packdesign_2008_v1	4467	3631	13022	0.343	0.279	0.007	0.005		Y
160823_162205-889879.PDF	bcsi_packdesign_2008_v1	2556	2287	7795	0.328	0.293	0.026	0.006		Y
160823_162212-613146.PDF	bcsi_packdesign_2008_v1	3565	3259	12836	0.278	0.254	0.026	0.006		Y
160922_034859-721137.pdf	bcsi_packdesign_2008_v1	23846	9950	44834	0.532	0.222	0.0	0.0		Y
160922_043651-865193.PDF	bcsi_packdesign_2008_v1	7761	73	20631	0.376	0.004	0.036	0.079		
161122_011658-378087.PDF	bcsi_packdesign_2008_v1	8608	5870	30592	0.281	0.192	0.0	0.0		Y
161122_011702-885676.pdf	bcsi_packdesign_2008_v1	16946	11491	44774	0.378	0.257	0.0	0.0		Y
161122_023811-742068.PDF	bcsi_packdesign_2008_v1	9110	90	22588	0.403	0.004	0.182	0.089		
161122_023932-459169.PDF	bcsi_packdesign_2008_v1	9110	90	22588	0.403	0.004	0.182	0.089		
161122_032246-826960.PDF	bcsi_packdesign_2008_v1	0	3101	11694	0.0	0.265	9.9	0.085		
161222_015551-828978.pdf	bcsi_packdesign_2008_v1	16983	8968	33344	0.509	0.269	0.0	0.0		Y
161222_015558-274422.PDF	bcsi_packdesign_2008_v1	5759	3080	17902	0.322	0.172	0.0	0.0		Y
161222_025346-169547.pdf	bcsi_packdesign_2008_v1	15044	7996	30497	0.493	0.262	0.0	0.0		Y
161222_025351-651982.PDF	bcsi_packdesign_2008_v1	5099	2743	15849	0.322	0.173	0.0	0.0		Y
161222_063103-724646.PDF	bcsi_packdesign_2008_v1	8613	5779	28543	0.302	0.202	0.0	0.0		Y
161222_063230-107331.pdf	bcsi_packdesign_2008_v1	16940	11294	35156	0.482	0.321	0.0	0.0		Y
170123_074059-945736.PDF	bcsi_packdesign_2008_v1	6608	3524	24189	0.273	0.146	0.0	0.0		Y
170223_002527-411186.PDF	bcsi_packdesign_2008_v1	6124	2979	24462	0.25	0.122	0.0	0.0		Y
170223_002548-676778.pdf	bcsi_packdesign_2008_v1	18234	8811	34576	0.527	0.255	0.0	0.0		Y
170223_021816-178083.pdf	bcsi_packdesign_2008_v1	38269	17453	61576	0.621	0.283	0.0	0.0		Y
170223_021821-681350.PDF	bcsi_packdesign_2008_v1	3889	1801	14061	0.277	0.128	0.0	0.0		Y
170223_032535-262440.PDF	bcsi_packdesign_2008_v1	7778	3517	23015	0.338	0.153	0.0	0.0		Y
170223_032706-394733.PDF	bcsi_packdesign_2008_v1	7778	3517	23015	0.338	0.153	0.0	0.0		Y
170223_052712-241244.pdf	bcsi_packdesign_2008_v1	2794	56	11839	0.236	0.005	0.182	0.089		
170223_064735-618638.PDF	bcsi_packdesign_2008_v1	2813	1639	13959	0.202	0.117	0.0	0.0		Y
170323_024524-197269.pdf	bcsi_packdesign_2008_v1	10095	6673	23729	0.425	0.281	0.0	0.0		Y
170323_024532-305836.pdf	bcsi_packdesign_2008_v1	8791	5351	21004	0.419	0.255	0.0	0.0		Y
170323_025645-488454.pdf	bcsi_packdesign_2008_v1	12437	8221	27417	0.454	0.3	0.0	0.0		Y
170323_033221-434457.PDF	bcsi_packdesign_2008_v1	4181	3891	13230	0.316	0.294	0.03	0.079		Y
170323_034500-597917.PDF	bcsi_packdesign_2008_v1	4181	3891	13230	0.316	0.294	0.03	0.079		Y
170323_054950-872735.PDF	bcsi_packdesign_2008_v1	7606	4984	33586	0.226	0.148	0.0	0.0		Y
170323_055008-544978.pdf	bcsi_packdesign_2008_v1	15067	9840	35671	0.422	0.276	0.0	0.0		Y
170323_070258-389795.PDF	bcsi_packdesign_2008_v1	6608	3524	24189	0.273	0.146	0.0	0.0		Y
170323_080640-734773.pdf	bcsi_packdesign_2008_v1	2878	0	10410	0.276	0.0	0.012	9.9		
170323_091042-599325.PDF	bcsi_packdesign_2008_v1	8821	4467	31252	0.282	0.143	0.0	0.0		Y
170323_091046-298029.pdf	bcsi_packdesign_2008_v1	35096	17695	59236	0.592	0.299	0.0	0.0		Y
170423_015403-504315.PDF	bcsi_packdesign_2008_v1	5766	4331	16640	0.347	0.26	0.03	0.079		Y
170423_021013-325149.PDF	bcsi_packdesign_2008_v1	5737	4405	15888	0.361	0.277	0.03	0.079		Y
170423_024016-507283.PDF	bcsi_packdesign_2008_v1	0	1836	7829	0.0	0.235	9.9	0.085		
170523_015957-267392.PDF	bcsi_packdesign_2008_v1	6727	4837	30818	0.218	0.157	0.0	0.0		Y
170523_063042-948532.PDF	bcsi_packdesign_2008_v1	3386	2361	16981	0.199	0.139	0.0	0.0		Y
170622_033348.PDF	bcsi_packdesign_2008_v1	2091	1593	8706	0.24	0.183	0.0	0.0		Y
170622_033354.pdf	bcsi_packdesign_2008_v1	37025	28161	72432	0.511	0.389	0.0	0.0		Y
170623_012424-193222.PDF	bcsi_packdesign_2008_v1	4311	3554	21352	0.202	0.166	0.0	0.0		Y
170723_155332-879249.PDF	bcsi_packdesign_2008_v1	5334	3826	15125	0.353	0.253	0.035	0.008		Y
170723_160234-335625.PDF	bcsi_packdesign_2008_v1	5042	3975	15083	0.334	0.264	0.035	0.008		Y
170723_161125-881354.PDF	bcsi_packdesign_2008_v1	6841	4579	18775	0.364	0.244	0.035	0.008		Y
170723_161748-668277.PDF	bcsi_packdesign_2008_v1	7580	5156	20815	0.364	0.248	0.035	0.008		Y
170723_162434-243884.PDF	bcsi_packdesign_2008_v1	6602	4699	18446	0.358	0.255	0.035	0.008		Y
170723_170242-219496.PDF	bcsi_packdesign_2008_v1	6990	4954	32912	0.212	0.151	0.0	0.0		Y
170723_170346-672365.PDF	bcsi_packdesign_2008_v1	7547	5405	35467	0.213	0.152	0.0	0.0		Y
170822_061042-691322.PDF	bcsi_packdesign_2008_v1	8311	4508	25327	0.328	0.178	0.0	0.0		Y
170822_061048-301066.pdf	bcsi_packdesign_2008_v1	16441	8849	31511	0.522	0.281	0.0	0.0		Y
170822_061739-902860.PDF	bcsi_packdesign_2008_v1	10811	5597	32762	0.33	0.171	0.0	0.0		Y
170822_061744-125529.pdf	bcsi_packdesign_2008_v1	10709	5503	22350	0.479	0.246	0.0	0.0		Y
170822_064314-162684.PDF	bcsi_packdesign_2008_v1	2685	1833	7918	0.339	0.232	0.03	0.079		Y
170822_064536-128710.PDF	bcsi_packdesign_2008_v1	4431	3199	16237	0.273	0.197	0.0	0.0		Y
170822_064617-342991.PDF	bcsi_packdesign_2008_v1	3034	2138	7589	0.4	0.282	0.03	0.079		Y
170822_064656-232415.pdf	bcsi_packdesign_2008_v1	6352	4174	17744	0.358	0.235	0.03	0.079		Y
170822_064831-168533.PDF	bcsi_packdesign_2008_v1	6427	4333	17805	0.361	0.243	0.03	0.079		Y
170822_071318-246077.PDF	bcsi_packdesign_2008_v1	16862	13111	40702	0.414	0.322	0.0	0.0		Y
170822_071323-615010.PDF	bcsi_packdesign_2008_v1	12898	10849	35900	0.359	0.302	0.0	0.0		Y
170822_071326-718366.pdf	bcsi_packdesign_2008_v1	16772	13028	36279	0.462	0.359	0.0	0.0		Y
170822_071330-399292.pdf	bcsi_packdesign_2008_v1	12785	10744	30157	0.424	0.356	0.0	0.0		Y
170823_111356-957864.pdf	bcsi_packdesign_2008_v1	11905	7203	30199	0.394	0.239	0.007	0.005		Y
170823_114639-296047.PDF	bcsi_packdesign_2008_v1	3335	1448	14935	0.223	0.097	0.0	0.0		Y
170823_114646-104535.pdf	bcsi_packdesign_2008_v1	19810	8500	34641	0.572	0.245	0.0	0.0		Y
170823_122841-472334.PDF	bcsi_packdesign_2008_v1	6497	3828	24139	0.269	0.159	0.0	0.0		Y
170823_123811-671735.PDF	bcsi_packdesign_2008_v1	6497	3828	24139	0.269	0.159	0.0	0.0		Y
170823_124805-164155.PDF	bcsi_packdesign_2008_v1	4582	3295	20052	0.229	0.164	0.0	0.0		Y
170823_124809-368061.pdf	bcsi_packdesign_2008_v1	22570	16175	45837	0.492	0.353	0.0	0.0		Y
170823_150418-635483.PDF	bcsi_packdesign_2008_v1	4807	3019	14311	0.336	0.211	0.02	0.004		Y
170823_151809-922073.pdf	bcsi_packdesign_2008_v1	7723	4235	22486	0.343	0.188	0.007	0.005		Y
170823_154729-748126.PDF	bcsi_packdesign_2008_v1	9710	7121	27866	0.348	0.256	0.026	0.006		Y
170823_154826-202078.PDF	bcsi_packdesign_2008_v1	13262	9826	40022	0.331	0.246	0.026	0.006		Y
170823_155006-878135.PDF	bcsi_packdesign_2008_v1	14185	12003	44584	0.318	0.269	0.026	0.006		Y
170823_175940-321422.PDF	bcsi_packdesign_2008_v1	11288	7768	34007	0.332	0.228	0.007	0.005		Y
171022_064904-322747.PDF	bcsi_packdesign_2008_v1	3454	579	8615	0.401	0.067	0.0	0.0		Y
171022_064912-602571.pdf	bcsi_packdesign_2008_v1	20388	3163	31905	0.639	0.099	0.0	0.0		Y
171022_064944-375090.PDF	bcsi_packdesign_2008_v1	3454	579	8615	0.401	0.067	0.0	0.0		Y
171022_064952-201120.pdf	bcsi_packdesign_2008_v1	20388	3163	31905	0.639	0.099	0.0	0.0		Y
171022_074137-198027.PDF	bcsi_packdesign_2008_v1	15625	8652	28753	0.543	0.301	0.0	0.0		Y
171022_074145-589234.pdf	bcsi_packdesign_2008_v1	31250	17303	56148	0.557	0.308	0.0	0.0		Y
171122_021718-215568.pdf	bcsi_packdesign_2008_v1	0	3525	12488	0.0	0.282	9.9	0.085		
171122_030112-786634.PDF	bcsi_packdesign_2008_v1	6848	4843	22559	0.304	0.215	0.0	0.0		Y
171122_030120-802767.pdf	bcsi_packdesign_2008_v1	20220	14229	43796	0.462	0.325	0.0	0.0		Y
171122_031047-777081.pdf	bcsi_packdesign_2008_v1	25890	13515	45578	0.568	0.297	0.0	0.0		Y
171122_031108-703386.PDF	bcsi_packdesign_2008_v1	6553	3454	16749	0.391	0.206	0.0	0.0		Y
171122_031125-963184.PDF	bcsi_packdesign_2008_v1	6476	3151	21413	0.302	0.147	0.0	0.0		Y
171122_031129-122916.pdf	bcsi_packdesign_2008_v1	25619	12323	65758	0.39	0.187	0.0	0.0		Y
171122_031241-651681.pdf	bcsi_packdesign_2008_v1	25890	13515	45578	0.568	0.297	0.0	0.0		Y
171122_031247-138680.PDF	bcsi_packdesign_2008_v1	6553	3454	16749	0.391	0.206	0.0	0.0		Y
171122_031405-632459.pdf	bcsi_packdesign_2008_v1	25890	13515	45578	0.568	0.297	0.0	0.0		Y
171122_031411-233429.PDF	bcsi_packdesign_2008_v1	6553	3454	16749	0.391	0.206	0.0	0.0		Y
171122_062441-212297.pdf	bcsi_packdesign_2008_v1	30464	21817	60992	0.499	0.358	0.0	0.0		Y
171122_064304-555937.PDF	bcsi_packdesign_2008_v1	0	1749	6565	0.0	0.266	9.9	0.085		
180123_003040-283946.PDF	bcsi_packdesign_2008_v1	2064	1554	9740	0.212	0.16	0.0	0.0		Y
180123_003052-696448.pdf	bcsi_packdesign_2008_v1	20429	15348	42588	0.48	0.36	0.0	0.0		Y
180123_030022-419885.PDF	bcsi_packdesign_2008_v1	5930	5793	26765	0.222	0.216	0.0	0.0		Y
180123_050911-909421.pdf	bcsi_packdesign_2008_v1	16736	11800	43143	0.388	0.273	0.0	0.0		Y
180123_050917-634561.PDF	bcsi_packdesign_2008_v1	8414	5942	36636	0.23	0.162	0.0	0.0		Y
180123_073357-132951.PDF	bcsi_packdesign_2008_v1	3706	2907	15759	0.235	0.184	0.0	0.0		Y
180123_073403-437764.pdf	bcsi_packdesign_2008_v1	29424	23049	59426	0.495	0.388	0.0	0.0		Y
180123_073600-467853.pdf	bcsi_packdesign_2008_v1	20504	14448	41455	0.495	0.349	0.0	0.0		Y
180123_073605-995083.PDF	bcsi_packdesign_2008_v1	5160	3643	20370	0.253	0.179	0.0	0.0		Y
180223_011343-198138.PDF	bcsi_packdesign_2008_v1	4844	3388	21910	0.221	0.155	0.0	0.0		Y
180223_011351-448723.pdf	bcsi_packdesign_2008_v1	19192	13380	38962	0.493	0.343	0.0	0.0		Y
180323_022432-651645.PDF	bcsi_packdesign_2008_v1	5915	4324	25851	0.229	0.167	0.0	0.0		Y
180323_022438-758015.pdf	bcsi_packdesign_2008_v1	17537	12786	39717	0.442	0.322	0.0	0.0		Y
180423_074753-328714.PDF	bcsi_packdesign_2008_v1	10628	7415	37899	0.28	0.196	0.0	0.0		Y
180423_074831-199161.pdf	bcsi_packdesign_2008_v1	10573	7364	23790	0.444	0.31	0.0	0.0		Y
180423_080104-289136.PDF	bcsi_packdesign_2008_v1	10061	6304	36482	0.276	0.173	0.0	0.0		Y
180423_080109-647110.pdf	bcsi_packdesign_2008_v1	20012	12505	38371	0.522	0.326	0.0	0.0		Y
180523_022418-766872.pdf	bcsi_packdesign_2008_v1	15112	14228	35636	0.424	0.399	0.0	0.0		Y
180523_022424-267219.pdf	bcsi_packdesign_2008_v1	2568	2417	10323	0.249	0.234	0.0	0.0		Y
180523_060936-181213.PDF	bcsi_packdesign_2008_v1	23311	20879	65660	0.355	0.318	0.034	0.081		Y
180523_095342-137154.pdf	bcsi_packdesign_2008_v1	2774	1932	7870	0.353	0.245	0.03	0.079		Y
180523_095421-614799.pdf	bcsi_packdesign_2008_v1	2184	1730	6486	0.337	0.267	0.03	0.079		Y
180722_021634.pdf	bcsi_packdesign_2008_v1	19211	0	33400	0.575	0.0	0.199	9.9		
180722_021650.PDF	bcsi_packdesign_2008_v1	9784	0	26821	0.365	0.0	0.03	9.9		
180722_034102.PDF	bcsi_packdesign_2008_v1	3008	2211	13798	0.218	0.16	0.189	0.084		Y
180722_034847.PDF	bcsi_packdesign_2008_v1	14897	8952	29294	0.509	0.306	0.15	0.07		Y
180722_072601.PDF	bcsi_packdesign_2008_v1	2181	0	7635	0.286	0.0	0.199	9.9		
180722_073304.PDF	bcsi_packdesign_2008_v1	2181	0	7635	0.286	0.0	0.199	9.9		
180822_035825-202618.PDF	bcsi_packdesign_2008_v1	13130	0	24724	0.531	0.0	0.199	9.9		
180822_100703-431367.PDF	bcsi_packdesign_2008_v1	16542	0	43077	0.384	0.0	0.199	9.9		
180822_100713-261216.PDF	bcsi_packdesign_2008_v1	14385	0	48800	0.295	0.0	0.199	9.9		
181122_031635-286285.PDF	bcsi_packdesign_2008_v1	3021	2313	8816	0.343	0.262	0.195	0.074		Y
181122_052959-216345.PDF	bcsi_packdesign_2008_v1	12181	9560	34391	0.354	0.278	0.0	0.0		Y
181122_064014-971384.PDF	bcsi_packdesign_2008_v1	0	2336	9273	0.0	0.252	9.9	0.085		
190123_023545-978045.PDF	bcsi_packdesign_2008_v1	4953	3550	19546	0.253	0.182	0.0	0.0		Y
190123_023555-317517.pdf	bcsi_packdesign_2008_v1	19680	14076	40093	0.491	0.351	0.0	0.0		Y
190123_030700-325926.pdf	bcsi_packdesign_2008_v1	25477	18407	50230	0.507	0.366	0.0	0.0		Y
190123_030707-631463.PDF	bcsi_packdesign_2008_v1	6403	4633	23974	0.267	0.193	0.0	0.0		Y
190123_030740-502240.pdf	bcsi_packdesign_2008_v1	25477	18407	50230	0.507	0.366	0.0	0.0		Y
190123_030745-335332.PDF	bcsi_packdesign_2008_v1	6403	4633	23974	0.267	0.193	0.0	0.0		Y
190123_030940-343558.PDF	bcsi_packdesign_2008_v1	4278	2992	16543	0.259	0.181	0.0	0.0		Y
190123_030953-962673.pdf	bcsi_packdesign_2008_v1	25494	17790	49852	0.511	0.357	0.0	0.0		Y
190423_022952-697891.PDF	bcsi_packdesign_2008_v1	4690	2976	13474	0.348	0.221	0.03	0.079		Y
190423_024336-158176.pdf	bcsi_packdesign_2008_v1	4836	3124	13821	0.35	0.226	0.03	0.079		Y
190523_062355-896215.PDF	bcsi_packdesign_2008_v1	4543	2865	20061	0.226	0.143	0.0	0.0		Y
190523_062416-285956.pdf	bcsi_packdesign_2008_v1	26984	16936	50772	0.531	0.334	0.0	0.0		Y
190523_084716-157966.pdf	bcsi_packdesign_2008_v1	6056	5344	22544	0.269	0.237	0.0	0.0		Y
190623_061100-338923.PDF	bcsi_packdesign_2008_v1	4462	2958	16816	0.265	0.176	0.0	0.0		Y
190623_061109-763299.pdf	bcsi_packdesign_2008_v1	17678	11679	35940	0.492	0.325	0.0	0.0		Y
190623_062124-476318.PDF	bcsi_packdesign_2008_v1	5713	4045	21365	0.267	0.189	0.0	0.0		Y
190623_062133-347395.pdf	bcsi_packdesign_2008_v1	20134	16348	43086	0.467	0.379	0.0	0.0		Y
190623_062806-822318.pdf	bcsi_packdesign_2008_v1	20134	16348	43086	0.467	0.379	0.0	0.0		Y
190623_062815-136762.PDF	bcsi_packdesign_2008_v1	6774	5504	25802	0.263	0.213	0.0	0.0		Y
190722_064640.pdf	bcsi_packdesign_2008_v1	10627	0	19956	0.533	0.0	0.199	9.9		
190723_101437-968978.PDF	bcsi_packdesign_2008_v1	10734	10457	44625	0.241	0.234	0.0	0.0		Y
190723_113047-535363.PDF	bcsi_packdesign_2008_v1	6944	4124	21981	0.316	0.188	0.0	0.0		Y
190723_113055-581439.pdf	bcsi_packdesign_2008_v1	20561	12123	41861	0.491	0.29	0.0	0.0		Y
190723_132129-119943.PDF	bcsi_packdesign_2008_v1	9906	10205	42744	0.232	0.239	0.0	0.0		Y
190723_150253-661653.pdf	bcsi_packdesign_2008_v1	24065	18227	60031	0.401	0.304	0.0	0.0		Y
190723_150303-533627.PDF	bcsi_packdesign_2008_v1	4073	3093	21048	0.194	0.147	0.0	0.0		Y
190723_150902-224937.pdf	bcsi_packdesign_2008_v1	20378	14179	49659	0.41	0.286	0.0	0.0		Y
190723_150910-404038.PDF	bcsi_packdesign_2008_v1	5164	3606	25118	0.206	0.144	0.0	0.0		Y
190723_164214-777776.pdf	bcsi_packdesign_2008_v1	20561	12123	41861	0.491	0.29	0.0	0.0		Y
190822_015941-395062.PDF	bcsi_packdesign_2008_v1	2970	2429	10739	0.277	0.226	0.0	0.0		Y
190822_015944-962436.pdf	bcsi_packdesign_2008_v1	43734	35686	87352	0.501	0.409	0.0	0.0		Y
190822_025005-194482.PDF	bcsi_packdesign_2008_v1	2401	1606	6796	0.353	0.236	0.03	0.079		Y
190822_071522-967535.PDF	bcsi_packdesign_2008_v1	9248	171	27127	0.341	0.006	0.03	0.079		
190822_071953-567371.PDF	bcsi_packdesign_2008_v1	9248	171	27127	0.341	0.006	0.03	0.079		
190822_104133-834984.PDF	bcsi_packdesign_2008_v1	17243	11129	53662	0.321	0.207	0.0	0.0		Y
190823_114756-549474.PDF	bcsi_packdesign_2008_v1	3942	2675	11645	0.339	0.23	0.007	0.005		Y
190823_120410-465395.PDF	bcsi_packdesign_2008_v1	2488	2244	8353	0.298	0.269	0.007	0.005		Y
190922_055243-911178.PDF	bcsi_packdesign_2008_v1	15432	10120	42359	0.364	0.239	0.03	0.079		Y
190922_055359-639212.pdf	bcsi_packdesign_2008_v1	26224	13653	46126	0.569	0.296	0.0	0.0		Y
190922_055525-292839.PDF	bcsi_packdesign_2008_v1	15432	10120	42359	0.364	0.239	0.03	0.079		Y
190922_090442-559747.PDF	bcsi_packdesign_2008_v1	5331	4214	16011	0.333	0.263	0.0	0.0		Y
190922_091541-552337.PDF	bcsi_packdesign_2008_v1	6050	6928	19947	0.303	0.347	0.03	0.079		Y
190922_091839-653564.PDF	bcsi_packdesign_2008_v1	9779	8230	27737	0.353	0.297	0.03	0.079		Y
191022_013136-364215.pdf	bcsi_packdesign_2008_v1	25737	29169	66360	0.388	0.44	0.0	0.0		Y
191022_013152-396944.PDF	bcsi_packdesign_2008_v1	3266	3691	12689	0.257	0.291	0.0	0.0		Y
191022_015842-875614.PDF	bcsi_packdesign_2008_v1	3266	3691	12689	0.257	0.291	0.0	0.0		Y
191022_015853-685343.pdf	bcsi_packdesign_2008_v1	25737	29169	66360	0.388	0.44	0.0	0.0		Y
191022_022540-702070.PDF	bcsi_packdesign_2008_v1	3119	2516	9121	0.342	0.276	0.0	0.0		Y
191022_022544-594463.pdf	bcsi_packdesign_2008_v1	30706	24707	62217	0.494	0.397	0.0	0.0		Y
191022_053026-951751.PDF	bcsi_packdesign_2008_v1	3925	3649	14773	0.266	0.247	0.0	0.0		Y
191022_053029-698129.pdf	bcsi_packdesign_2008_v1	23079	21456	56965	0.405	0.377	0.0	0.0		Y
191222_032153-683059.PDF	bcsi_packdesign_2008_v1	8104	4833	24872	0.326	0.194	0.0	0.0		Y
191222_032157-915171.pdf	bcsi_packdesign_2008_v1	15916	9396	31415	0.507	0.299	0.0	0.0		Y
191222_062358-215140.PDF	bcsi_packdesign_2008_v1	3020	2104	8664	0.349	0.243	0.199	0.085		Y
191222_064918-961330.PDF	bcsi_packdesign_2008_v1	0	1877	8742	0.0	0.215	9.9	0.085		
191222_071055-277848.PDF	bcsi_packdesign_2008_v1	3037	2017	10191	0.298	0.198	0.0	0.0		Y
191222_071058-614316.pdf	bcsi_packdesign_2008_v1	26793	17654	50971	0.526	0.346	0.0	0.0		Y
191222_084309-929693.pdf	bcsi_packdesign_2008_v1	5344	2936	14025	0.381	0.209	0.0	0.0		Y
191222_084856-851356.pdf	bcsi_packdesign_2008_v1	16962	13797	37220	0.456	0.371	0.0	0.0		Y
191222_085002-473146.PDF	bcsi_packdesign_2008_v1	4331	3533	15320	0.283	0.231	0.0	0.0		Y
200223_015723-541342.PDF	bcsi_packdesign_2008_v1	22	304	4183	0.005	0.073	0.0	0.0		
200223_042933-669328.PDF	bcsi_packdesign_2008_v1	8608	6424	34969	0.246	0.184	0.0	0.0		Y
200223_042942-229258.pdf	bcsi_packdesign_2008_v1	17103	12743	36994	0.462	0.344	0.0	0.0		Y
200323_023158-261873.pdf	bcsi_packdesign_2008_v1	4105	5317	16350	0.251	0.325	0.03	0.079		Y
200323_030718-832135.pdf	bcsi_packdesign_2008_v1	4105	5317	16350	0.251	0.325	0.03	0.079		Y
200323_031229-586985.pdf	bcsi_packdesign_2008_v1	4105	5317	16350	0.251	0.325	0.03	0.079		Y
200323_080403-657529.PDF	bcsi_packdesign_2008_v1	4191	3391	11567	0.362	0.293	0.03	0.079		Y
200323_093027-998198.pdf	bcsi_packdesign_2008_v1	21696	12914	46438	0.467	0.278	0.0	0.0		Y
200323_093033-836512.PDF	bcsi_packdesign_2008_v1	7305	4369	32288	0.226	0.135	0.0	0.0		Y
200323_093953-407520.PDF	bcsi_packdesign_2008_v1	5991	4324	28356	0.211	0.153	0.0	0.0		Y
200323_093959-136643.pdf	bcsi_packdesign_2008_v1	23679	17044	53186	0.445	0.32	0.0	0.0		Y
200423_060116-841895.PDF	bcsi_packdesign_2008_v1	5443	2592	22187	0.245	0.117	0.0	0.0		Y
200423_060123-183495.pdf	bcsi_packdesign_2008_v1	21524	10147	39273	0.548	0.258	0.0	0.0		Y
200423_062720-388479.PDF	bcsi_packdesign_2008_v1	7004	3637	24051	0.291	0.151	0.0	0.0		Y
200423_062728-813150.pdf	bcsi_packdesign_2008_v1	13883	7164	28203	0.492	0.254	0.0	0.0		Y
200423_063227-559263.PDF	bcsi_packdesign_2008_v1	5905	2802	23534	0.251	0.119	0.0	0.0		Y
200423_063238-407665.pdf	bcsi_packdesign_2008_v1	23370	10987	42332	0.552	0.26	0.0	0.0		Y
200423_064708-668433.PDF	bcsi_packdesign_2008_v1	7554	3968	25489	0.296	0.156	0.0	0.0		Y
200423_064712-676659.pdf	bcsi_packdesign_2008_v1	14983	7825	29977	0.5	0.261	0.0	0.0		Y
200423_074652-603658.PDF	bcsi_packdesign_2008_v1	6250	2971	24740	0.253	0.12	0.0	0.0		Y
200423_074657-956247.pdf	bcsi_packdesign_2008_v1	24751	11665	44339	0.558	0.263	0.0	0.0		Y
200423_075718-518690.PDF	bcsi_packdesign_2008_v1	8121	4138	26930	0.302	0.154	0.0	0.0		Y
200423_075728-403016.pdf	bcsi_packdesign_2008_v1	16117	8165	31428	0.513	0.26	0.0	0.0		Y
200423_081713-446950.PDF	bcsi_packdesign_2008_v1	8291	4200	27258	0.304	0.154	0.0	0.0		Y
200423_081718-419592.pdf	bcsi_packdesign_2008_v1	16457	8289	31913	0.516	0.26	0.0	0.0		Y
200423_093317-487012.PDF	bcsi_packdesign_2008_v1	7954	5183	27085	0.294	0.191	0.0	0.0		Y
200423_093321-309856.pdf	bcsi_packdesign_2008_v1	15815	10281	33804	0.468	0.304	0.0	0.0		Y
200423_093835-875110.PDF	bcsi_packdesign_2008_v1	8153	5789	29051	0.281	0.199	0.0	0.0		Y
200423_093840-702939.pdf	bcsi_packdesign_2008_v1	16206	11486	35807	0.453	0.321	0.0	0.0		Y
200622_015811.pdf	bcsi_packdesign_2008_v1	19180	12774	47758	0.402	0.267	0.0	0.0		Y
200623_021819-348629.pdf	bcsi_packdesign_2008_v1	23978	14988	52234	0.459	0.287	0.0	0.0		Y
200623_024207-315478.PDF	bcsi_packdesign_2008_v1	5993	3766	27006	0.222	0.139	0.0	0.0		Y
200623_024248-216555.pdf	bcsi_packdesign_2008_v1	23672	14800	50637	0.467	0.292	0.0	0.0		Y
200623_031825-856399.PDF	bcsi_packdesign_2008_v1	5989	3763	26629	0.225	0.141	0.0	0.0		Y
200623_031843-883036.pdf	bcsi_packdesign_2008_v1	23672	14802	50502	0.469	0.293	0.0	0.0		Y
200623_090220-663837.PDF	bcsi_packdesign_2008_v1	4879	3310	23442	0.208	0.141	0.0	0.0		Y
200623_090225-652640.pdf	bcsi_packdesign_2008_v1	19258	13012	44849	0.429	0.29	0.0	0.0		Y
200623_090909-372213.PDF	bcsi_packdesign_2008_v1	4742	3359	22954	0.207	0.146	0.0	0.0		Y
200623_090913-652522.pdf	bcsi_packdesign_2008_v1	18701	13202	42978	0.435	0.307	0.0	0.0		Y
200623_091544-482151.pdf	bcsi_packdesign_2008_v1	18701	12804	42583	0.439	0.301	0.0	0.0		Y
200623_091548-482635.PDF	bcsi_packdesign_2008_v1	4742	3260	22855	0.207	0.143	0.0	0.0		Y
200623_092743-938012.pdf	bcsi_packdesign_2008_v1	17076	0	25770	0.663	0.0	0.0	9.9		
200623_092759-594974.PDF	bcsi_packdesign_2008_v1	1485	55	7903	0.188	0.007	0.0	0.082		
200723_095528-914541.pdf	bcsi_packdesign_2008_v1	26268	20020	54530	0.482	0.367	0.0	0.0		Y
200723_095535-955497.PDF	bcsi_packdesign_2008_v1	6613	5048	27691	0.239	0.182	0.0	0.0		Y
200723_095721-484069.PDF	bcsi_packdesign_2008_v1	6780	4136	17923	0.378	0.231	0.026	0.006		Y
200723_104010-511016.PDF	bcsi_packdesign_2008_v1	6259	4356	16913	0.37	0.258	0.026	0.006		Y
200723_110233-753391.PDF	bcsi_packdesign_2008_v1	2557	2103	7895	0.324	0.266	0.026	0.006		Y
200723_112926-831449.PDF	bcsi_packdesign_2008_v1	13417	8657	34132	0.393	0.254	0.026	0.006		Y
200723_113400-708312.PDF	bcsi_packdesign_2008_v1	16217	10680	42233	0.384	0.253	0.026	0.006		Y
200723_144633-773664.pdf	bcsi_packdesign_2008_v1	9846	6722	28694	0.343	0.234	0.026	0.006		Y
200723_163908-719955.PDF	bcsi_packdesign_2008_v1	7899	4870	35388	0.223	0.138	0.0	0.0		Y
200723_164008-787145.PDF	bcsi_packdesign_2008_v1	7723	4525	34181	0.226	0.132	0.0	0.0		Y
200723_182326-724591.PDF	bcsi_packdesign_2008_v1	10658	7411	36715	0.29	0.202	0.0	0.0		Y
200723_182330-153517.pdf	bcsi_packdesign_2008_v1	21159	14682	42599	0.497	0.345	0.0	0.0		Y
200723_183004-504040.PDF	bcsi_packdesign_2008_v1	5973	3956	15538	0.384	0.255	0.026	0.006		Y
201022_064410-618336.PDF	bcsi_packdesign_2008_v1	3016	2535	11031	0.273	0.23	0.0	0.0		Y
201022_064414-334791.pdf	bcsi_packdesign_2008_v1	26591	22305	55914	0.476	0.399	0.0	0.0		Y
201222_014700-298084.PDF	bcsi_packdesign_2008_v1	7317	4457	22456	0.326	0.198	0.0	0.0		Y
201222_014703-954447.pdf	bcsi_packdesign_2008_v1	14418	8714	29260	0.493	0.298	0.0	0.0		Y
201222_024558-161515.PDF	bcsi_packdesign_2008_v1	4990	5039	16978	0.294	0.297	0.199	0.085		Y
210223_010117-813360.PDF	bcsi_packdesign_2008_v1	5084	3379	22522	0.226	0.15	0.0	0.0		Y
210223_010156-444848.pdf	bcsi_packdesign_2008_v1	20152	13344	42980	0.469	0.31	0.0	0.0		Y
210223_030204-807711.pdf	bcsi_packdesign_2008_v1	17562	10660	36383	0.483	0.293	0.0	0.0		Y
210223_030208-433351.PDF	bcsi_packdesign_2008_v1	4453	2720	17944	0.248	0.152	0.0	0.0		Y
210223_031154-185296.pdf	bcsi_packdesign_2008_v1	13198	5211	25812	0.511	0.202	0.0	0.0		Y
210223_031251-588932.PDF	bcsi_packdesign_2008_v1	1702	698	8878	0.192	0.079	0.0	0.0		Y
210223_053024-597853.PDF	bcsi_packdesign_2008_v1	25741	14009	88291	0.292	0.159	0.03	0.079		Y
210223_053444-197396.PDF	bcsi_packdesign_2008_v1	25741	14009	88291	0.292	0.159	0.03	0.079		Y
210223_053930-741683.PDF	bcsi_packdesign_2008_v1	25741	14009	88291	0.292	0.159	0.03	0.079		Y
210323_024004-613210.PDF	bcsi_packdesign_2008_v1	7156	4297	31986	0.224	0.134	0.0	0.0		Y
210323_024008-927656.pdf	bcsi_packdesign_2008_v1	21222	12674	44793	0.474	0.283	0.0	0.0		Y
210323_024044-124214.PDF	bcsi_packdesign_2008_v1	7156	4297	31986	0.224	0.134	0.0	0.0		Y
210323_024049-337186.pdf	bcsi_packdesign_2008_v1	21222	12674	44793	0.474	0.283	0.0	0.0		Y
210323_024133-777923.PDF	bcsi_packdesign_2008_v1	7218	4385	32827	0.22	0.134	0.0	0.0		Y
210323_024145-565698.pdf	bcsi_packdesign_2008_v1	21413	12942	46371	0.462	0.279	0.0	0.0		Y
210323_040015-473111.PDF	bcsi_packdesign_2008_v1	4711	2261	20090	0.234	0.113	0.0	0.0		Y
210323_040020-307279.pdf	bcsi_packdesign_2008_v1	18595	8825	34903	0.533	0.253	0.0	0.0		Y
210323_040337-888920.pdf	bcsi_packdesign_2008_v1	17403	10494	35621	0.489	0.295	0.0	0.0		Y
210323_040409-907173.PDF	bcsi_packdesign_2008_v1	4413	2679	17851	0.247	0.15	0.0	0.0		Y
210323_040950-786122.pdf	bcsi_packdesign_2008_v1	25865	7926	39747	0.651	0.199	0.0	0.0		Y
210323_040956-154751.PDF	bcsi_packdesign_2008_v1	2927	927	11786	0.248	0.079	0.0	0.0		Y
210323_041913-976793.pdf	bcsi_packdesign_2008_v1	18500	11457	38735	0.478	0.296	0.0	0.0		Y
210323_041919-912768.PDF	bcsi_packdesign_2008_v1	9335	5803	35412	0.264	0.164	0.0	0.0		Y
210423_033303-608611.PDF	bcsi_packdesign_2008_v1	6056	5344	22544	0.269	0.237	0.0	0.0		Y
210423_033323-577799.pdf	bcsi_packdesign_2008_v1	20555	15158	42640	0.482	0.355	0.0	0.0		Y
210423_072317-664139.pdf	bcsi_packdesign_2008_v1	23541	20131	53472	0.44	0.376	0.0	0.0		Y
210423_072326-278597.PDF	bcsi_packdesign_2008_v1	6127	4965	26171	0.234	0.19	0.0	0.0		Y
210423_072827-465962.pdf	bcsi_packdesign_2008_v1	16279	13564	39144	0.416	0.347	0.0	0.0		Y
210423_072839-629952.PDF	bcsi_packdesign_2008_v1	8196	6835	35837	0.229	0.191	0.0	0.0		Y
210423_081615-107029.pdf	bcsi_packdesign_2008_v1	36549	22582	66193	0.552	0.341	0.0	0.0		Y
210423_081620-305689.PDF	bcsi_packdesign_2008_v1	4608	2859	17944	0.257	0.159	0.0	0.0		Y
210423_083250-853120.pdf	bcsi_packdesign_2008_v1	24876	20786	52957	0.47	0.393	0.0	0.0		Y
210423_083253-525812.PDF	bcsi_packdesign_2008_v1	3136	2623	13463	0.233	0.195	0.0	0.0		Y
210423_083809-471255.PDF	bcsi_packdesign_2008_v1	3519	1776	12504	0.281	0.142	0.0	0.0		Y
210622_083052.PDF	bcsi_packdesign_2008_v1	22469	13590	71644	0.314	0.19	0.0	0.0		Y
210622_083058.pdf	bcsi_packdesign_2008_v1	11148	6712	24881	0.448	0.27	0.0	0.0		Y
210623_010143-287218.pdf	bcsi_packdesign_2008_v1	12980	10465	30645	0.424	0.341	0.0	0.0		Y
210623_010154-657885.PDF	bcsi_packdesign_2008_v1	6541	5279	30258	0.216	0.174	0.0	0.0		Y
210623_010235-425810.pdf	bcsi_packdesign_2008_v1	34817	18265	99245	0.351	0.184	0.007	0.005		Y
210623_040848-908168.PDF	bcsi_packdesign_2008_v1	3552	1910	9693	0.366	0.197	0.007	0.005		Y
210722_072809.PDF	bcsi_packdesign_2008_v1	4929	0	15171	0.325	0.0	0.199	9.9		
210722_081447.pdf	bcsi_packdesign_2008_v1	3105	0	9689	0.32	0.0	0.03	9.9		
210723_100806-696238.pdf	bcsi_packdesign_2008_v1	17735	11738	36231	0.489	0.324	0.0	0.0		Y
210723_100810-401343.PDF	bcsi_packdesign_2008_v1	8939	5933	31380	0.285	0.189	0.0	0.0		Y
210723_115300-687353.PDF	bcsi_packdesign_2008_v1	2952	2233	8668	0.341	0.258	0.03	0.079		Y
210723_161104-205176.PDF	bcsi_packdesign_2008_v1	2756	1863	7837	0.352	0.238	0.007	0.005		Y
210723_174504-464427.PDF	bcsi_packdesign_2008_v1	3677	3115	11988	0.307	0.26	0.007	0.005		Y
210823_113712-565215.PDF	bcsi_packdesign_2008_v1	8224	62	28233	0.291	0.002	0.036	0.079		
210823_113724-984298.pdf	bcsi_packdesign_2008_v1	24460	15169	47144	0.519	0.322	0.0	0.0		Y
210823_152703-765128.pdf	bcsi_packdesign_2008_v1	15964	19797	42840	0.373	0.462	0.0	0.0		Y
210823_152706-787592.PDF	bcsi_packdesign_2008_v1	5384	6654	25229	0.213	0.264	0.0	0.0		Y
210823_153451-498390.PDF	bcsi_packdesign_2008_v1	5884	3587	25438	0.231	0.141	0.0	0.0		Y
210823_153458-699930.pdf	bcsi_packdesign_2008_v1	17465	10595	39115	0.447	0.271	0.0	0.0		Y
210823_164759-633482.PDF	bcsi_packdesign_2008_v1	0	1836	7829	0.0	0.235	9.9	0.085		
210823_175429-298477.pdf	bcsi_packdesign_2008_v1	19203	13556	47556	0.404	0.285	0.0	0.0		Y
210823_175433-177362.PDF	bcsi_packdesign_2008_v1	4863	3444	23058	0.211	0.149	0.0	0.0		Y
210823_180236-435361.pdf	bcsi_packdesign_2008_v1	22957	16877	57322	0.4	0.294	0.0	0.0		Y
210823_180836-552063.PDF	bcsi_packdesign_2008_v1	1787	680	9172	0.195	0.074	0.0	0.0		Y
210823_180843-732096.pdf	bcsi_packdesign_2008_v1	14014	5186	26666	0.526	0.194	0.0	0.0		Y
210922_024509-837086.PDF	bcsi_packdesign_2008_v1	5062	3663	17128	0.296	0.214	0.0	0.0		Y
210922_024528-461731.pdf	bcsi_packdesign_2008_v1	19946	14373	43537	0.458	0.33	0.0	0.0		Y
211022_024602-413772.PDF	bcsi_packdesign_2008_v1	6956	0	27343	0.254	0.0	0.012	9.9		
211022_032234-316283.PDF	bcsi_packdesign_2008_v1	2610	2159	7922	0.329	0.273	0.0	0.0		Y
211022_032854-779091.PDF	bcsi_packdesign_2008_v1	6956	0	27343	0.254	0.0	0.012	9.9		
211022_033120-913992.PDF	bcsi_packdesign_2008_v1	5805	3683	17902	0.324	0.206	0.0	0.0		Y
211022_033125-561979.pdf	bcsi_packdesign_2008_v1	22936	14471	48496	0.473	0.298	0.0	0.0		Y
211022_071103-304483.PDF	bcsi_packdesign_2008_v1	10701	0	30115	0.355	0.0	0.012	9.9		
211022_071257-733694.PDF	bcsi_packdesign_2008_v1	7180	0	23509	0.305	0.0	0.012	9.9		
211022_071402-437699.PDF	bcsi_packdesign_2008_v1	8280	0	24402	0.339	0.0	0.012	9.9		
211122_023837-316767.pdf	bcsi_packdesign_2008_v1	11347	11202	28971	0.392	0.387	0.0	0.0		Y
211122_042727-109185.PDF	bcsi_packdesign_2008_v1	10979	6719	31297	0.351	0.215	0.0	0.0		Y
211122_042836-986336.pdf	bcsi_packdesign_2008_v1	21730	13226	42255	0.514	0.313	0.0	0.0		Y
211122_051858-293890.PDF	bcsi_packdesign_2008_v1	3936	3010	13549	0.29	0.222	0.0	0.0		Y
211122_073713-863877.PDF	bcsi_packdesign_2008_v1	3028	2030	10390	0.291	0.195	0.0	0.0		Y
211122_073747-942382.PDF	bcsi_packdesign_2008_v1	3028	2030	10390	0.291	0.195	0.0	0.0		Y
211122_073829-428450.PDF	bcsi_packdesign_2008_v1	3028	2030	10390	0.291	0.195	0.0	0.0		Y
211122_073858-942648.PDF	bcsi_packdesign_2008_v1	3028	2030	10390	0.291	0.195	0.0	0.0		Y
211122_074013-918972.PDF	bcsi_packdesign_2008_v1	3028	2030	10390	0.291	0.195	0.0	0.0		Y
211122_074342-896215.PDF	bcsi_packdesign_2008_v1	3028	2030	10390	0.291	0.195	0.0	0.0		Y
211122_082919-869040.PDF	bcsi_packdesign_2008_v1	3578	2365	11523	0.31	0.205	0.0	0.0		Y
211122_082921-301669.pdf	bcsi_packdesign_2008_v1	28241	18568	59137	0.478	0.314	0.0	0.0		Y
211222_043145-541496.PDF	bcsi_packdesign_2008_v1	2845	2165	7914	0.359	0.274	0.0	0.0		Y
211222_043148-673087.pdf	bcsi_packdesign_2008_v1	22274	16872	45182	0.493	0.373	0.0	0.0		Y
211222_050929-326319.PDF	bcsi_packdesign_2008_v1	2845	2165	7914	0.359	0.274	0.0	0.0		Y
211222_050932-754378.pdf	bcsi_packdesign_2008_v1	22274	16872	45182	0.493	0.373	0.0	0.0		Y
220223_004659-725459.PDF	bcsi_packdesign_2008_v1	4733	3166	21428	0.221	0.148	0.0	0.0		Y
220223_004708-933215.pdf	bcsi_packdesign_2008_v1	18748	12495	37528	0.5	0.333	0.0	0.0		Y
220223_005918-192920.PDF	bcsi_packdesign_2008_v1	5886	4118	25187	0.234	0.163	0.0	0.0		Y
220223_005926-589745.pdf	bcsi_packdesign_2008_v1	11679	8151	25684	0.455	0.317	0.0	0.0		Y
220223_013200-812639.PDF	bcsi_packdesign_2008_v1	7108	4868	29685	0.239	0.164	0.0	0.0		Y
220223_013548-132715.pdf	bcsi_packdesign_2008_v1	14124	9651	30039	0.47	0.321	0.0	0.0		Y
220223_030654-232652.pdf	bcsi_packdesign_2008_v1	8345	5142	22213	0.376	0.232	0.034	0.081		Y
220323_023849-853723.PDF	bcsi_packdesign_2008_v1	5915	4324	25851	0.229	0.167	0.0	0.0		Y
220323_023858-594372.pdf	bcsi_packdesign_2008_v1	17537	12786	39717	0.442	0.322	0.0	0.0		Y
220523_012736-115411.PDF	bcsi_packdesign_2008_v1	9718	6646	37975	0.256	0.175	0.0	0.0		Y
220523_012751-721740.pdf	bcsi_packdesign_2008_v1	19310	13176	39381	0.49	0.335	0.0	0.0		Y
220623_030324-954958.PDF	bcsi_packdesign_2008_v1	6075	3532	25814	0.235	0.137	0.0	0.0		Y
220623_030450-689354.pdf	bcsi_packdesign_2008_v1	24024	13884	50820	0.473	0.273	0.0	0.0		Y
220623_031616-279914.pdf	bcsi_packdesign_2008_v1	0	0	9986	0.0	0.0	0.0	9.9		
220623_031626-208229.PDF	bcsi_packdesign_2008_v1	49	44	5479	0.009	0.008	0.0	0.082		
220623_071338-353046.PDF	bcsi_packdesign_2008_v1	7293	6721	23840	0.306	0.282	0.007	0.005		Y
220623_074505-662037.PDF	bcsi_packdesign_2008_v1	4475	2487	18848	0.237	0.132	0.0	0.0		Y
220623_074513-338210.pdf	bcsi_packdesign_2008_v1	17651	9725	35072	0.503	0.277	0.0	0.0		Y
220623_080311-246252.pdf	bcsi_packdesign_2008_v1	15906	11113	35047	0.454	0.317	0.0	0.0		Y
220623_082142-967718.pdf	bcsi_packdesign_2008_v1	21317	0	31126	0.685	0.0	0.0	9.9		
220623_082151-643088.PDF	bcsi_packdesign_2008_v1	1128	55	7284	0.155	0.008	0.0	0.082		
220623_083543-546715.pdf	bcsi_packdesign_2008_v1	20595	12961	41270	0.499	0.314	0.0	0.0		Y
220623_083553-886279.PDF	bcsi_packdesign_2008_v1	5217	3301	20640	0.253	0.16	0.0	0.0		Y
220623_083946-805728.pdf	bcsi_packdesign_2008_v1	21317	0	31126	0.685	0.0	0.0	9.9		
220623_083959-745585.PDF	bcsi_packdesign_2008_v1	1128	55	7284	0.155	0.008	0.0	0.082		
220722_023347.pdf	bcsi_packdesign_2008_v1	3500	0	10425	0.336	0.0	0.199	9.9		
220722_023523.PDF	bcsi_packdesign_2008_v1	11886	126	37048	0.321	0.003	0.036	0.079		
220722_023540.pdf	bcsi_packdesign_2008_v1	3500	0	10425	0.336	0.0	0.199	9.9		
220722_023706.pdf	bcsi_packdesign_2008_v1	3500	0	10425	0.336	0.0	0.199	9.9		
220723_111327-686631.PDF	bcsi_packdesign_2008_v1	2353	1808	6986	0.337	0.259	0.007	0.005		Y
220723_112756-573176.pdf	bcsi_packdesign_2008_v1	5833	6239	17388	0.335	0.359	0.026	0.006		Y
220723_122830-633299.PDF	bcsi_packdesign_2008_v1	1955	33	7953	0.246	0.004	0.0	0.082		
220723_122834-198685.pdf	bcsi_packdesign_2008_v1	19186	0	25039	0.766	0.0	0.0	9.9		
220822_070428-397575.PDF	bcsi_packdesign_2008_v1	5513	3447	14380	0.383	0.24	0.03	0.079		Y
220823_111748-317873.PDF	bcsi_packdesign_2008_v1	4582	3295	20052	0.229	0.164	0.0	0.0		Y
220823_111758-552337.pdf	bcsi_packdesign_2008_v1	22570	16175	45837	0.492	0.353	0.0	0.0		Y
220823_120400-764378.PDF	bcsi_packdesign_2008_v1	9516	6460	41547	0.229	0.155	0.0	0.0		Y
220823_120402-822437.pdf	bcsi_packdesign_2008_v1	9411	6366	24786	0.38	0.257	0.0	0.0		Y
220823_122918-713660.pdf	bcsi_packdesign_2008_v1	20134	16348	43086	0.467	0.379	0.0	0.0		Y
220823_124202-288295.PDF	bcsi_packdesign_2008_v1	6570	3261	25694	0.256	0.127	0.0	0.0		Y
220823_124207-456556.pdf	bcsi_packdesign_2008_v1	19523	9617	36654	0.533	0.262	0.0	0.0		Y
220823_124705-661863.PDF	bcsi_packdesign_2008_v1	5923	3992	22655	0.261	0.176	0.0	0.0		Y
220823_124712-749486.pdf	bcsi_packdesign_2008_v1	17583	11812	36886	0.477	0.32	0.0	0.0		Y
220823_154124-487577.PDF	bcsi_packdesign_2008_v1	4516	1672	10849	0.416	0.154	0.026	0.006		Y
220823_154712-761746.PDF	bcsi_packdesign_2008_v1	4516	1672	10849	0.416	0.154	0.026	0.006		Y
221022_092919-734261.PDF	bcsi_packdesign_2008_v1	3074	2047	10290	0.299	0.199	0.0	0.0		Y
221022_092923-669027.pdf	bcsi_packdesign_2008_v1	30106	19882	56780	0.53	0.35	0.0	0.0		Y
221122_024537-617678.PDF	bcsi_packdesign_2008_v1	3595	0	9173	0.392	0.0	0.193	9.9		
221122_063748-785372.PDF	bcsi_packdesign_2008_v1	9282	8726	30971	0.3	0.282	0.0	0.0		Y
221122_063754-545965.PDF	bcsi_packdesign_2008_v1	18702	9334	61180	0.306	0.153	0.0	0.0		Y
221122_063804-377493.pdf	bcsi_packdesign_2008_v1	18330	17235	42762	0.429	0.403	0.0	0.0		Y
221122_063810-321513.pdf	bcsi_packdesign_2008_v1	9025	4705	20004	0.451	0.235	0.0	0.0		Y
221122_063816-879870.pdf	bcsi_packdesign_2008_v1	19004	8933	34630	0.549	0.258	0.0	0.0		Y
221122_083921-972380.pdf	bcsi_packdesign_2008_v1	21393	14984	42231	0.507	0.355	0.0	0.0		Y
221122_083942-426083.PDF	bcsi_packdesign_2008_v1	10787	7575	33888	0.318	0.224	0.0	0.0		Y
221222_072826-278360.PDF	bcsi_packdesign_2008_v1	7721	4608	23248	0.332	0.198	0.0	0.0		Y
221222_073125-527731.pdf	bcsi_packdesign_2008_v1	19971	13430	42325	0.472	0.317	0.0	0.0		Y
221222_073130-157839.PDF	bcsi_packdesign_2008_v1	5083	3441	18243	0.279	0.189	0.0	0.0		Y
221222_073422-771197.pdf	bcsi_packdesign_2008_v1	18068	14987	39723	0.455	0.377	0.0	0.0		Y
221222_073428-798341.PDF	bcsi_packdesign_2008_v1	3069	2552	11190	0.274	0.228	0.0	0.0		Y
221222_073701-829244.pdf	bcsi_packdesign_2008_v1	20614	17563	45113	0.457	0.389	0.0	0.0		Y
221222_073706-871411.PDF	bcsi_packdesign_2008_v1	3516	3002	12378	0.284	0.242	0.0	0.0		Y
221222_074240-693597.pdf	bcsi_packdesign_2008_v1	12101	9210	27813	0.435	0.331	0.0	0.0		Y
221222_074246-237422.PDF	bcsi_packdesign_2008_v1	6149	4697	20256	0.304	0.232	0.0	0.0		Y
221222_085953-195176.PDF	bcsi_packdesign_2008_v1	3323	2363	11537	0.288	0.205	0.0	0.0		Y
221222_090023-277337.PDF	bcsi_packdesign_2008_v1	3323	2363	11537	0.288	0.205	0.0	0.0		Y
230123_020440-268233.PDF	bcsi_packdesign_2008_v1	4233	2688	13614	0.311	0.197	0.0	0.0		Y
230123_020449-952620.pdf	bcsi_packdesign_2008_v1	33307	20984	61016	0.546	0.344	0.0	0.0		Y
230123_044523-254185.pdf	bcsi_packdesign_2008_v1	0	3556	10337	0.0	0.344	9.9	0.085		
230223_004913-774926.PDF	bcsi_packdesign_2008_v1	6179	0	17794	0.347	0.0	0.199	9.9		
230223_011122-202920.PDF	bcsi_packdesign_2008_v1	8760	4780	31096	0.282	0.154	0.0	0.0		Y
230223_011127-274668.pdf	bcsi_packdesign_2008_v1	26141	14213	46676	0.56	0.304	0.0	0.0		Y
230223_015216-644861.PDF	bcsi_packdesign_2008_v1	4759	2220	20050	0.237	0.111	0.0	0.0		Y
230223_015237-531196.pdf	bcsi_packdesign_2008_v1	18787	8660	34931	0.538	0.248	0.0	0.0		Y
230223_015333-427280.pdf	bcsi_packdesign_2008_v1	18787	8660	34931	0.538	0.248	0.0	0.0		Y
230223_015340-374277.PDF	bcsi_packdesign_2008_v1	4759	2220	20050	0.237	0.111	0.0	0.0		Y
230223_044135-708584.PDF	bcsi_packdesign_2008_v1	6104	4028	29337	0.208	0.137	0.0	0.0		Y
230223_044141-924293.pdf	bcsi_packdesign_2008_v1	24231	15942	56897	0.426	0.28	0.0	0.0		Y
230223_053648-487796.PDF	bcsi_packdesign_2008_v1	10012	8347	38134	0.263	0.219	0.0	0.0		Y
230223_053651-322298.pdf	bcsi_packdesign_2008_v1	19822	16516	43036	0.461	0.384	0.0	0.0		Y
230223_054551-586081.PDF	bcsi_packdesign_2008_v1	11044	9134	42584	0.259	0.214	0.0	0.0		Y
230223_054553-897082.pdf	bcsi_packdesign_2008_v1	10943	9044	26263	0.417	0.344	0.0	0.0		Y
230223_060314-528570.PDF	bcsi_packdesign_2008_v1	53	22	3846	0.014	0.006	0.0	0.082		
230223_060317-225385.pdf	bcsi_packdesign_2008_v1	1182	0	7036	0.168	0.0	0.0	9.9		
230223_071502-821897.PDF	bcsi_packdesign_2008_v1	53	22	3846	0.014	0.006	0.0	0.082		
230223_071506-378746.pdf	bcsi_packdesign_2008_v1	1182	0	7036	0.168	0.0	0.0	9.9		
230223_071933-548031.PDF	bcsi_packdesign_2008_v1	53	22	3781	0.014	0.006	0.0	0.082		
230223_071936-862315.pdf	bcsi_packdesign_2008_v1	1182	0	7036	0.168	0.0	0.0	9.9		
230323_013950-379650.PDF	bcsi_packdesign_2008_v1	8808	5883	38565	0.228	0.153	0.0	0.0		Y
230323_014027-257421.pdf	bcsi_packdesign_2008_v1	17467	11634	42832	0.408	0.272	0.0	0.0		Y
230323_014725-791023.pdf	bcsi_packdesign_2008_v1	7694	5155	20408	0.377	0.253	0.0	0.0		Y
230323_014826-706237.PDF	bcsi_packdesign_2008_v1	6555	4610	27733	0.236	0.166	0.0	0.0		Y
230323_014900-757623.pdf	bcsi_packdesign_2008_v1	25950	18201	55602	0.467	0.327	0.0	0.0		Y
230323_014901-704171.pdf	bcsi_packdesign_2008_v1	15207	10142	32649	0.466	0.311	0.0	0.0		Y
230323_021459-343859.pdf	bcsi_packdesign_2008_v1	22737	14923	47668	0.477	0.313	0.0	0.0		Y
230323_031036-693898.PDF	bcsi_packdesign_2008_v1	5918	3295	20833	0.284	0.158	0.0	0.0		Y
230323_031044-871236.pdf	bcsi_packdesign_2008_v1	35270	19546	61723	0.571	0.317	0.0	0.0		Y
230323_043012-526386.pdf	bcsi_packdesign_2008_v1	3688	1773	11367	0.324	0.156	0.03	0.079		Y
230323_065859-818642.pdf	bcsi_packdesign_2008_v1	14917	11144	32583	0.458	0.342	0.0	0.0		Y
230323_073412-798314.PDF	bcsi_packdesign_2008_v1	7623	0	20719	0.368	0.0	0.199	9.9		
230323_075108-635246.PDF	bcsi_packdesign_2008_v1	3680	3442	17507	0.21	0.197	0.0	0.0		Y
230323_075114-624617.PDF	bcsi_packdesign_2008_v1	7113	7784	29153	0.244	0.267	0.0	0.0		Y
230523_060613-613082.PDF	bcsi_packdesign_2008_v1	6276	3036	24480	0.256	0.124	0.0	0.0		Y
230523_060621-393555.pdf	bcsi_packdesign_2008_v1	24856	11923	44828	0.554	0.266	0.0	0.0		Y
230523_062925-895282.PDF	bcsi_packdesign_2008_v1	8178	4154	26746	0.306	0.155	0.0	0.0		Y
230523_062929-423744.pdf	bcsi_packdesign_2008_v1	16231	8198	31579	0.514	0.26	0.0	0.0		Y
230523_063708-696868.PDF	bcsi_packdesign_2008_v1	6893	4591	30909	0.223	0.149	0.0	0.0		Y
230523_063717-693360.pdf	bcsi_packdesign_2008_v1	20427	13551	45633	0.448	0.297	0.0	0.0		Y
230523_082648-982316.PDF	bcsi_packdesign_2008_v1	12234	7193	41921	0.292	0.172	0.0	0.0		Y
230523_082651-928167.pdf	bcsi_packdesign_2008_v1	24338	14266	45261	0.538	0.315	0.0	0.0		Y
230623_041713-301213.PDF	bcsi_packdesign_2008_v1	3891	3653	12422	0.313	0.294	0.007	0.005		Y
230623_074228-635282.PDF	bcsi_packdesign_2008_v1	4613	3771	12619	0.366	0.299	0.007	0.005		Y
230623_074236-429171.PDF	bcsi_packdesign_2008_v1	3552	1910	9693	0.366	0.197	0.007	0.005		Y
230623_101228-252897.PDF	bcsi_packdesign_2008_v1	16476	14323	70578	0.233	0.203	0.0	0.0		Y
230623_101920-452811.PDF	bcsi_packdesign_2008_v1	16344	12929	62578	0.261	0.207	0.0	0.0		Y
230822_021725-105622.PDF	bcsi_packdesign_2008_v1	4363	3619	12855	0.339	0.282	0.03	0.079		Y
230823_095359-496170.PDF	bcsi_packdesign_2008_v1	5483	2828	15923	0.344	0.178	0.0	0.0		Y
230823_125742-156012.PDF	bcsi_packdesign_2008_v1	22259	12968	60434	0.368	0.215	0.026	0.006		Y
231122_020453-713057.PDF	bcsi_packdesign_2008_v1	0	1620	6288	0.0	0.258	9.9	0.085		
231122_022111-937327.PDF	bcsi_packdesign_2008_v1	0	1364	4990	0.0	0.273	9.9	0.085		
231122_025002-567288.PDF	bcsi_packdesign_2008_v1	0	3364	12481	0.0	0.27	9.9	0.085		
231122_031058-381280.PDF	bcsi_packdesign_2008_v1	0	2730	10367	0.0	0.263	9.9	0.085		
231122_045254-271845.pdf	bcsi_packdesign_2008_v1	0	1795	7665	0.0	0.234	9.9	0.085		
231122_085416-222260.pdf	bcsi_packdesign_2008_v1	0	3556	10337	0.0	0.344	9.9	0.085		
231122_085906-633537.PDF	bcsi_packdesign_2008_v1	0	3079	12773	0.0	0.241	9.9	0.085		
231122_090352-813780.PDF	bcsi_packdesign_2008_v1	0	1153	5310	0.0	0.217	9.9	0.085		
231222_012302-509020.pdf	bcsi_packdesign_2008_v1	18311	14951	40901	0.448	0.366	0.0	0.0		Y
231222_012309-112084.PDF	bcsi_packdesign_2008_v1	4628	3784	18116	0.255	0.209	0.0	0.0		Y
231222_084753-126579.PDF	bcsi_packdesign_2008_v1	4342	0	16503	0.263	0.0	0.199	9.9		
231222_085531-137867.PDF	bcsi_packdesign_2008_v1	4342	0	16503	0.263	0.0	0.199	9.9		
240123_052539-884360.PDF	bcsi_packdesign_2008_v1	7988	4688	28878	0.277	0.162	0.0	0.0		Y
240123_052544-204153.pdf	bcsi_packdesign_2008_v1	15884	9291	33163	0.479	0.28	0.0	0.0		Y
240223_013022-802282.PDF	bcsi_packdesign_2008_v1	4431	2961	18047	0.246	0.164	0.0	0.0		Y
240223_013025-903490.pdf	bcsi_packdesign_2008_v1	26396	17594	51070	0.517	0.345	0.0	0.0		Y
240323_062918-752223.PDF	bcsi_packdesign_2008_v1	4211	0	13781	0.306	0.0	0.199	9.9		
240323_063126-876335.PDF	bcsi_packdesign_2008_v1	3862	3003	11112	0.348	0.27	0.007	0.005		Y
240323_065152-769751.PDF	bcsi_packdesign_2008_v1	6070	3563	24689	0.246	0.144	0.0	0.0		Y
240323_070204-592782.PDF	bcsi_packdesign_2008_v1	6070	3563	24689	0.246	0.144	0.0	0.0		Y
240323_070352-227367.PDF	bcsi_packdesign_2008_v1	6070	3563	24689	0.246	0.144	0.0	0.0		Y
240323_070741-105348.PDF	bcsi_packdesign_2008_v1	6070	3563	24689	0.246	0.144	0.0	0.0		Y
240323_070952-943552.PDF	bcsi_packdesign_2008_v1	6070	3563	24689	0.246	0.144	0.0	0.0		Y
240323_082959-399915.PDF	bcsi_packdesign_2008_v1	3241	2670	15203	0.213	0.176	0.0	0.0		Y
240323_083727-476865.PDF	bcsi_packdesign_2008_v1	6070	3563	24689	0.246	0.144	0.0	0.0		Y
240323_092843-605011.PDF	bcsi_packdesign_2008_v1	3514	2253	18075	0.194	0.125	0.0	0.0		Y
240323_092848-352086.pdf	bcsi_packdesign_2008_v1	20805	13263	40530	0.513	0.327	0.0	0.0		Y
240323_094141-128352.PDF	bcsi_packdesign_2008_v1	5618	3041	23729	0.237	0.128	0.0	0.0		Y
240423_021016-316613.PDF	bcsi_packdesign_2008_v1	4351	2803	11456	0.38	0.245	0.034	0.081		Y
240423_025230-911151.PDF	bcsi_packdesign_2008_v1	5941	4592	25796	0.23	0.178	0.0	0.0		Y
240423_025235-731137.pdf	bcsi_packdesign_2008_v1	23579	18199	49484	0.476	0.368	0.0	0.0		Y
240523_091409-312656.PDF	bcsi_packdesign_2008_v1	2836	1826	16317	0.174	0.112	0.0	0.0		Y
240523_091413-563534.pdf	bcsi_packdesign_2008_v1	27899	17833	52569	0.531	0.339	0.0	0.0		Y
240622_094242.PDF	bcsi_packdesign_2008_v1	3739	3187	11344	0.33	0.281	0.0	0.0		Y
240622_094304.pdf	bcsi_packdesign_2008_v1	14753	12569	35024	0.421	0.359	0.0	0.0		Y
240723_104409-224845.PDF	bcsi_packdesign_2008_v1	2258	430	11261	0.2	0.038	0.0	0.0		Y
240723_104414-188650.pdf	bcsi_packdesign_2008_v1	26343	4503	36836	0.715	0.122	0.0	0.0		Y
240723_115505-838914.PDF	bcsi_packdesign_2008_v1	5993	3915	26080	0.23	0.15	0.0	0.0		Y
240723_121040-753784.PDF	bcsi_packdesign_2008_v1	9153	4739	32710	0.28	0.145	0.0	0.0		Y
240723_124608-945133.PDF	bcsi_packdesign_2008_v1	13401	10735	45723	0.293	0.235	0.035	0.008		Y
240723_133124-904834.PDF	bcsi_packdesign_2008_v1	6514	3344	24563	0.265	0.136	0.0	0.0		Y
240723_144646-465934.pdf	bcsi_packdesign_2008_v1	11434	8155	26044	0.439	0.313	0.0	0.0		Y
240723_144650-136551.PDF	bcsi_packdesign_2008_v1	11523	8234	41682	0.276	0.198	0.0	0.0		Y
240723_145044-304932.pdf	bcsi_packdesign_2008_v1	14575	8040	30104	0.484	0.267	0.0	0.0		Y
240723_145048-916935.PDF	bcsi_packdesign_2008_v1	7374	4097	28916	0.255	0.142	0.0	0.0		Y
240723_152255-186492.pdf	bcsi_packdesign_2008_v1	9304	9986	35962	0.259	0.278	0.02	0.004		Y
240723_172516-459527.PDF	bcsi_packdesign_2008_v1	7072	3354	28465	0.248	0.118	0.0	0.0		Y
240723_172525-118710.pdf	bcsi_packdesign_2008_v1	14012	6590	27708	0.506	0.238	0.0	0.0		Y
240723_173254-883512.PDF	bcsi_packdesign_2008_v1	6779	3873	24814	0.273	0.156	0.0	0.0		Y
240723_173259-819756.pdf	bcsi_packdesign_2008_v1	13420	7623	28179	0.476	0.271	0.0	0.0		Y
240723_173643-937152.PDF	bcsi_packdesign_2008_v1	9428	2557	20334	0.464	0.126	0.0	0.0		Y
240723_173649-779330.pdf	bcsi_packdesign_2008_v1	37463	10007	53324	0.703	0.188	0.0	0.0		Y
240823_100812-815279.PDF	bcsi_packdesign_2008_v1	9925	4181	39548	0.251	0.106	0.0	0.0		Y
240823_100835-201513.pdf	bcsi_packdesign_2008_v1	19679	8211	36382	0.541	0.226	0.0	0.0		Y
240823_101348-595367.pdf	bcsi_packdesign_2008_v1	16690	3826	27576	0.605	0.139	0.0	0.0		Y
240823_101357-707919.PDF	bcsi_packdesign_2008_v1	4235	1012	15501	0.273	0.065	0.0	0.0		Y
241022_031656-288569.PDF	bcsi_packdesign_2008_v1	1491	1334	5918	0.252	0.225	0.0	0.0		Y
241022_031702-945471.pdf	bcsi_packdesign_2008_v1	28958	25887	63107	0.459	0.41	0.0	0.0		Y
241022_031821-329526.PDF	bcsi_packdesign_2008_v1	1890	1360	6600	0.286	0.206	0.0	0.0		Y
241022_031825-745613.pdf	bcsi_packdesign_2008_v1	27846	19938	55043	0.506	0.362	0.0	0.0		Y
241022_031901-972983.PDF	bcsi_packdesign_2008_v1	2396	1846	8523	0.281	0.217	0.0	0.0		Y
241022_031905-591859.pdf	bcsi_packdesign_2008_v1	23423	17962	48487	0.483	0.37	0.0	0.0		Y
241022_032003-412146.PDF	bcsi_packdesign_2008_v1	6200	5017	24174	0.256	0.208	0.0	0.0		Y
241022_032012-573176.pdf	bcsi_packdesign_2008_v1	24478	19774	51342	0.477	0.385	0.0	0.0		Y
241022_032042-999635.PDF	bcsi_packdesign_2008_v1	4496	3425	16963	0.265	0.202	0.0	0.0		Y
241022_032051-764085.pdf	bcsi_packdesign_2008_v1	33257	25261	66036	0.504	0.383	0.0	0.0		Y
241022_055714-799630.PDF	bcsi_packdesign_2008_v1	5016	3565	17902	0.28	0.199	0.0	0.0		Y
241022_060812-391882.pdf	bcsi_packdesign_2008_v1	24251	15790	51892	0.467	0.304	0.0	0.0		Y
241022_060904-576867.PDF	bcsi_packdesign_2008_v1	6124	4004	23054	0.266	0.174	0.0	0.0		Y
241122_003157-593293.PDF	bcsi_packdesign_2008_v1	0	3411	12927	0.0	0.264	9.9	0.085		
241122_044144-301368.PDF	bcsi_packdesign_2008_v1	0	2642	10418	0.0	0.254	9.9	0.085		
241122_045327-151177.PDF	bcsi_packdesign_2008_v1	0	3023	11333	0.0	0.267	9.9	0.085		
241122_083615-868491.PDF	bcsi_packdesign_2008_v1	0	4304	13966	0.0	0.308	9.9	0.085		
250123_074559-181093.PDF	bcsi_packdesign_2008_v1	5287	2246	15880	0.333	0.141	0.0	0.0		Y
250423_092438-312957.PDF	bcsi_packdesign_2008_v1	3444	2811	14873	0.232	0.189	0.0	0.0		Y
250423_100325-874059.pdf	bcsi_packdesign_2008_v1	2122	0	6587	0.322	0.0	0.199	9.9		
250523_060945-679027.PDF	bcsi_packdesign_2008_v1	2076	1615	11979	0.173	0.135	0.0	0.0		Y
250523_061030-146971.pdf	bcsi_packdesign_2008_v1	24469	18977	49941	0.49	0.38	0.0	0.0		Y
250523_071231-642724.PDF	bcsi_packdesign_2008_v1	1811	938	11421	0.159	0.082	0.0	0.0		Y
250523_071235-751381.pdf	bcsi_packdesign_2008_v1	26610	13560	46024	0.578	0.295	0.0	0.0		Y
250523_071304-211063.PDF	bcsi_packdesign_2008_v1	4577	3038	22058	0.208	0.138	0.0	0.0		Y
250523_071309-353794.pdf	bcsi_packdesign_2008_v1	27186	17973	57332	0.474	0.313	0.0	0.0		Y
250523_080328-719781.PDF	bcsi_packdesign_2008_v1	5611	3606	25341	0.221	0.142	0.0	0.0		Y
250523_080332-375329.pdf	bcsi_packdesign_2008_v1	22259	14253	47783	0.466	0.298	0.0	0.0		Y
250622_071856.PDF	bcsi_packdesign_2008_v1	6498	4627	24905	0.261	0.186	0.0	0.0		Y
250723_095612-927263.PDF	bcsi_packdesign_2008_v1	2965	2245	9075	0.327	0.247	0.026	0.006		Y
250822_020926-412986.PDF	bcsi_packdesign_2008_v1	4111	2283	11114	0.37	0.205	0.0	0.0		Y
250823_092602-559866.pdf	bcsi_packdesign_2008_v1	31194	15113	54040	0.577	0.28	0.0	0.0		Y
250823_092607-737349.PDF	bcsi_packdesign_2008_v1	7864	3836	26620	0.295	0.144	0.0	0.0		Y
250823_141905-615038.PDF	bcsi_packdesign_2008_v1	2564	1829	7471	0.343	0.245	0.199	0.085		Y
250823_162438-301130.PDF	bcsi_packdesign_2008_v1	6937	3315	26125	0.266	0.127	0.0	0.0		Y
250823_172440-428779.PDF	bcsi_packdesign_2008_v1	6572	3213	25618	0.257	0.125	0.0	0.0		Y
251022_063533-807948.PDF	bcsi_packdesign_2008_v1	3435	2796	11062	0.31	0.253	0.182	0.089		Y
251022_072006-966064.PDF	bcsi_packdesign_2008_v1	4169	3186	14595	0.286	0.218	0.0	0.0		Y
251022_072012-816092.pdf	bcsi_packdesign_2008_v1	24594	18727	50143	0.49	0.373	0.0	0.0		Y
251022_072307-318924.PDF	bcsi_packdesign_2008_v1	4169	3186	14595	0.286	0.218	0.0	0.0		Y
251022_072314-958650.pdf	bcsi_packdesign_2008_v1	24594	18727	50143	0.49	0.373	0.0	0.0		Y
251022_085801-323193.PDF	bcsi_packdesign_2008_v1	5731	3892	16789	0.341	0.232	0.182	0.089		Y
251022_093158-703716.PDF	bcsi_packdesign_2008_v1	5631	3716	18276	0.308	0.203	0.0	0.0		Y
251022_093201-103128.pdf	bcsi_packdesign_2008_v1	22239	14598	46006	0.483	0.317	0.0	0.0		Y
251122_012002-636689.pdf	bcsi_packdesign_2008_v1	31337	23415	61849	0.507	0.379	0.0	0.0		Y
251122_012006-996966.PDF	bcsi_packdesign_2008_v1	2662	1998	9516	0.28	0.21	0.0	0.0		Y
251122_012027-515482.pdf	bcsi_packdesign_2008_v1	31301	20529	58910	0.531	0.348	0.0	0.0		Y
251122_012031-411881.PDF	bcsi_packdesign_2008_v1	2139	1417	7636	0.28	0.186	0.0	0.0		Y
251122_012056-782942.pdf	bcsi_packdesign_2008_v1	39675	38348	85148	0.466	0.45	0.0	0.0		Y
251122_012102-473138.PDF	bcsi_packdesign_2008_v1	2693	2601	8186	0.329	0.318	0.0	0.0		Y
251122_070316-336647.PDF	bcsi_packdesign_2008_v1	5617	3902	17748	0.316	0.22	0.0	0.0		Y
251122_070320-962528.pdf	bcsi_packdesign_2008_v1	22175	15338	45321	0.489	0.338	0.0	0.0		Y
251122_071329-772221.PDF	bcsi_packdesign_2008_v1	6464	3918	19436	0.333	0.202	0.0	0.0		Y
251122_071354-423736.pdf	bcsi_packdesign_2008_v1	19120	11503	37770	0.506	0.305	0.0	0.0		Y
251122_073221-271754.PDF	bcsi_packdesign_2008_v1	1834	1229	6755	0.271	0.182	0.0	0.0		Y
251122_073246-707114.pdf	bcsi_packdesign_2008_v1	27017	17986	51665	0.523	0.348	0.0	0.0		Y
260123_004627-458420.PDF	bcsi_packdesign_2008_v1	5071	3464	20923	0.242	0.166	0.0	0.0		Y
260123_012041-679062.PDF	bcsi_packdesign_2008_v1	5246	3470	22052	0.238	0.157	0.0	0.0		Y
260123_013553-691294.PDF	bcsi_packdesign_2008_v1	7434	3352	28057	0.265	0.119	0.0	0.0		Y
260123_013557-318686.pdf	bcsi_packdesign_2008_v1	14776	6620	27985	0.528	0.237	0.0	0.0		Y
260123_021605-328211.pdf	bcsi_packdesign_2008_v1	4088	2604	15005	0.272	0.174	0.0	0.0		Y
260123_021625-818760.pdf	bcsi_packdesign_2008_v1	20196	12803	41633	0.485	0.308	0.0	0.0		Y
260123_025726-153426.PDF	bcsi_packdesign_2008_v1	5595	4412	20248	0.276	0.218	0.03	0.07		Y
260123_045533-368117.PDF	bcsi_packdesign_2008_v1	5595	4412	20248	0.276	0.218	0.03	0.07		Y
260123_055252-443442.PDF	bcsi_packdesign_2008_v1	13787	6598	40330	0.342	0.164	0.0	0.0		Y
260123_064625-167336.PDF	bcsi_packdesign_2008_v1	2512	1976	12594	0.199	0.157	0.0	0.0		Y
260123_064628-949573.pdf	bcsi_packdesign_2008_v1	37261	29249	74128	0.503	0.395	0.0	0.0		Y
260123_072441-375684.PDF	bcsi_packdesign_2008_v1	3926	2637	17564	0.224	0.15	0.0	0.0		Y
260123_072445-222562.pdf	bcsi_packdesign_2008_v1	23348	15633	49295	0.474	0.317	0.0	0.0		Y
260423_071015-444136.PDF	bcsi_packdesign_2008_v1	11476	8069	48682	0.236	0.166	0.0	0.0		Y
260423_071026-542182.pdf	bcsi_packdesign_2008_v1	11357	7964	28541	0.398	0.279	0.0	0.0		Y
260423_072439-698312.PDF	bcsi_packdesign_2008_v1	8733	6306	31281	0.279	0.202	0.0	0.0		Y
260423_072446-313587.pdf	bcsi_packdesign_2008_v1	17316	12480	36350	0.476	0.343	0.0	0.0		Y
260423_074229-416293.pdf	bcsi_packdesign_2008_v1	1890	1661	6247	0.302	0.266	0.03	0.079		Y
260423_075159-918827.PDF	bcsi_packdesign_2008_v1	6322	4590	17851	0.354	0.257	0.02	0.004		Y
260523_060225-529594.PDF	bcsi_packdesign_2008_v1	2810	2303	8473	0.332	0.272	0.007	0.005		Y
260523_095412-735943.PDF	bcsi_packdesign_2008_v1	5393	4494	15197	0.355	0.296	0.007	0.005		Y
260523_095424-805736.PDF	bcsi_packdesign_2008_v1	5183	0	14360	0.361	0.0	0.199	9.9		
260623_014725-497313.PDF	bcsi_packdesign_2008_v1	4039	2834	17272	0.234	0.164	0.0	0.0		Y
260623_014741-984025.pdf	bcsi_packdesign_2008_v1	15906	11113	35047	0.454	0.317	0.0	0.0		Y
260623_015044-602425.pdf	bcsi_packdesign_2008_v1	15906	11113	35047	0.454	0.317	0.0	0.0		Y
260623_015107-474855.PDF	bcsi_packdesign_2008_v1	4039	2834	17272	0.234	0.164	0.0	0.0		Y
260623_015411-996490.pdf	bcsi_packdesign_2008_v1	21964	4244	33569	0.654	0.126	0.0	0.0		Y
260623_015421-285270.PDF	bcsi_packdesign_2008_v1	3723	763	15544	0.24	0.049	0.0	0.0		Y
260623_015813-423196.pdf	bcsi_packdesign_2008_v1	21964	4244	33569	0.654	0.126	0.0	0.0		Y
260623_015824-189610.PDF	bcsi_packdesign_2008_v1	3723	763	15544	0.24	0.049	0.0	0.0		Y
260623_020806-334546.PDF	bcsi_packdesign_2008_v1	6655	3783	26396	0.252	0.143	0.0	0.0		Y
260623_020817-749661.pdf	bcsi_packdesign_2008_v1	19756	11165	38020	0.52	0.294	0.0	0.0		Y
260623_062452-991840.PDF	bcsi_packdesign_2008_v1	7988	5094	36686	0.218	0.139	0.0	0.0		Y
260723_111131-531014.PDF	bcsi_packdesign_2008_v1	6025	4393	16598	0.363	0.265	0.026	0.006		Y
260723_111252-539110.PDF	bcsi_packdesign_2008_v1	6976	4614	17974	0.388	0.257	0.026	0.006		Y
260723_162749-144239.PDF	bcsi_packdesign_2008_v1	6959	5195	34470	0.202	0.151	0.0	0.0		Y
260723_162753-451458.pdf	bcsi_packdesign_2008_v1	13750	10242	37204	0.37	0.275	0.0	0.0		Y
260723_173642-532091.PDF	bcsi_packdesign_2008_v1	6235	4775	29031	0.215	0.164	0.0	0.0		Y
260723_173648-337159.pdf	bcsi_packdesign_2008_v1	18496	14139	46382	0.399	0.305	0.0	0.0		Y
260723_180036-206135.PDF	bcsi_packdesign_2008_v1	4278	2946	17049	0.251	0.173	0.0	0.0		Y
260723_180311-986043.pdf	bcsi_packdesign_2008_v1	33966	23327	64446	0.527	0.362	0.0	0.0		Y
260822_030713-212562.PDF	bcsi_packdesign_2008_v1	1830	2114	6724	0.272	0.314	0.03	0.079		Y
260822_043455-703961.PDF	bcsi_packdesign_2008_v1	21908	17206	50540	0.433	0.34	0.15	0.07		Y
260822_062920-566986.PDF	bcsi_packdesign_2008_v1	23746	13850	62911	0.377	0.22	0.0	0.0		Y
260922_025100-601621.PDF	bcsi_packdesign_2008_v1	3907	3260	13978	0.28	0.233	0.0	0.0		Y
260922_025104-106335.pdf	bcsi_packdesign_2008_v1	23051	19193	49002	0.47	0.392	0.0	0.0		Y
260922_093616-452719.pdf	bcsi_packdesign_2008_v1	31280	22242	60436	0.518	0.368	0.0	0.0		Y
260922_093619-913335.pdf	bcsi_packdesign_2008_v1	3979	2845	12816	0.311	0.222	0.0	0.0		Y
260922_094503-887960.pdf	bcsi_packdesign_2008_v1	31280	22242	60436	0.518	0.368	0.0	0.0		Y
260922_094507-308293.pdf	bcsi_packdesign_2008_v1	3979	2845	12816	0.311	0.222	0.0	0.0		Y
260922_094556-424311.pdf	bcsi_packdesign_2008_v1	31280	22242	60436	0.518	0.368	0.0	0.0		Y
260922_094600-316347.pdf	bcsi_packdesign_2008_v1	3979	2845	12816	0.311	0.222	0.0	0.0		Y
260922_095255-593595.pdf	bcsi_packdesign_2008_v1	6352	4987	18649	0.341	0.267	0.03	0.079		Y
260922_095546-257421.pdf	bcsi_packdesign_2008_v1	6352	4987	18649	0.341	0.267	0.03	0.079		Y
260922_095707-853212.pdf	bcsi_packdesign_2008_v1	27973	17527	56291	0.497	0.311	0.0	0.0		Y
261022_012958-685133.pdf	bcsi_packdesign_2008_v1	27088	23071	56884	0.476	0.406	0.0	0.0		Y
261022_013019-172592.PDF	bcsi_packdesign_2008_v1	2755	2350	10406	0.265	0.226	0.0	0.0		Y
261022_043556-107751.PDF	bcsi_packdesign_2008_v1	2623	1989	11562	0.227	0.172	0.0	0.0		Y
261022_081124-563114.PDF	bcsi_packdesign_2008_v1	14516	8617	44640	0.325	0.193	0.0	0.0		Y
261022_081130-585788.pdf	bcsi_packdesign_2008_v1	14516	8617	29089	0.499	0.296	0.0	0.0		Y
261122_024748-813817.PDF	bcsi_packdesign_2008_v1	6242	3066	20978	0.298	0.146	0.0	0.0		Y
261122_024753-562665.pdf	bcsi_packdesign_2008_v1	24687	11982	64158	0.385	0.187	0.0	0.0		Y
261222_090221-762523.pdf	bcsi_packdesign_2008_v1	11318	9256	26950	0.42	0.343	0.0	0.0		Y
261222_090231-225951.PDF	bcsi_packdesign_2008_v1	11408	9340	32076	0.356	0.291	0.0	0.0		Y
270123_061811-968832.PDF	bcsi_packdesign_2008_v1	4697	3197	20234	0.232	0.158	0.0	0.0		Y
270123_061814-196968.pdf	bcsi_packdesign_2008_v1	18653	12665	40227	0.464	0.315	0.0	0.0		Y
270223_011059-826877.PDF	bcsi_packdesign_2008_v1	7539	4739	19473	0.387	0.243	0.03	0.079		Y
270323_012234-289163.PDF	bcsi_packdesign_2008_v1	2181	0	7635	0.286	0.0	0.199	9.9		
270323_032142-653810.PDF	bcsi_packdesign_2008_v1	6572	4614	27566	0.238	0.167	0.0	0.0		Y
270323_032149-342928.pdf	bcsi_packdesign_2008_v1	19498	13649	40421	0.482	0.338	0.0	0.0		Y
270323_034841-679657.pdf	bcsi_packdesign_2008_v1	19948	12484	38602	0.517	0.323	0.0	0.0		Y
270323_034845-437398.PDF	bcsi_packdesign_2008_v1	10038	6301	37995	0.264	0.166	0.0	0.0		Y
270323_062717-601675.PDF	bcsi_packdesign_2008_v1	6927	5395	32505	0.213	0.166	0.0	0.0		Y
270323_062721-378480.pdf	bcsi_packdesign_2008_v1	13723	10669	30664	0.448	0.348	0.0	0.0		Y
270423_043156-611529.PDF	bcsi_packdesign_2008_v1	2626	1469	9619	0.273	0.153	0.03	0.079		Y
270423_084255-559747.PDF	bcsi_packdesign_2008_v1	6230	4663	28463	0.219	0.164	0.0	0.0		Y
270423_084306-745969.pdf	bcsi_packdesign_2008_v1	18535	13846	42569	0.435	0.325	0.0	0.0		Y
270423_090627-317187.pdf	bcsi_packdesign_2008_v1	18733	12448	38961	0.481	0.319	0.0	0.0		Y
270423_090630-315597.PDF	bcsi_packdesign_2008_v1	6311	4208	24191	0.261	0.174	0.0	0.0		Y
270423_091310-384487.PDF	bcsi_packdesign_2008_v1	43	838	9908	0.004	0.085	0.0	0.0		
270423_091314-237815.pdf	bcsi_packdesign_2008_v1	0	4792	12470	0.0	0.384	0.0	0.0		
270423_093129-572729.PDF	bcsi_packdesign_2008_v1	7279	3460	27786	0.262	0.125	0.0	0.0		Y
270423_093156-604764.pdf	bcsi_packdesign_2008_v1	14419	6797	28387	0.508	0.239	0.0	0.0		Y
270423_093653-725615.PDF	bcsi_packdesign_2008_v1	6776	3924	25244	0.268	0.155	0.0	0.0		Y
270423_093659-607587.pdf	bcsi_packdesign_2008_v1	13409	7721	28233	0.475	0.273	0.0	0.0		Y
270423_094131-912256.PDF	bcsi_packdesign_2008_v1	10306	2720	19540	0.527	0.139	0.0	0.0		Y
270423_094141-509595.pdf	bcsi_packdesign_2008_v1	41046	10721	57621	0.712	0.186	0.0	0.0		Y
270523_070601-936184.pdf	bcsi_packdesign_2008_v1	13126	8331	28256	0.465	0.295	0.0	0.0		Y
270523_070604-279164.PDF	bcsi_packdesign_2008_v1	13188	8389	47294	0.279	0.177	0.0	0.0		Y
270523_073059-807628.pdf	bcsi_packdesign_2008_v1	9469	8911	24604	0.385	0.362	0.0	0.0		Y
270523_073103-526295.PDF	bcsi_packdesign_2008_v1	9550	8986	44873	0.213	0.2	0.0	0.0		Y
270523_073808-498180.pdf	bcsi_packdesign_2008_v1	22398	16891	49504	0.452	0.341	0.0	0.0		Y
270523_073811-474161.PDF	bcsi_packdesign_2008_v1	7512	5673	30806	0.244	0.184	0.0	0.0		Y
270523_075743-383892.pdf	bcsi_packdesign_2008_v1	11440	7695	26264	0.436	0.293	0.0	0.0		Y
270523_075747-573743.PDF	bcsi_packdesign_2008_v1	17461	11029	70642	0.247	0.156	0.0	0.0		Y
270622_084916.pdf	bcsi_packdesign_2008_v1	21215	13645	42198	0.503	0.323	0.0	0.0		Y
270623_012526-456382.PDF	bcsi_packdesign_2008_v1	11345	6150	38978	0.291	0.158	0.0	0.0		Y
270623_012530-165142.pdf	bcsi_packdesign_2008_v1	22557	12177	43507	0.518	0.28	0.0	0.0		Y
270623_021438-869871.PDF	bcsi_packdesign_2008_v1	9752	6928	37319	0.261	0.186	0.0	0.0		Y
270623_021454-182171.pdf	bcsi_packdesign_2008_v1	19387	13747	40360	0.48	0.341	0.0	0.0		Y
270722_093052.pdf	bcsi_packdesign_2008_v1	16017	11023	35172	0.455	0.313	0.0	0.0		Y
270722_093056.pdf	bcsi_packdesign_2008_v1	5405	3736	17760	0.304	0.21	0.0	0.0		Y
270722_094436.pdf	bcsi_packdesign_2008_v1	5338	3810	17910	0.298	0.213	0.0	0.0		Y
270722_094442.pdf	bcsi_packdesign_2008_v1	15831	11261	35448	0.447	0.318	0.0	0.0		Y
270722_094623.pdf	bcsi_packdesign_2008_v1	5602	3987	18408	0.304	0.217	0.0	0.0		Y
270722_094631.pdf	bcsi_packdesign_2008_v1	16597	11769	36658	0.453	0.321	0.0	0.0		Y
270723_161921-733694.PDF	bcsi_packdesign_2008_v1	6933	3603	27572	0.251	0.131	0.0	0.0		Y
270723_161926-957388.pdf	bcsi_packdesign_2008_v1	13719	7076	27521	0.498	0.257	0.0	0.0		Y
270723_162409-922165.PDF	bcsi_packdesign_2008_v1	6669	3650	23300	0.286	0.157	0.0	0.0		Y
270723_162412-285116.pdf	bcsi_packdesign_2008_v1	13214	7189	27258	0.485	0.264	0.0	0.0		Y
270723_164342-219461.PDF	bcsi_packdesign_2008_v1	3834	3043	10926	0.351	0.278	0.026	0.006		Y
270922_092700-282383.pdf	bcsi_packdesign_2008_v1	13270	9682	35997	0.369	0.269	0.0	0.0		Y
271022_012828-439354.pdf	bcsi_packdesign_2008_v1	2623	1989	11562	0.227	0.172	0.0	0.0		Y
271022_012835-716237.pdf	bcsi_packdesign_2008_v1	51421	38862	94733	0.543	0.41	0.0	0.0		Y
271022_013939-142887.pdf	bcsi_packdesign_2008_v1	20661	12456	41820	0.494	0.298	0.0	0.0		Y
271022_013948-318714.pdf	bcsi_packdesign_2008_v1	6984	4242	22125	0.316	0.192	0.0	0.0		Y
271022_021123-478931.PDF	bcsi_packdesign_2008_v1	5229	4050	16062	0.326	0.252	0.182	0.089		Y
271022_021938-924413.PDF	bcsi_packdesign_2008_v1	6731	3101	23392	0.288	0.133	0.0	0.0		Y
271022_021943-133555.pdf	bcsi_packdesign_2008_v1	19976	9104	36430	0.548	0.25	0.0	0.0		Y
271022_023055-816540.PDF	bcsi_packdesign_2008_v1	6313	3669	20869	0.302	0.176	0.0	0.0		Y
271022_023108-758217.pdf	bcsi_packdesign_2008_v1	18735	10821	37234	0.503	0.291	0.0	0.0		Y
271022_024406-107724.pdf	bcsi_packdesign_2008_v1	22246	9858	37958	0.586	0.26	0.0	0.0		Y
271022_024413-955919.PDF	bcsi_packdesign_2008_v1	5607	2507	12643	0.443	0.198	0.0	0.0		Y
271022_075541-507220.pdf	bcsi_packdesign_2008_v1	18752	9082	33688	0.557	0.27	0.0	0.0		Y
271022_075544-697654.PDF	bcsi_packdesign_2008_v1	4756	2334	12687	0.375	0.184	0.0	0.0		Y
271022_094853-609597.PDF	bcsi_packdesign_2008_v1	5595	4412	20248	0.276	0.218	0.03	0.07		Y
280123_004855-271754.PDF	bcsi_packdesign_2008_v1	1490	1584	8883	0.168	0.178	0.0	0.0		Y
280123_004904-707114.pdf	bcsi_packdesign_2008_v1	26388	28114	60356	0.437	0.466	0.0	0.0		Y
280123_004933-997779.PDF	bcsi_packdesign_2008_v1	5775	3943	23094	0.25	0.171	0.0	0.0		Y
280123_004936-861684.pdf	bcsi_packdesign_2008_v1	11477	7819	25905	0.443	0.302	0.0	0.0		Y
280223_062718-923426.PDF	bcsi_packdesign_2008_v1	3846	2654	18560	0.207	0.143	0.0	0.0		Y
280223_062724-898288.pdf	bcsi_packdesign_2008_v1	22702	15591	49287	0.461	0.316	0.0	0.0		Y
280223_071536-679145.pdf	bcsi_packdesign_2008_v1	20940	14762	44937	0.466	0.328	0.0	0.0		Y
280223_071544-689482.PDF	bcsi_packdesign_2008_v1	5297	3746	22903	0.231	0.164	0.0	0.0		Y
280223_073546-142384.pdf	bcsi_packdesign_2008_v1	22113	10791	45409	0.487	0.238	0.0	0.0		Y
280223_073558-183314.PDF	bcsi_packdesign_2008_v1	7471	3686	32954	0.227	0.112	0.0	0.0		Y
280223_073957-374132.PDF	bcsi_packdesign_2008_v1	4403	2989	19915	0.221	0.15	0.0	0.0		Y
280223_074005-619953.pdf	bcsi_packdesign_2008_v1	21702	14668	46123	0.471	0.318	0.0	0.0		Y
280223_074704-752075.PDF	bcsi_packdesign_2008_v1	3378	0	8347	0.405	0.0	0.199	9.9		
280223_075609-468630.pdf	bcsi_packdesign_2008_v1	13154	6984	26478	0.497	0.264	0.0	0.0		Y
280223_075630-926514.PDF	bcsi_packdesign_2008_v1	13273	7089	44796	0.296	0.158	0.0	0.0		Y
280223_075737-776844.PDF	bcsi_packdesign_2008_v1	4235	892	16479	0.257	0.054	0.0	0.0		Y
280223_075745-662156.pdf	bcsi_packdesign_2008_v1	12480	2477	21757	0.574	0.114	0.0	0.0		Y
280223_075922-377878.PDF	bcsi_packdesign_2008_v1	13763	7495	43898	0.314	0.171	0.0	0.0		Y
280223_075948-472242.pdf	bcsi_packdesign_2008_v1	13648	7394	27664	0.493	0.267	0.0	0.0		Y
280223_080043-752158.PDF	bcsi_packdesign_2008_v1	4403	936	18044	0.244	0.052	0.0	0.0		Y
280223_080051-608189.pdf	bcsi_packdesign_2008_v1	12939	2568	22307	0.58	0.115	0.0	0.0		Y
280223_080233-702043.PDF	bcsi_packdesign_2008_v1	7320	3856	31084	0.235	0.124	0.0	0.0		Y
280223_080304-382660.pdf	bcsi_packdesign_2008_v1	14410	7508	28449	0.507	0.264	0.0	0.0		Y
280223_080510-564949.PDF	bcsi_packdesign_2008_v1	4308	1833	20289	0.212	0.09	0.0	0.0		Y
280223_080518-104452.pdf	bcsi_packdesign_2008_v1	8437	3506	18470	0.457	0.19	0.0	0.0		Y
280223_080631-445479.PDF	bcsi_packdesign_2008_v1	7777	4158	31605	0.246	0.132	0.0	0.0		Y
280223_080638-489652.pdf	bcsi_packdesign_2008_v1	15354	8138	30023	0.511	0.271	0.0	0.0		Y
280223_080737-994453.PDF	bcsi_packdesign_2008_v1	4756	2135	21545	0.221	0.099	0.0	0.0		Y
280223_080746-335359.pdf	bcsi_packdesign_2008_v1	9332	4112	19972	0.467	0.206	0.0	0.0		Y
280223_081857-355422.pdf	bcsi_packdesign_2008_v1	13410	11035	30812	0.435	0.358	0.0	0.0		Y
280223_081907-472718.PDF	bcsi_packdesign_2008_v1	4516	3721	21867	0.207	0.17	0.0	0.0		Y
280323_053833-877952.PDF	bcsi_packdesign_2008_v1	6749	3950	28424	0.237	0.139	0.0	0.0		Y
280323_053840-533681.pdf	bcsi_packdesign_2008_v1	26813	15630	54894	0.488	0.285	0.0	0.0		Y
280323_061126-551853.PDF	bcsi_packdesign_2008_v1	5385	4127	24114	0.223	0.171	0.0	0.0		Y
280323_061140-872616.pdf	bcsi_packdesign_2008_v1	21271	16270	45394	0.469	0.358	0.0	0.0		Y
280323_080057-308742.PDF	bcsi_packdesign_2008_v1	4903	4389	23048	0.213	0.19	0.0	0.0		Y
280323_080100-695224.pdf	bcsi_packdesign_2008_v1	9715	8692	59313	0.164	0.147	0.0	0.0		Y
280323_081940-516442.pdf	bcsi_packdesign_2008_v1	19554	14801	41120	0.476	0.36	0.0	0.0		Y
280323_081948-236435.PDF	bcsi_packdesign_2008_v1	3292	2498	15859	0.208	0.157	0.0	0.0		Y
280423_062847-998410.pdf	bcsi_packdesign_2008_v1	21092	14901	52525	0.402	0.284	0.0	0.0		Y
280423_062854-835369.PDF	bcsi_packdesign_2008_v1	5335	3780	25053	0.213	0.151	0.0	0.0		Y
280423_082955-754287.PDF	bcsi_packdesign_2008_v1	2626	1469	9619	0.273	0.153	0.03	0.079		Y
280622_092908.PDF	bcsi_packdesign_2008_v1	2877	1566	8113	0.355	0.193	0.0	0.0		Y
280622_092914.pdf	bcsi_packdesign_2008_v1	17067	9229	32904	0.519	0.28	0.0	0.0		Y
280623_123211-666267.pdf	bcsi_packdesign_2008_v1	21869	16434	46025	0.475	0.357	0.0	0.0		Y
280623_123215-182747.PDF	bcsi_packdesign_2008_v1	5513	4151	24162	0.228	0.172	0.0	0.0		Y
280823_101230-462636.PDF	bcsi_packdesign_2008_v1	11055	6204	38878	0.284	0.16	0.0	0.0		Y
280823_101239-463559.pdf	bcsi_packdesign_2008_v1	10969	6128	23658	0.464	0.259	0.0	0.0		Y
280823_145410-858976.pdf	bcsi_packdesign_2008_v1	22006	18187	48611	0.453	0.374	0.0	0.0		Y
280823_145419-713751.PDF	bcsi_packdesign_2008_v1	3714	3074	18528	0.2	0.166	0.0	0.0		Y
280922_015352-108472.pdf	bcsi_packdesign_2008_v1	25377	20185	56495	0.449	0.357	0.0	0.0		Y
280922_070016-933999.PDF	bcsi_packdesign_2008_v1	9781	6920	35393	0.276	0.196	0.0	0.0		Y
280922_070230-269522.PDF	bcsi_packdesign_2008_v1	8641	6659	31913	0.271	0.209	0.0	0.0		Y
280922_091358-236581.pdf	bcsi_packdesign_2008_v1	4010	2908	12179	0.329	0.239	0.03	0.079		Y
280922_091604-461613.pdf	bcsi_packdesign_2008_v1	4010	2908	12179	0.329	0.239	0.03	0.079		Y
280922_091700-527521.pdf	bcsi_packdesign_2008_v1	4010	2908	12179	0.329	0.239	0.03	0.079		Y
280922_091919-259824.pdf	bcsi_packdesign_2008_v1	3712	2795	11248	0.33	0.248	0.182	0.089		Y
280922_092038-421880.pdf	bcsi_packdesign_2008_v1	3712	2795	11248	0.33	0.248	0.182	0.089		Y
280922_092146-471823.pdf	bcsi_packdesign_2008_v1	3712	2795	11248	0.33	0.248	0.182	0.089		Y
281022_032837-732370.PDF	bcsi_packdesign_2008_v1	3070	0	10975	0.28	0.0	0.01	9.9		
281022_062623-692674.pdf	bcsi_packdesign_2008_v1	17868	9723	33445	0.534	0.291	0.0	0.0		Y
281022_062628-566868.PDF	bcsi_packdesign_2008_v1	4538	2497	13149	0.345	0.19	0.0	0.0		Y
281022_062704-485247.pdf	bcsi_packdesign_2008_v1	22141	11217	39212	0.565	0.286	0.0	0.0		Y
281022_062712-614470.PDF	bcsi_packdesign_2008_v1	3741	1916	10695	0.35	0.179	0.0	0.0		Y
281022_081229-479744.PDF	bcsi_packdesign_2008_v1	6647	4687	21954	0.303	0.213	0.0	0.0		Y
281022_081246-837534.pdf	bcsi_packdesign_2008_v1	26388	18564	51921	0.508	0.358	0.0	0.0		Y
281122_021156-675034.pdf	bcsi_packdesign_2008_v1	23934	16829	62280	0.384	0.27	0.0	0.0		Y
281122_021202-461046.PDF	bcsi_packdesign_2008_v1	6037	4256	25833	0.234	0.165	0.0	0.0		Y
281122_021751-443651.pdf	bcsi_packdesign_2008_v1	23934	16829	62280	0.384	0.27	0.0	0.0		Y
281122_021822-345057.PDF	bcsi_packdesign_2008_v1	6037	4256	25833	0.234	0.165	0.0	0.0		Y
281122_082948-544138.pdf	bcsi_packdesign_2008_v1	0	2551	10059	0.0	0.254	9.9	0.085		
281122_084142-635731.pdf	bcsi_packdesign_2008_v1	37857	27401	75802	0.499	0.361	0.0	0.0		Y
281122_084202-496710.PDF	bcsi_packdesign_2008_v1	4796	3485	14988	0.32	0.232	0.0	0.0		Y
281222_021444-916066.PDF	bcsi_packdesign_2008_v1	2611	1774	9062	0.288	0.196	0.0	0.0		Y
281222_021454-821414.pdf	bcsi_packdesign_2008_v1	20540	13874	41019	0.501	0.338	0.0	0.0		Y
281222_030925-612543.PDF	bcsi_packdesign_2008_v1	6417	3327	18043	0.356	0.184	0.0	0.0		Y
281222_030937-325926.pdf	bcsi_packdesign_2008_v1	38045	19536	64292	0.592	0.304	0.0	0.0		Y
290323_040329-944447.PDF	bcsi_packdesign_2008_v1	5103	2627	23023	0.222	0.114	0.0	0.0		Y
290323_040334-575159.pdf	bcsi_packdesign_2008_v1	20163	10288	42092	0.479	0.244	0.0	0.0		Y
290323_041415-731593.PDF	bcsi_packdesign_2008_v1	4810	2929	19169	0.251	0.153	0.0	0.0		Y
290323_041419-735431.pdf	bcsi_packdesign_2008_v1	18990	11496	38212	0.497	0.301	0.0	0.0		Y
290323_042334-909667.PDF	bcsi_packdesign_2008_v1	48	899	7500	0.006	0.12	0.0	0.0		
290323_042338-588274.pdf	bcsi_packdesign_2008_v1	0	6849	14713	0.0	0.465	0.0	0.0		
290323_060422-864417.PDF	bcsi_packdesign_2008_v1	8733	5137	23039	0.379	0.223	0.034	0.081		Y
290323_060825-334217.PDF	bcsi_packdesign_2008_v1	8733	5137	23039	0.379	0.223	0.034	0.081		Y
290323_065214-842288.PDF	bcsi_packdesign_2008_v1	8733	5137	23039	0.379	0.223	0.034	0.081		Y
290323_065653-165745.PDF	bcsi_packdesign_2008_v1	8733	5137	23039	0.379	0.223	0.034	0.081		Y
290323_070114-832912.pdf	bcsi_packdesign_2008_v1	21567	10827	44671	0.483	0.242	0.0	0.0		Y
290323_070119-229377.PDF	bcsi_packdesign_2008_v1	5452	54	23850	0.229	0.002	0.036	0.079		
290323_071649-928980.pdf	bcsi_packdesign_2008_v1	20192	12111	40011	0.505	0.303	0.0	0.0		Y
290323_071653-156193.PDF	bcsi_packdesign_2008_v1	5110	3083	19624	0.26	0.157	0.0	0.0		Y
290323_074244-505483.PDF	bcsi_packdesign_2008_v1	48	880	7290	0.007	0.121	0.0	0.0		
290323_074248-597132.pdf	bcsi_packdesign_2008_v1	0	6705	14220	0.0	0.471	0.0	0.0		
290323_094118-607377.PDF	bcsi_packdesign_2008_v1	2929	1368	6768	0.433	0.202	0.03	0.079		Y
290423_020934-415453.PDF	bcsi_packdesign_2008_v1	6186	2577	23013	0.269	0.112	0.0	0.0		Y
290423_020954-899010.pdf	bcsi_packdesign_2008_v1	23851	10984	42687	0.559	0.257	0.0	0.0		Y
290423_021138-529265.PDF	bcsi_packdesign_2008_v1	5864	3025	21353	0.275	0.142	0.0	0.0		Y
290423_023004-896963.PDF	bcsi_packdesign_2008_v1	8887	3591	33436	0.266	0.107	0.0	0.0		Y
290423_023007-569353.pdf	bcsi_packdesign_2008_v1	17634	7059	32604	0.541	0.217	0.0	0.0		Y
290423_023759-225559.pdf	bcsi_packdesign_2008_v1	16320	7156	30688	0.532	0.233	0.0	0.0		Y
290423_023803-377823.PDF	bcsi_packdesign_2008_v1	5502	2440	22657	0.243	0.108	0.0	0.0		Y
290423_025139-812310.PDF	bcsi_packdesign_2008_v1	6996	3090	28452	0.246	0.109	0.0	0.0		Y
290423_025143-894871.pdf	bcsi_packdesign_2008_v1	13855	6059	30117	0.46	0.201	0.0	0.0		Y
290523_015752-152986.pdf	bcsi_packdesign_2008_v1	3767	63	16364	0.23	0.004	0.199	0.085		
290523_071956-105832.PDF	bcsi_packdesign_2008_v1	6323	4673	18103	0.349	0.258	0.007	0.005		Y
290622_020034.PDF	bcsi_packdesign_2008_v1	2661	2333	10797	0.246	0.216	0.0	0.0		Y
290622_020037.pdf	bcsi_packdesign_2008_v1	31441	27605	66618	0.472	0.414	0.0	0.0		Y
290623_175125-724829.PDF	bcsi_packdesign_2008_v1	6514	3344	24563	0.265	0.136	0.0	0.0		Y
290623_175135-361757.pdf	bcsi_packdesign_2008_v1	38809	19808	65405	0.593	0.303	0.0	0.0		Y
290623_175422-925197.PDF	bcsi_packdesign_2008_v1	6179	3107	22346	0.277	0.139	0.0	0.0		Y
290623_175509-687527.pdf	bcsi_packdesign_2008_v1	18398	9194	33895	0.543	0.271	0.0	0.0		Y
290722_090006.PDF	bcsi_packdesign_2008_v1	4977	3616	17154	0.29	0.211	0.03	0.079		Y
290722_094001.PDF	bcsi_packdesign_2008_v1	4354	3263	14334	0.304	0.228	0.03	0.079		Y
290822_034642-376982.PDF	bcsi_packdesign_2008_v1	7842	4751	24121	0.325	0.197	0.0	0.0		Y
290822_034753-605093.PDF	bcsi_packdesign_2008_v1	7842	4751	24121	0.325	0.197	0.0	0.0		Y
290822_072145-336080.PDF	bcsi_packdesign_2008_v1	23746	13850	62911	0.377	0.22	0.0	0.0		Y
290823_113923-258745.pdf	bcsi_packdesign_2008_v1	31542	21426	60544	0.521	0.354	0.0	0.0		Y
290823_113927-353256.PDF	bcsi_packdesign_2008_v1	5319	3626	22520	0.236	0.161	0.0	0.0		Y
290823_115622-985615.PDF	bcsi_packdesign_2008_v1	4330	2122	18522	0.234	0.115	0.0	0.0		Y
290823_115627-592160.pdf	bcsi_packdesign_2008_v1	17106	8290	31877	0.537	0.26	0.0	0.0		Y
290823_181052-716181.PDF	bcsi_packdesign_2008_v1	9390	6355	42845	0.219	0.148	0.0	0.0		Y
290922_013419-166038.PDF	bcsi_packdesign_2008_v1	6412	4495	17919	0.358	0.251	0.182	0.089		Y
290922_013911-206639.PDF	bcsi_packdesign_2008_v1	4804	2766	12110	0.397	0.228	0.182	0.089		Y
290922_040653-245412.PDF	bcsi_packdesign_2008_v1	5233	6121	19084	0.274	0.321	0.182	0.089		Y
290922_090828-362122.PDF	bcsi_packdesign_2008_v1	2038	0	8095	0.252	0.0	0.199	9.9		
291022_093047-965442.PDF	bcsi_packdesign_2008_v1	3012	2310	8843	0.341	0.261	0.182	0.089		Y
300123_003642-818796.PDF	bcsi_packdesign_2008_v1	6153	3960	19835	0.31	0.2	0.0	0.0		Y
300123_003648-343230.pdf	bcsi_packdesign_2008_v1	24249	15506	49339	0.491	0.314	0.0	0.0		Y
300123_005943-455241.PDF	bcsi_packdesign_2008_v1	0	3717	20690	0.0	0.18	9.9	0.085		
300123_015604-248444.pdf	bcsi_packdesign_2008_v1	16936	10908	37731	0.449	0.289	0.0	0.0		Y
300123_015610-467194.PDF	bcsi_packdesign_2008_v1	8522	5504	35140	0.243	0.157	0.0	0.0		Y
300123_072758-363713.PDF	bcsi_packdesign_2008_v1	5513	3447	14380	0.383	0.24	0.03	0.079		Y
300323_012516-692127.PDF	bcsi_packdesign_2008_v1	12360	8903	34725	0.356	0.256	0.034	0.081		Y
300323_033423-178139.PDF	bcsi_packdesign_2008_v1	31325	19673	80893	0.387	0.243	0.02	0.004		Y
300323_061930-678879.PDF	bcsi_packdesign_2008_v1	5452	3779	21940	0.249	0.172	0.0	0.0		Y
300523_060509-779239.PDF	bcsi_packdesign_2008_v1	4147	3252	16748	0.248	0.194	0.0	0.0		Y
300523_065221-363172.pdf	bcsi_packdesign_2008_v1	4999	3428	13706	0.365	0.25	0.03	0.079		Y
300622_073347.PDF	bcsi_packdesign_2008_v1	3659	0	13015	0.281	0.0	0.03	9.9		
300622_073351.pdf	bcsi_packdesign_2008_v1	28483	0	59440	0.479	0.0	0.199	9.9		
300622_073356.pdf	bcsi_packdesign_2008_v1	32044	0	66506	0.482	0.0	0.199	9.9		
300622_073509.PDF	bcsi_packdesign_2008_v1	3999	0	14400	0.278	0.0	0.03	9.9		
300622_073515.pdf	bcsi_packdesign_2008_v1	23252	0	49325	0.471	0.0	0.199	9.9		
300622_073519.pdf	bcsi_packdesign_2008_v1	23252	0	49325	0.471	0.0	0.199	9.9		
300622_073650.PDF	bcsi_packdesign_2008_v1	3999	0	14400	0.278	0.0	0.03	9.9		
300622_073659.pdf	bcsi_packdesign_2008_v1	23252	0	49325	0.471	0.0	0.199	9.9		
300622_073704.pdf	bcsi_packdesign_2008_v1	23252	0	49325	0.471	0.0	0.199	9.9		
300623_095450-369441.PDF	bcsi_packdesign_2008_v1	5183	3676	22800	0.227	0.161	0.0	0.0		Y
300623_095453-466866.pdf	bcsi_packdesign_2008_v1	20549	14533	41583	0.494	0.349	0.0	0.0		Y
300623_112904-274961.pdf	bcsi_packdesign_2008_v1	19635	16486	42826	0.458	0.385	0.0	0.0		Y
300623_112937-165919.PDF	bcsi_packdesign_2008_v1	3319	2790	18393	0.18	0.152	0.0	0.0		Y
300623_150458-296230.PDF	bcsi_packdesign_2008_v1	4021	4649	20550	0.196	0.226	0.0	0.0		Y
300623_150503-901682.pdf	bcsi_packdesign_2008_v1	23848	27639	58613	0.407	0.472	0.0	0.0		Y
300623_164226-927263.PDF	bcsi_packdesign_2008_v1	4546	3056	18424	0.247	0.166	0.0	0.0		Y
300623_171029-816659.PDF	bcsi_packdesign_2008_v1	1879	1448	5699	0.33	0.254	0.007	0.005		Y
300623_172451-696841.PDF	bcsi_packdesign_2008_v1	16842	9520	58361	0.289	0.163	0.0	0.0		Y
300623_172500-739927.pdf	bcsi_packdesign_2008_v1	16778	9462	33580	0.5	0.282	0.0	0.0		Y
300623_173826-688486.PDF	bcsi_packdesign_2008_v1	16842	9520	58361	0.289	0.163	0.0	0.0		Y
300623_173832-753364.pdf	bcsi_packdesign_2008_v1	16778	9462	33580	0.5	0.282	0.0	0.0		Y
300623_174852-422749.PDF	bcsi_packdesign_2008_v1	2172	1882	6881	0.316	0.273	0.007	0.005		Y
300722_030326.pdf	bcsi_packdesign_2008_v1	12552	7369	28322	0.443	0.26	0.0	0.0		Y
300822_024447-656661.PDF	bcsi_packdesign_2008_v1	6075	0	9842	0.617	0.0	0.199	9.9		
300822_024506-518178.pdf	bcsi_packdesign_2008_v1	45625	0	52221	0.874	0.0	0.0	9.9		
300822_025241-582034.pdf	bcsi_packdesign_2008_v1	45625	0	52221	0.874	0.0	0.0	9.9		
300822_032501-516295.PDF	bcsi_packdesign_2008_v1	3887	2638	12412	0.313	0.213	0.03	0.079		Y
300822_033620-153580.pdf	bcsi_packdesign_2008_v1	3550	1795	10436	0.34	0.172	0.0	0.0		Y
300822_092535-413653.PDF	bcsi_packdesign_2008_v1	3374	3127	10945	0.308	0.286	0.03	0.079		Y
300823_150020-309528.PDF	bcsi_packdesign_2008_v1	4637	2815	15716	0.295	0.179	0.0	0.0		Y
300823_150025-931954.pdf	bcsi_packdesign_2008_v1	18549	11260	35708	0.519	0.315	0.0	0.0		Y
300823_181248-293763.PDF	bcsi_packdesign_2008_v1	8399	6139	24341	0.345	0.252	0.026	0.006		Y
300922_072742-409292.PDF	bcsi_packdesign_2008_v1	6058	0	16781	0.361	0.0	0.199	9.9		
300922_093053-754680.PDF	bcsi_packdesign_2008_v1	1981	1143	5629	0.352	0.203	0.182	0.089		Y
301122_004146-462417.pdf	bcsi_packdesign_2008_v1	35959	9559	51530	0.698	0.186	0.0	0.0		Y
301122_004208-315780.PDF	bcsi_packdesign_2008_v1	2623	733	9216	0.285	0.08	0.0	0.0		Y
301122_061838-256827.pdf	bcsi_packdesign_2008_v1	15107	10015	32497	0.465	0.308	0.0	0.0		Y
301122_061842-937445.PDF	bcsi_packdesign_2008_v1	7624	5072	26869	0.284	0.189	0.0	0.0		Y
310123_082258-176011.PDF	bcsi_packdesign_2008_v1	2658	2086	13050	0.204	0.16	0.035	0.07		Y
310323_025017-954237.PDF	bcsi_packdesign_2008_v1	7137	3277	26453	0.27	0.124	0.0	0.0		Y
310323_030257-513263.PDF	bcsi_packdesign_2008_v1	6656	4105	28022	0.238	0.146	0.0	0.0		Y
310323_030301-197543.pdf	bcsi_packdesign_2008_v1	13151	8068	27873	0.472	0.289	0.0	0.0		Y
310323_090632-618875.PDF	bcsi_packdesign_2008_v1	17112	8848	44664	0.383	0.198	0.03	0.079		Y
310523_015736-599626.pdf	bcsi_packdesign_2008_v1	24804	13403	44327	0.56	0.302	0.0	0.0		Y
310523_065140-952262.PDF	bcsi_packdesign_2008_v1	2482	1966	13615	0.182	0.144	0.0	0.0		Y
310523_065144-803425.pdf	bcsi_packdesign_2008_v1	29353	23187	59734	0.491	0.388	0.0	0.0		Y
310523_070259-595486.PDF	bcsi_packdesign_2008_v1	5681	3690	15406	0.369	0.24	0.007	0.005		Y
310523_084407-839690.pdf	bcsi_packdesign_2008_v1	19174	14326	40254	0.476	0.356	0.0	0.0		Y
310523_084420-966758.PDF	bcsi_packdesign_2008_v1	9646	7218	34816	0.277	0.207	0.0	0.0		Y
310523_084740-182327.PDF	bcsi_packdesign_2008_v1	9646	7218	34816	0.277	0.207	0.0	0.0		Y
310523_084749-448567.pdf	bcsi_packdesign_2008_v1	19174	14326	40254	0.476	0.356	0.0	0.0		Y
310523_092419-254543.PDF	bcsi_packdesign_2008_v1	9164	6966	34363	0.267	0.203	0.0	0.0		Y
310523_092426-452152.pdf	bcsi_packdesign_2008_v1	18199	13811	38764	0.469	0.356	0.0	0.0		Y
310523_092955-198348.PDF	bcsi_packdesign_2008_v1	9907	8171	36309	0.273	0.225	0.0	0.0		Y
310523_093003-665582.pdf	bcsi_packdesign_2008_v1	9848	8116	24267	0.406	0.334	0.0	0.0		Y
310523_093553-866427.PDF	bcsi_packdesign_2008_v1	19963	13159	66225	0.301	0.199	0.007	0.005		Y
310723_092252-869277.PDF	bcsi_packdesign_2008_v1	6055	4721	29839	0.203	0.158	0.0	0.0		Y
310723_092312-554885.pdf	bcsi_packdesign_2008_v1	12008	9347	28573	0.42	0.327	0.0	0.0		Y
310723_155902-116279.PDF	bcsi_packdesign_2008_v1	1872	1418	5653	0.331	0.251	0.026	0.006		Y
310822_010607-399915.pdf	bcsi_packdesign_2008_v1	24636	15784	46926	0.525	0.336	0.15	0.07		Y
310822_034610-994956.PDF	bcsi_packdesign_2008_v1	4346	2770	11352	0.383	0.244	0.013	0.079		Y
310823_121351-992050.PDF	bcsi_packdesign_2008_v1	5137	3312	13771	0.373	0.241	0.026	0.006		Y
310823_145933-762459.PDF	bcsi_packdesign_2008_v1	1811	1520	6579	0.275	0.231	0.026	0.006		Y
311022_031742-142384.pdf	bcsi_packdesign_2008_v1	3186	3625	10845	0.294	0.334	0.0	0.0		Y
311022_071709-624552.PDF	bcsi_packdesign_2008_v1	4843	3463	16339	0.296	0.212	0.0	0.0		Y
311022_071735-428778.pdf	bcsi_packdesign_2008_v1	19010	13518	40901	0.465	0.331	0.0	0.0		Y
311022_073113-379441.PDF	bcsi_packdesign_2008_v1	4834	3438	16494	0.293	0.208	0.0	0.0		Y
311022_073147-769815.pdf	bcsi_packdesign_2008_v1	18976	13416	41644	0.456	0.322	0.0	0.0		Y
311022_095244-487733.PDF	bcsi_packdesign_2008_v1	3197	2811	12170	0.263	0.231	0.0	0.0		Y
311022_095521-631921.pdf	bcsi_packdesign_2008_v1	18859	16566	42192	0.447	0.393	0.0	0.0		Y
BOX KHUN DAO BIG_120422_145127.PDF	bcsi_packdesign_2008_v1	7301	7293	25215	0.29	0.289	0.03	0.079		Y
BOX KHUN DAO SMALL_120422_145101.PDF	bcsi_packdesign_2008_v1	6020	5326	20330	0.296	0.262	0.03	0.079		Y
E22030350 กล่องเบเกอรี่ HARIO CAFE_120422_11	bcsi_packdesign_2008_v1	6256	4197	21224	0.295	0.198	0.0	0.0		Y
E22030350 กล่องเบเกอรี่ HARIO CAFE_120422_11	bcsi_packdesign_2008_v1	6256	4197	21224	0.295	0.198	0.0	0.0		Y
F007173 กล่องเมล็ดทานตะวัน ตรา ชาช่า Rev.1_1	bcsi_packdesign_2008_v1	5595	4412	20248	0.276	0.218	0.03	0.07		Y
F007743 กล่องยาองค์การฯ 33X121X33MM._100522_	bcsi_packdesign_2008_v1	2198	1881	7751	0.284	0.243	0.032	0.07		Y
F008962 องค์การเภสัชกรรม JE21110604 34215270	bcsi_packdesign_2008_v1	30730	20202	55232	0.556	0.366	0.199	0.202		Y
F008962 องค์การเภสัชกรรม JE21110604 34215270	bcsi_packdesign_2008_v1	46096	30303	81391	0.566	0.372	0.199	0.202		Y
F008962 องค์การเภสัชกรรม JE21110604 34215270	bcsi_packdesign_2008_v1	3975	2650	11931	0.333	0.222	0.03	0.202		Y
F009697 TRAY REV.1_070422_165933.PDF	bcsi_packdesign_2008_v1	14333	0	45107	0.318	0.0	0.199	9.9		
F009698 COVER REV.1_070422_170743.PDF	bcsi_packdesign_2008_v1	6439	0	26047	0.247	0.0	0.199	9.9		
F009699 PARTITION REV.1_070422_170748.PDF	bcsi_packdesign_2008_v1	6116	0	17988	0.34	0.0	0.199	9.9		
F009728 กล่องรังนกโบกิ_120422_120340.PDF	bcsi_packdesign_2008_v1	5469	3359	16651	0.328	0.202	0.0	0.0		Y
F009744 4223521 SIDEGRA (SIDENAFIL) TABLETS 	bcsi_packdesign_2008_v1	1987	1651	8655	0.23	0.191	0.0	0.0		Y
F009744 4223521 SIDEGRA (SIDENAFIL) TABLETS 	bcsi_packdesign_2008_v1	2033	1697	8816	0.231	0.192	0.0	0.0		Y
F009744 4223521 SIDEGRA (SIDENAFIL) TABLETS 	bcsi_packdesign_2008_v1	2033	1697	8816	0.231	0.192	0.0	0.0		Y
F009775 กล่องใส่สบู่ 3 ก้อน (KING POWER)_270	bcsi_packdesign_2008_v1	13635	11646	39608	0.344	0.294	0.0	0.0		Y
F009780 รังนกเพิร์ล (ไส้ใน)_250422_182424.PD	bcsi_packdesign_2008_v1	7193	0	11345	0.634	0.0	0.0	9.9		
F009780 รังนกเพิร์ล_250422_182429.PDF	bcsi_packdesign_2008_v1	8674	5132	26019	0.333	0.197	0.0	0.0		Y
F009798 PIZZA PAN (TOM YUM SEAFOOD) 220 G La	bcsi_packdesign_2008_v1	20384	0	44393	0.459	0.0	0.199	9.9		
F009798 PIZZA PAN (TOM YUM SEAFOOD) 220 G_27	bcsi_packdesign_2008_v1	5275	171	17937	0.294	0.01	0.03	0.079		
F009799 PIZZA (HAWAIIAN) 135 G_270422_151238	bcsi_packdesign_2008_v1	4450	3882	15134	0.294	0.256	0.03	0.079		Y
F009800 PIZZA SEAFOOD 135 G lay_270422_15283	bcsi_packdesign_2008_v1	25974	22331	53656	0.484	0.416	0.199	0.079		Y
F009800 PIZZA SEAFOOD 135 G_270422_152827.PD	bcsi_packdesign_2008_v1	4487	3872	15178	0.296	0.255	0.03	0.079		Y
F009801 CHEESE STICK Lay_270422_160654.pdf	bcsi_packdesign_2008_v1	26394	23174	54642	0.483	0.424	0.199	0.079		Y
F009801 CHEESE STICK_270422_160701.PDF	bcsi_packdesign_2008_v1	4578	4034	15138	0.302	0.266	0.03	0.079		Y
F009802 CABIN SNACK BOX Lay_270422_163630.pd	bcsi_packdesign_2008_v1	29223	24479	90135	0.324	0.272	0.199	0.079		Y
F009802 CABIN SNACK BOX_270422_163635.PDF	bcsi_packdesign_2008_v1	3752	3151	16394	0.229	0.192	0.03	0.079		Y
F009855 MELON BOX (L)_100522_162321.PDF	bcsi_packdesign_2008_v1	13443	10026	39290	0.342	0.255	0.03	0.079		Y
F009862 กล่องบรรจุเมล่อน (วาสนาฟาร์ม Size s 	bcsi_packdesign_2008_v1	22264	13959	43217	0.515	0.323	0.199	0.079		Y
F009862 กล่องบรรจุเมล่อน (วาสนาฟาร์ม Size s 	bcsi_packdesign_2008_v1	11311	7151	32268	0.351	0.222	0.03	0.079		Y
F009867 TMAIRAI BRAND BOX X 10 TRAY_120522_1	bcsi_packdesign_2008_v1	7132	9840	36998	0.193	0.266	0.054	0.084		Y
F009868 TMAIRAI BRAND BOX X 10 COVER_120522_	bcsi_packdesign_2008_v1	7177	9976	37296	0.192	0.267	0.063	0.088		Y
F009870 TMAIRAI BRAND BOX X 10 CUSHION_12052	bcsi_packdesign_2008_v1	8691	10320	25186	0.345	0.41	0.063	0.088		Y
F009874  กล่องกระดาษทิชชู Lay_200522_093345.	bcsi_packdesign_2008_v1	15836	12996	37417	0.423	0.347	0.0	0.0		Y
F009874  กล่องกระดาษทิชชู_200522_093351.PDF	bcsi_packdesign_2008_v1	4022	3304	13978	0.288	0.236	0.0	0.0		Y
F009878 CARGURU LEATHER WAX Lay_120522_15150	bcsi_packdesign_2008_v1	30623	23698	59544	0.514	0.398	0.199	0.079		Y
F009878 CARGURU LEATHER WAX_120522_151511.PD	bcsi_packdesign_2008_v1	3544	2767	12074	0.294	0.229	0.03	0.079		Y
F009879 HORSEY CAR CARE Lay_120522_145058.pd	bcsi_packdesign_2008_v1	23833	0	48259	0.494	0.0	0.199	9.9		
F009879 HORSEY CAR CARE Lay_120522_145851.pd	bcsi_packdesign_2008_v1	23833	0	48259	0.494	0.0	0.199	9.9		
F009879 HORSEY CAR CARE_120522_145102.PDF	bcsi_packdesign_2008_v1	4101	3707	14381	0.285	0.258	0.03	0.079		Y
F009879 HORSEY CAR CARE_120522_145854.PDF	bcsi_packdesign_2008_v1	4101	3707	14381	0.285	0.258	0.03	0.079		Y
F009884 กล่อง OAT FIBER SPAGHETTI_240522_112	bcsi_packdesign_2008_v1	3792	3525	13012	0.291	0.271	0.0	0.0		Y
F009885 กล่องยาน้ำ 15 ML_130522_173507.PDF	bcsi_packdesign_2008_v1	2537	1938	9442	0.269	0.205	0.0	0.0		Y
F009885 กล่องยาน้ำ 15 ML_130522_173523.PDF	bcsi_packdesign_2008_v1	2537	1938	9442	0.269	0.205	0.0	0.0		Y
F009886 กล่องยาน้ำ 30 ML_130522_173550.PDF	bcsi_packdesign_2008_v1	2365	1852	9352	0.253	0.198	0.0	0.0		Y
F009886 กล่องยาน้ำ 30 ML_130522_173603.PDF	bcsi_packdesign_2008_v1	2365	1852	9352	0.253	0.198	0.0	0.0		Y
F009887 กล่องยาน้ำ 60 ML_130522_173619.PDF	bcsi_packdesign_2008_v1	2880	2204	11010	0.262	0.2	0.0	0.0		Y
F009887 กล่องยาน้ำ 60 ML_130522_173635.PDF	bcsi_packdesign_2008_v1	2880	2204	11010	0.262	0.2	0.0	0.0		Y
F009894 CHICKEN WRAP_170522_170843.PDF	bcsi_packdesign_2008_v1	4263	4895	15917	0.268	0.308	0.03	0.079		Y
F009903 - CARTON ZENDA 1000 (25x2 TABLETS)_2	bcsi_packdesign_2008_v1	6241	3878	17097	0.365	0.227	0.034	0.081		Y
F009904 - CARTON BENDA 500_200522_144622.PDF	bcsi_packdesign_2008_v1	5812	3898	17887	0.325	0.218	0.034	0.081		Y
F009905 - CARTON PATBLU FEVER AND PAIN MEDIC	bcsi_packdesign_2008_v1	8005	5056	21681	0.369	0.233	0.034	0.081		Y
F009906 - BOX BENDA 500_200522_144605.PDF	bcsi_packdesign_2008_v1	1999	1775	7345	0.272	0.242	0.034	0.081		Y
F009907 - Carton Annylyn 21S & 28S_200522_14	bcsi_packdesign_2008_v1	6850	4036	20242	0.338	0.199	0.034	0.081		Y
F009929 กล่อง  FETTUCCINE REV.1_280522_16172	bcsi_packdesign_2008_v1	4181	3193	12950	0.323	0.247	0.0	0.0		Y
INNER BOX_070422_110425.PDF	bcsi_packdesign_2008_v1	5914	4831	20377	0.29	0.237	0.0	0.0		Y
LAY BOX KHUN DAO SMALL_120422_145109.PDF	bcsi_packdesign_2008_v1	23617	20860	51956	0.455	0.401	0.199	0.079		Y
LAY E22030350 กล่องเบเกอรี่ HARIO CAFE_12042	bcsi_packdesign_2008_v1	0	0	5999	0.0	0.0	9.9	9.9		
LAY E22030350 กล่องเบเกอรี่ HARIO CAFE_12042	bcsi_packdesign_2008_v1	0	0	5999	0.0	0.0	9.9	9.9		
LAY F007883 องค์การเภสัชฯ AUTO LOCK 35 X 190	bcsi_packdesign_2008_v1	22610	20914	47814	0.473	0.437	0.0	0.0		Y
LAY F009596 กล่องหูหิ้ว REV.5_130522_154923.	bcsi_packdesign_2008_v1	17206	16649	40118	0.429	0.415	0.0	0.0		Y
LAY F009596 กล่องหูหิ้ว REV.5_170522_103425.	bcsi_packdesign_2008_v1	17206	16649	40118	0.429	0.415	0.0	0.0		Y
LAY F009728 กล่องรังนกโบกิ_120422_120345.pdf	bcsi_packdesign_2008_v1	21603	13199	41006	0.527	0.322	0.0	0.0		Y
LAY F009744 4223521 SIDEGRA (SIDENAFIL) TABL	bcsi_packdesign_2008_v1	23363	19423	50991	0.458	0.381	0.0	0.0		Y
LAY F009744 4223521 SIDEGRA (SIDENAFIL) TABL	bcsi_packdesign_2008_v1	23907	19970	52110	0.459	0.383	0.0	0.0		Y
LAY F009744 4223521 SIDEGRA (SIDENAFIL) TABL	bcsi_packdesign_2008_v1	23907	19970	52110	0.459	0.383	0.0	0.0		Y
LAY F009780 รังนกเพิร์ล (ไส้ใน)_250422_18243	bcsi_packdesign_2008_v1	14263	0	20117	0.709	0.0	0.0	9.9		
LAY F009780 รังนกเพิร์ล_250422_182438.pdf	bcsi_packdesign_2008_v1	17168	10097	33545	0.512	0.301	0.0	0.0		Y
LAY F009884 กล่อง OAT FIBER SPAGHETTI_240522	bcsi_packdesign_2008_v1	22480	20934	50281	0.447	0.416	0.0	0.0		Y
LAY F009929 กล่อง  FETTUCCINE REV.1_280522_1	bcsi_packdesign_2008_v1	33054	25193	65331	0.506	0.386	0.0	0.0		Y
LAY INNER BOX_070422_110436.pdf	bcsi_packdesign_2008_v1	11828	9661	29026	0.407	0.333	0.0	0.0		Y
LAY RFQ22040015 กล่อง SPA ME BODY CREAM_2504	bcsi_packdesign_2008_v1	23841	18076	48672	0.49	0.371	0.0	0.0		Y
LAY กล่อง TRD GOLD_270422_100403.pdf	bcsi_packdesign_2008_v1	29570	28956	65540	0.451	0.442	0.0	0.0		Y
LAy ยากันยุง SIZE 137 X137 X93MM_200522_1519	bcsi_packdesign_2008_v1	20787	13114	39998	0.52	0.328	0.0	0.0		Y
LAY แบบที่ 1 F007743 กล่องยาองค์การฯ 33X121X	bcsi_packdesign_2008_v1	68533	58589	132291	0.518	0.443	0.15	0.07		Y
RFQ22030517 กล่องสบู่_300322_102051.PDF	bcsi_packdesign_2008_v1	2834	2000	9785	0.29	0.204	0.0	0.0		Y
RFQ22040014NATURAL ENRICHED MOISTURIZING HAN	bcsi_packdesign_2008_v1	5335	3631	14608	0.365	0.249	0.0	0.0		Y
กล่อง TRD GOLD_270422_100357.PDF	bcsi_packdesign_2008_v1	3331	3254	11269	0.296	0.289	0.0	0.0		Y
