file	producer_bucket	has_struct_layer	separable_cut_crease	n_struct_layers
010223_002840-955771.pdf	bcsi_packdesign			0
010223_002853-335897.PDF	bcsi_packdesign			0
010223_013414-363949.pdf	adobe	Y	Y	1
010223_021037-143435.pdf	office_print			0
010223_021059-233347.pdf	adobe	Y	Y	1
010223_023416-513747.PDF	bcsi_packdesign			0
010223_023418-893126.pdf	bcsi_packdesign			0
010223_023715-466591.pdf	cairo			0
010223_032739-453742.pdf	other			0
010223_032754-879844.pdf	cairo			0
010223_054056-194665.pdf	office_print			0
010223_055208-106847.pdf	adobe			0
010223_055221-137420.PDF	adobe			0
010223_055342-232176.pdf	adobe	Y	Y	1
010223_061138-476144.pdf	adobe			0
010223_061142-709690.PDF	adobe			0
010223_061146-693661.pdf	adobe	Y	Y	1
010223_063203-775647.pdf	adobe			0
010223_063207-677499.PDF	bcsi_packdesign			0
010223_063211-261727.pdf	adobe	Y	Y	1
010223_064522-702035.pdf	cairo			0
010223_070422-119157.pdf	cairo			0
010223_071246-142440.pdf	cairo			0
010223_071329-889669.pdf	cairo			0
010223_071951-767593.pdf	adobe			0
010223_071954-598273.pdf	adobe			0
010223_072616-469890.pdf	adobe	Y	Y	1
010223_072758-102351.pdf	adobe			0
010223_075730-905199.pdf	cairo			0
010223_075756-873968.pdf	cairo			0
010223_075850-529055.pdf	cairo			0
010223_080316-708038.pdf	cairo			0
010223_080812-422539.pdf	cairo			0
010223_110009-381371.pdf	cairo			0
010323_003352-766662.PDF	adobe			0
010323_004623-692638.PDF	bcsi_packdesign			0
010323_004631-838823.pdf	bcsi_packdesign			0
010323_004944-276167.PDF	bcsi_packdesign			0
010323_005003-507549.pdf	bcsi_packdesign			0
010323_005805-548424.pdf	bcsi_packdesign			0
010323_015244-294640.pdf	bcsi_packdesign			0
010323_032618-315863.pdf	cairo			0
010323_032652-554859.pdf	adobe			0
010323_050552-382778.pdf	adobe			0
010323_050555-128863.pdf	adobe	Y	Y	1
010323_050607-191842.pdf	other			0
010323_060050-667318.pdf	other			0
010323_060329-457643.pdf	other			0
010323_060344-788224.pdf	other			0
010323_060935-258718.pdf	adobe	Y	Y	1
010323_064727-943543.pdf	cairo			0
010323_064834-995413.PDF	bcsi_packdesign			0
010323_083008-559117.pdf	other			0
010423_063641-762944.pdf	other			0
010423_090530-896215.PDF	bcsi_packdesign			0
010423_090536-285956.pdf	bcsi_packdesign			0
010622_011617.pdf	office_print			0
010622_012031.pdf	office_print			0
010622_012039.pdf	office_print			0
010622_012315.pdf	other			0
010622_013055.pdf	adobe			0
010623_005047-747586.pdf	cairo			0
010623_012939-109012.pdf	office_print			0
010623_013001-874416.pdf	adobe			0
010623_015708-691587.PDF	adobe			0
010623_015712-432511.pdf	bcsi_packdesign			0
010623_015715-882917.pdf	other			0
010623_015910-182198.PDF	adobe			0
010623_023837-265683.pdf	office_print			0
010623_024248-843541.pdf	other			0
010623_024521-622333.pdf	office_print			0
010623_024547-476235.PDF	adobe			0
010623_032317-935078.pdf	bcsi_packdesign			0
010623_032326-715194.PDF	bcsi_packdesign			0
010623_033021-839728.pdf	bcsi_packdesign			0
010623_033028-915582.PDF	bcsi_packdesign			0
010623_035227-144934.pdf	adobe	Y	Y	1
010623_035239-865943.pdf	adobe	Y	Y	1
010623_040226-433798.pdf	other			0
010623_040230-333943.pdf	other			0
010623_040242-409977.pdf	adobe	Y	Y	1
010623_040250-519082.pdf	cairo			0
010623_042448-547189.PDF	adobe			0
010623_042842-681862.pdf	adobe	Y	Y	1
010623_063619-854417.pdf	adobe	Y	Y	1
010623_063821-107331.pdf	adobe	Y	Y	1
010623_071612-656031.pdf	cairo			0
010623_072047-364552.pdf	adobe			0
010623_072435-686211.pdf	adobe	Y	Y	1
010623_092902-511288.pdf	adobe			0
010623_095411-617322.PDF	adobe			0
010623_095417-247091.PDF	adobe			0
010623_103801-786569.pdf	office_print			0
010623_103810-539621.pdf	office_print			0
010722_031409.pdf	other			0
010722_031423.pdf	cairo			0
010722_060924.pdf	other			0
010722_061552.pdf	adobe			0
010722_061557.pdf	adobe			0
010723_154404-781681.pdf	adobe			0
010723_164156-778160.pdf	office_print			0
010723_170816-625064.pdf	adobe			0
010723_170821-437791.PDF	bcsi_packdesign			0
010723_170858-635574.pdf	other			0
010723_171354-562098.pdf	adobe			0
010723_171359-826330.PDF	bcsi_packdesign			0
010723_171828-898344.pdf	other			0
010723_181103-481766.pdf	cairo			0
010723_181110-144331.pdf	cairo			0
010823_094212-965735.pdf	cairo			0
010823_123029-891956.pdf	cairo			0
010823_172310-965232.pdf	other			0
010823_172316-233374.PDF	bcsi_packdesign			0
010823_172323-606180.pdf	bcsi_packdesign			0
010922_014527-452545.pdf	adobe			0
010922_015332-536687.pdf	bcsi_packdesign			0
010922_015343-434521.PDF	bcsi_packdesign			0
010922_021937-593896.PDF	bcsi_packdesign			0
010922_032810-816121.PDF	bcsi_packdesign			0
010922_032823-325779.pdf	bcsi_packdesign			0
010922_063942-386378.pdf	bcsi_packdesign			0
010922_064032-574674.PDF	bcsi_packdesign			0
010922_064110-872918.pdf	office_print			0
010922_071406-205743.pdf	adobe	Y	Y	1
010922_071413-461220.pdf	adobe	Y	Y	1
010922_071855-415033.PDF	other			0
010922_071915-919932.PDF	other			0
010922_100034-714227.pdf	office_print			0
010922_100102-217423.pdf	adobe	Y	Y	1
010922_100117-964299.pdf	office_print			0
010923_115802-692939.pdf	other			0
010923_120022-992946.pdf	adobe			0
010923_123211-677464.pdf	other			0
010923_130436-387521.pdf	office_print			0
010923_140340-656871.pdf	cairo			0
010923_150926-324848.pdf	bcsi_packdesign			0
010923_151006-737350.pdf	bcsi_packdesign			0
010923_162451-298231.PDF	bcsi_packdesign			0
010923_162524-223649.pdf	adobe			0
010923_162741-544348.PDF	bcsi_packdesign			0
010923_162750-851119.pdf	adobe			0
010923_162940-862470.PDF	bcsi_packdesign			0
010923_162950-384396.pdf	adobe			0
010923_163722-116251.pdf	other			0
010923_164552-556147.pdf	office_print			0
010923_172613-737624.PDF	bcsi_packdesign			0
010923_172623-595066.pdf	bcsi_packdesign			0
010923_184551-826540.pdf	other			0
010923_184558-205687.pdf	office_print			0
011022_042317-783719.PDF	bcsi_packdesign			0
011022_042323-391636.pdf	adobe	Y	Y	1
011122_014812-786725.PDF	bcsi_packdesign			0
011122_014815-484434.pdf	bcsi_packdesign			0
011122_020837-733777.pdf	adobe			0
011122_022343-949363.pdf	bcsi_packdesign			0
011122_035554-505722.pdf	bcsi_packdesign			0
011122_035612-805371.PDF	bcsi_packdesign			0
011122_043351-753154.pdf	cairo			0
011122_055402-161688.pdf	office_print			0
011122_055926-967928.pdf	bcsi_packdesign			0
011122_083614-739360.pdf	office_print			0
011122_092748-113730.pdf	adobe			0
011222_012338-466017.PDF	bcsi_packdesign			0
011222_012342-943698.pdf	adobe	Y	Y	1
011222_013007-846875.pdf	cairo			0
011222_013017-545727.pdf	adobe	Y	Y	1
011222_013020-208291.pdf	adobe	Y	Y	1
011222_013024-525427.pdf	adobe	Y	Y	1
011222_030650-496115.pdf	adobe	Y	Y	1
011222_030829-136516.pdf	other			0
011222_031818-858492.pdf	other			0
011222_032009-805645.pdf	other			0
020223_022935-198895.PDF	bcsi_packdesign			0
020223_022940-507732.pdf	bcsi_packdesign			0
020223_023005-139073.PDF	bcsi_packdesign			0
020223_023009-297398.pdf	bcsi_packdesign			0
020223_031132-169611.pdf	adobe	Y	Y	1
020223_035017-676659.pdf	office_print			0
020223_062344-992589.pdf	cairo			0
020223_062357-282593.pdf	office_print			0
020223_065052-404997.pdf	other			0
020223_065206-105111.pdf	cairo			0
020223_070142-976036.pdf	cairo			0
020223_070207-311039.pdf	cairo			0
020223_081514-462964.pdf	office_print			0
020223_085615-314428.pdf	other			0
020323_002105-549199.pdf	adobe			0
020323_002302-865851.pdf	adobe			0
020323_002307-854445.pdf	bcsi_packdesign			0
020323_002314-839270.pdf	bcsi_packdesign			0
020323_002408-534130.pdf	adobe	Y		1
020323_002547-502359.pdf	adobe			0
020323_002717-869333.pdf	adobe			0
020323_003327-516114.pdf	adobe	Y	Y	1
020323_003331-385566.pdf	adobe	Y	Y	1
020323_003344-637494.pdf	cairo			0
020323_004017-317334.pdf	adobe			0
020323_023345-424584.pdf	other			0
020323_044102-352626.PDF	bcsi_packdesign			0
020323_044106-595879.pdf	bcsi_packdesign			0
020323_044717-546413.PDF	adobe			0
020323_045100-839061.PDF	bcsi_packdesign			0
020323_045104-317461.pdf	bcsi_packdesign			0
020323_050825-146285.PDF	bcsi_packdesign			0
020323_050829-738611.pdf	bcsi_packdesign			0
020323_050921-672612.pdf	adobe			0
020323_052516-521882.pdf	adobe			0
020323_052521-306741.pdf	bcsi_packdesign			0
020323_055555-134988.pdf	other			0
020323_055559-387575.pdf	adobe	Y	Y	1
020323_055614-585039.PDF	adobe			0
020323_072509-446474.pdf	cairo			0
020323_072633-546742.pdf	office_print			0
020323_080210-636233.pdf	other			0
020523_013244-566265.pdf	bcsi_packdesign			0
020523_013254-285025.PDF	bcsi_packdesign			0
020523_020802-555488.pdf	adobe			0
020523_023604-326620.PDF	bcsi_packdesign			0
020523_023641-564949.PDF	bcsi_packdesign			0
020523_025054-851622.pdf	office_print			0
020523_025235-643629.PDF	adobe			0
020523_025245-622122.pdf	adobe	Y	Y	1
020523_025558-851292.pdf	other			0
020523_061842-242113.PDF	bcsi_packdesign			0
020523_062058-304995.pdf	other			0
020523_062250-641015.pdf	office_print			0
020523_062616-647320.pdf	bcsi_packdesign			0
020523_062620-418030.pdf	adobe			0
020523_062950-205021.pdf	adobe			0
020523_063136-378929.pdf	other			0
020523_063459-891746.pdf	bcsi_packdesign			0
020523_063502-581650.pdf	adobe			0
020523_063903-471191.pdf	other			0
020523_064034-309711.pdf	adobe			0
020523_064304-126434.pdf	adobe			0
020523_064317-538990.pdf	adobe			0
020523_064323-105292.pdf	bcsi_packdesign			0
020523_064324-413078.pdf	adobe			0
020523_064422-166129.PDF	bcsi_packdesign			0
020523_064518-198229.pdf	bcsi_packdesign			0
020523_064557-608665.pdf	other			0
020523_064804-738281.pdf	adobe			0
020523_065107-472124.pdf	adobe			0
020523_065136-646360.pdf	adobe			0
020523_065352-121481.pdf	other			0
020523_070304-306795.pdf	cairo			0
020523_070821-657794.PDF	bcsi_packdesign			0
020523_070827-579983.pdf	bcsi_packdesign			0
020523_071835-821988.pdf	cairo			0
020523_071951-954692.pdf	cairo			0
020523_072124-886152.pdf	bcsi_packdesign			0
020523_072152-838010.PDF	bcsi_packdesign			0
020523_072245-897923.pdf	cairo			0
020523_072740-562428.pdf	cairo			0
020523_073351-227149.PDF	bcsi_packdesign			0
020523_073359-594134.pdf	bcsi_packdesign			0
020523_074420-314813.pdf	bcsi_packdesign			0
020523_074430-347669.PDF	bcsi_packdesign			0
020523_082205-952829.pdf	adobe			0
020523_082830-136698.pdf	other			0
020523_092030-399320.pdf	other			0
020523_092955-211932.pdf	other			0
020622_015616.pdf	other			0
020622_040821.pdf	cairo			0
020622_043241.pdf	bcsi_packdesign			0
020622_043251.PDF	bcsi_packdesign			0
020622_074336.pdf	other			0
020622_080008.pdf	other			0
020622_080621.pdf	adobe			0
020622_095136.pdf	cairo			0
020623_010513-446082.pdf	adobe			0
020623_011136-211749.pdf	bcsi_packdesign			0
020623_011142-514788.PDF	bcsi_packdesign			0
020623_015030-737679.pdf	cairo			0
020623_022455-849060.pdf	cairo			0
020623_035832-855349.pdf	cairo			0
020623_060649-508873.pdf	adobe			0
020623_074029-327662.PDF	adobe			0
020623_074033-692848.PDF	adobe			0
020623_074036-155682.PDF	adobe			0
020623_074041-756297.pdf	adobe	Y	Y	1
020623_075536-562574.pdf	adobe			0
020623_085705-189490.pdf	adobe			0
020623_085720-202170.pdf	adobe			0
020623_092530-166038.PDF	bcsi_packdesign			0
020623_092735-293771.PDF	bcsi_packdesign			0
020623_092905-459654.PDF	bcsi_packdesign			0
020623_095917-293854.PDF	adobe			0
020623_095924-199910.pdf	adobe			0
020722_014859.pdf	office_print			0
020722_014906.pdf	other			0
020722_042250.pdf	adobe			0
020722_042309.pdf	cairo			0
020822_033847.pdf	adobe			0
020822_100903.pdf	adobe	Y	Y	1
020823_110439-343020.pdf	bcsi_packdesign			0
020823_122955-111691.pdf	adobe			0
020823_123000-909933.PDF	bcsi_packdesign			0
020823_145023-963341.pdf	adobe			0
020823_145901-125557.PDF	bcsi_packdesign			0
020823_160819-913581.PDF	bcsi_packdesign			0
020823_160827-803963.pdf	bcsi_packdesign			0
020823_161702-601018.PDF	bcsi_packdesign			0
020823_161711-676751.pdf	bcsi_packdesign			0
020823_162410-159099.PDF	bcsi_packdesign			0
020823_162417-964391.pdf	bcsi_packdesign			0
020823_181639-252980.pdf	other			0
020823_181705-913033.PDF	bcsi_packdesign			0
020823_181708-428093.pdf	bcsi_packdesign			0
020922_041317-212836.pdf	adobe			0
020923_113707-713778.pdf	cairo			0
021122_012911-435598.pdf	cairo			0
021122_013029-885521.pdf	adobe			0
021122_024532-902193.pdf	adobe			0
021122_025817-667373.pdf	office_print			0
021122_033327-173286.pdf	bcsi_packdesign			0
021122_033958-968557.pdf	adobe			0
021122_034009-608154.pdf	office_print			0
021122_042045-496261.pdf	adobe			0
021122_042121-582454.PDF	bcsi_packdesign			0
021122_042125-473229.pdf	adobe	Y	Y	1
021122_065746-137273.pdf	bcsi_packdesign			0
021122_065823-516589.pdf	bcsi_packdesign			0
021122_073417-145892.pdf	adobe			0
021122_073426-131125.pdf	bcsi_packdesign			0
021122_073430-337341.PDF	bcsi_packdesign			0
021122_082716-868857.pdf	adobe	Y	Y	1
021122_082950-947143.PDF	bcsi_packdesign			0
021122_083946-723869.PDF	bcsi_packdesign			0
021122_084009-929310.pdf	adobe	Y	Y	1
021122_091421-986939.pdf	adobe	Y	Y	1
021122_091604-232351.pdf	other			0
021122_100850-733868.pdf	adobe	Y	Y	1
021122_100853-893482.PDF	bcsi_packdesign			0
021222_012746-364041.pdf	office_print			0
021222_025049-142257.pdf	bcsi_packdesign			0
021222_030035-773691.PDF	bcsi_packdesign			0
021222_030039-942976.pdf	adobe	Y	Y	1
021222_030047-645218.pdf	adobe			0
021222_031042-264542.PDF	bcsi_packdesign			0
021222_031046-265712.pdf	adobe	Y	Y	1
021222_031053-307125.pdf	adobe			0
021222_033109-833633.pdf	adobe	Y		1
021222_033207-592754.PDF	bcsi_packdesign			0
021222_033210-728036.pdf	adobe	Y	Y	1
021222_033216-353082.pdf	adobe			0
021222_033314-787438.PDF	bcsi_packdesign			0
021222_033317-139877.pdf	adobe	Y	Y	1
021222_033326-277784.pdf	adobe			0
021222_033815-571916.pdf	bcsi_packdesign			0
021222_033825-958321.pdf	bcsi_packdesign			0
021222_072644-395985.PDF	bcsi_packdesign			0
021222_072653-477368.pdf	bcsi_packdesign			0
021222_085115-288660.pdf	adobe			0
021222_085126-231692.pdf	bcsi_packdesign			0
021222_085132-816750.PDF	bcsi_packdesign			0
021222_085604-845314.pdf	other			0
021222_085750-114059.pdf	other			0
030123_001823-836539.pdf	adobe			0
030123_004949-715944.pdf	adobe			0
030123_013921-309829.pdf	adobe			0
030123_015849-957024.pdf	office_print			0
030123_020109-986245.PDF	bcsi_packdesign			0
030123_020112-884177.pdf	bcsi_packdesign			0
030123_060114-897329.pdf	adobe			0
030123_070855-894451.pdf	cairo			0
030123_073517-672484.pdf	office_print			0
030123_074721-144267.PDF	adobe			0
030123_075122-221210.pdf	adobe			0
030123_075137-744772.pdf	office_print			0
030123_075336-605065.pdf	adobe			0
030123_080818-849810.pdf	adobe			0
030123_080833-575579.pdf	office_print			0
030123_080848-221693.pdf	other			0
030123_080915-459471.pdf	other			0
030123_080951-102324.pdf	adobe			0
030123_081358-506443.pdf	other			0
030123_081404-725761.pdf	adobe			0
030123_090159-694045.pdf	adobe	Y	Y	1
030123_090206-496618.pdf	adobe			0
030223_003638-723266.pdf	adobe			0
030223_004115-898288.pdf	adobe			0
030223_013735-403444.pdf	bcsi_packdesign			0
030223_015523-679145.pdf	cairo			0
030223_031003-788251.pdf	other			0
030223_043922-274760.PDF	adobe			0
030223_043928-257182.pdf	adobe	Y	Y	1
030223_044140-295929.pdf	other			0
030223_045053-463715.pdf	other			0
030223_052236-268352.pdf	office_print			0
030223_054923-138736.pdf	bcsi_packdesign			0
030223_054930-589234.pdf	bcsi_packdesign			0
030223_060856-259550.pdf	adobe	Y	Y	1
030223_060859-224187.PDF	adobe			0
030223_062711-862077.PDF	adobe			0
030223_062714-261480.pdf	adobe	Y	Y	1
030223_062717-761920.pdf	other			0
030223_063201-493236.PDF	bcsi_packdesign			0
030223_065544-107514.pdf	bcsi_packdesign			0
030223_065651-739150.pdf	other			0
030223_070455-458329.pdf	office_print			0
030323_000607-704018.PDF	bcsi_packdesign			0
030323_012250-794321.pdf	office_print			0
030323_012256-187690.pdf	adobe			0
030323_012301-924715.pdf	adobe			0
030323_020207-499769.pdf	adobe	Y	Y	1
030323_023004-425837.pdf	adobe			0
030323_023707-835250.pdf	other			0
030323_025516-689272.pdf	other			0
030323_025526-846721.PDF	bcsi_packdesign			0
030323_025531-283672.pdf	bcsi_packdesign			0
030323_062246-849452.pdf	adobe			0
030323_063848-763035.PDF	bcsi_packdesign			0
030323_064204-575067.PDF	bcsi_packdesign			0
030323_065013-948112.pdf	adobe			0
030323_065229-544375.PDF	bcsi_packdesign			0
030323_072710-933251.pdf	adobe	Y	Y	1
030323_072740-989488.pdf	adobe	Y	Y	1
030323_080934-463230.pdf	adobe			0
030323_081648-536084.PDF	bcsi_packdesign			0
030323_081835-333494.PDF	bcsi_packdesign			0
030323_091904-812913.pdf	adobe	Y	Y	1
030423_015757-605878.pdf	adobe			0
030423_015803-813214.pdf	adobe			0
030423_015808-222981.pdf	adobe			0
030423_015812-125985.pdf	adobe			0
030423_015817-483895.pdf	adobe			0
030423_015827-318631.PDF	bcsi_packdesign			0
030423_015831-835735.pdf	adobe			0
030423_030555-916368.PDF	bcsi_packdesign			0
030423_030606-681113.pdf	bcsi_packdesign			0
030423_064722-509139.pdf	other			0
030423_082623-279648.pdf	adobe	Y	Y	1
030423_082628-334581.PDF	adobe			0
030423_095354-163644.pdf	cairo			0
030523_021304-605486.PDF	bcsi_packdesign			0
030523_021310-699389.pdf	adobe			0
030523_024207-706566.PDF	bcsi_packdesign			0
030523_024214-608482.pdf	bcsi_packdesign			0
030523_024616-364124.PDF	bcsi_packdesign			0
030523_024621-835342.pdf	bcsi_packdesign			0
030523_024758-464975.PDF	adobe			0
030523_024805-864627.pdf	bcsi_packdesign			0
030523_024854-625366.PDF	adobe			0
030523_024858-878948.pdf	bcsi_packdesign			0
030523_024959-813570.PDF	bcsi_packdesign			0
030523_025004-383564.pdf	bcsi_packdesign			0
030523_025257-722973.PDF	bcsi_packdesign			0
030523_025302-636233.pdf	bcsi_packdesign			0
030523_031645-154029.PDF	adobe			0
030523_031656-492396.pdf	adobe	Y	Y	1
030523_035456-342654.pdf	adobe			0
030523_035502-191842.PDF	adobe			0
030523_035506-101364.pdf	adobe	Y	Y	1
030523_060839-873484.pdf	cairo			0
030622_030835.pdf	adobe	Y	Y	1
030622_032415.pdf	cairo			0
030622_032422.pdf	adobe	Y	Y	1
030622_061531.pdf	bcsi_packdesign			0
030622_061534.PDF	bcsi_packdesign			0
030622_061537.PDF	bcsi_packdesign			0
030622_061548.pdf	office_print			0
030622_071039.pdf	office_print			0
030622_071643.PDF	bcsi_packdesign			0
030622_071658.pdf	office_print			0
030623_041046-713715.PDF	bcsi_packdesign			0
030623_041049-469497.pdf	bcsi_packdesign			0
030623_042538-339919.PDF	bcsi_packdesign			0
030623_042541-315898.pdf	bcsi_packdesign			0
030623_070930-897265.pdf	other			0
030623_080926-604828.pdf	cairo			0
030623_090013-151186.PDF	adobe			0
030623_090018-198558.pdf	adobe			0
030623_090119-493621.PDF	bcsi_packdesign			0
030623_090123-778855.pdf	adobe			0
030623_090229-872250.PDF	bcsi_packdesign			0
030623_090233-206674.pdf	adobe			0
030623_091311-641764.PDF	bcsi_packdesign			0
030623_091316-935737.pdf	adobe			0
030723_104126-685426.pdf	other			0
030723_110129-403982.pdf	other			0
030723_110205-969160.pdf	cairo			0
030723_111658-745759.pdf	cairo			0
030723_111717-492123.pdf	other			0
030723_120301-947838.pdf	bcsi_packdesign			0
030723_120308-945562.PDF	bcsi_packdesign			0
030723_123126-114387.pdf	other			0
030723_140939-632879.PDF	adobe			0
030723_140950-709810.pdf	adobe	Y	Y	1
030723_141325-253940.pdf	adobe	Y	Y	1
030723_141812-662759.pdf	cairo			0
030723_142751-276131.pdf	other			0
030723_142758-197032.PDF	bcsi_packdesign			0
030723_144003-104297.pdf	adobe			0
030723_145157-679355.pdf	adobe			0
030723_145211-896251.pdf	other			0
030723_145223-913911.PDF	bcsi_packdesign			0
030723_163738-859872.PDF	bcsi_packdesign			0
030723_163848-322088.pdf	bcsi_packdesign			0
030723_165440-449864.pdf	cairo			0
030723_165557-353676.PDF	bcsi_packdesign			0
030822_010607.PDF	bcsi_packdesign			0
030822_010613.pdf	bcsi_packdesign			0
030822_010616.pdf	bcsi_packdesign			0
030822_011922.pdf	adobe	Y	Y	1
030822_020738.pdf	adobe	Y		1
030822_020802.pdf	adobe	Y		1
030822_022025.PDF	bcsi_packdesign			0
030822_022034.pdf	bcsi_packdesign			0
030822_025937.pdf	other			0
030822_033253.PDF	bcsi_packdesign			0
030822_033256.pdf	adobe	Y	Y	1
030822_054139.PDF	bcsi_packdesign			0
030822_054146.pdf	adobe	Y	Y	1
030822_055603.PDF	adobe			0
030822_055611.pdf	adobe	Y	Y	1
030822_055754.PDF	bcsi_packdesign			0
030822_055758.pdf	adobe	Y	Y	1
030822_060055.pdf	adobe			0
030822_060103.pdf	adobe	Y	Y	1
030822_060315.pdf	adobe			0
030822_060321.pdf	adobe	Y	Y	1
030822_060849.PDF	adobe			0
030822_060854.pdf	adobe	Y	Y	1
030822_061043.PDF	adobe			0
030822_061047.pdf	adobe	Y	Y	1
030822_082717.pdf	office_print			0
030822_095712.pdf	adobe	Y	Y	1
030823_100154-685069.pdf	cairo			0
030823_105819-817865.pdf	other			0
030823_152717-707233.pdf	adobe			0
030823_152720-311122.PDF	bcsi_packdesign			0
030823_152753-177846.pdf	other			0
030823_163033-232469.pdf	other			0
030823_174927-384670.pdf	cairo			0
030922_012219-269522.pdf	office_print			0
030922_012228-628034.pdf	adobe	Y	Y	1
030922_100403-152475.pdf	other			0
031022_023308-489743.pdf	adobe			0
031022_034352-632669.pdf	bcsi_packdesign			0
031022_060016-359194.pdf	office_print			0
031022_060047-978110.pdf	other			0
031022_071329-217752.pdf	adobe			0
031022_074037-486865.pdf	other			0
031022_093427-709060.PDF	bcsi_packdesign			0
031022_093511-792759.PDF	bcsi_packdesign			0
031022_093903-944264.pdf	adobe			0
031022_093913-678012.pdf	adobe	Y	Y	1
031022_093918-601311.pdf	adobe	Y	Y	1
031022_105556-524249.pdf	office_print			0
031122_025516-523353.PDF	bcsi_packdesign			0
031122_025520-236581.PDF	bcsi_packdesign			0
031122_025525-597315.pdf	bcsi_packdesign			0
031122_025530-657830.pdf	adobe	Y	Y	1
031122_030734-971265.pdf	other			0
031122_030739-164575.pdf	other			0
031122_040039-408634.PDF	bcsi_packdesign			0
031122_040043-224243.PDF	bcsi_packdesign			0
031122_040048-382686.pdf	adobe	Y	Y	1
031122_040053-804475.pdf	bcsi_packdesign			0
031122_085005-314364.pdf	adobe	Y	Y	1
031122_091128-148469.pdf	cairo			0
031122_091432-888920.pdf	other			0
031122_091437-481127.pdf	other			0
031122_091444-976793.pdf	other			0
031122_092259-645364.pdf	other			0
031222_003456-795820.pdf	adobe	Y	Y	1
031222_010816-969973.PDF	adobe			0
031222_010825-594380.pdf	adobe	Y	Y	1
031222_010835-573652.pdf	adobe			0
031222_011331-927117.pdf	adobe	Y	Y	1
031222_011341-685096.PDF	adobe			0
031222_011355-864983.pdf	adobe	Y	Y	1
031222_051055-349945.pdf	office_print			0
031222_051059-982890.pdf	other			0
031222_054928-138114.pdf	office_print			0
040123_014505-173789.PDF	bcsi_packdesign			0
040123_014715-564858.pdf	adobe			0
040123_023724-252266.pdf	cairo			0
040223_012657-465423.pdf	adobe			0
040323_001446-981238.pdf	adobe			0
040323_001457-212142.pdf	adobe			0
040323_085652-489295.pdf	adobe			0
040423_015008-233438.pdf	office_print			0
040423_015112-619176.pdf	office_print			0
040423_015149-724436.pdf	cairo			0
040423_015255-931416.pdf	office_print			0
040423_020003-172026.pdf	adobe			0
040423_020430-439738.pdf	office_print			0
040423_020519-541286.pdf	office_print			0
040423_020612-843577.pdf	office_print			0
040423_020734-439619.pdf	office_print			0
040423_020802-876819.pdf	office_print			0
040423_022158-193761.pdf	other			0
040423_022952-426174.pdf	cairo			0
040423_025045-458631.pdf	adobe	Y	Y	1
040423_025048-566111.PDF	adobe			0
040423_032135-471941.pdf	bcsi_packdesign			0
040423_032211-758518.PDF	bcsi_packdesign			0
040423_061043-259074.PDF	adobe			0
040423_061046-204126.pdf	adobe	Y	Y	1
040523_012902-767348.pdf	cairo			0
040523_014106-756243.pdf	cairo			0
040523_015712-532960.pdf	other			0
040523_023603-431879.pdf	office_print			0
040523_024910-135766.PDF	adobe			0
040523_024914-848794.pdf	adobe	Y	Y	1
040523_065542-381938.pdf	office_print			0
040523_065644-721082.PDF	bcsi_packdesign			0
040523_072002-121271.PDF	bcsi_packdesign			0
040523_083806-621135.PDF	bcsi_packdesign			0
040523_083813-472781.pdf	adobe			0
040523_100335-298988.PDF	bcsi_packdesign			0
040622_022018.pdf	cairo			0
040622_060054.pdf	adobe			0
040722_043132.pdf	adobe			0
040722_054629.pdf	adobe			0
040722_055935.pdf	bcsi_packdesign			0
040722_055958.PDF	bcsi_packdesign			0
040722_060019.pdf	office_print			0
040722_062441.pdf	other			0
040722_064511.pdf	other			0
040722_075105.pdf	adobe			0
040722_085124.pdf	other			0
040722_090228.pdf	adobe			0
040722_094903.pdf	office_print			0
040723_110538-176969.PDF	adobe			0
040723_110743-593750.pdf	other			0
040723_112019-968138.pdf	other			0
040723_112919-175626.pdf	other			0
040723_122103-443587.pdf	cairo			0
040723_122127-474554.pdf	adobe	Y	Y	1
040723_122637-781233.pdf	cairo			0
040723_141850-574976.pdf	adobe			0
040723_142618-368235.pdf	adobe	Y	Y	1
040723_144103-908799.pdf	adobe			0
040723_180309-528059.pdf	adobe			0
040822_015624.pdf	adobe	Y	Y	1
040822_023136.pdf	other			0
040822_033454.pdf	bcsi_packdesign			0
040822_033500.PDF	bcsi_packdesign			0
040822_061041.PDF	bcsi_packdesign			0
040822_061045.pdf	bcsi_packdesign			0
040822_073116.pdf	adobe	Y	Y	1
040822_073121.pdf	adobe	Y	Y	1
040822_083642.pdf	adobe	Y	Y	1
040822_083647.pdf	adobe	Y	Y	1
040822_093521.pdf	office_print			0
040823_123705-223137.pdf	cairo			0
040823_123820-134962.pdf	adobe	Y	Y	1
040823_124343-169674.pdf	cairo			0
040823_131706-979698.pdf	office_print			0
040823_131753-797921.pdf	office_print			0
040823_140549-311970.pdf	cairo			0
040823_140824-954181.pdf	office_print			0
040823_143021-214810.PDF	adobe			0
040823_143041-656031.PDF	adobe			0
040823_160310-636991.pdf	cairo			0
040823_161852-326793.pdf	cairo			0
040823_181717-861894.PDF	bcsi_packdesign			0
040923_111902-387694.PDF	bcsi_packdesign			0
040923_111910-229040.pdf	bcsi_packdesign			0
040923_120956-915582.pdf	other			0
040923_123035-228712.PDF	bcsi_packdesign			0
040923_123954-998564.pdf	other			0
040923_124901-823122.pdf	adobe			0
040923_124904-364973.PDF	bcsi_packdesign			0
040923_131937-676212.PDF	bcsi_packdesign			0
040923_140555-841412.pdf	other			0
040923_150444-476682.pdf	other			0
040923_154111-882433.pdf	other			0
040923_155221-247814.PDF	bcsi_packdesign			0
040923_161158-474217.pdf	other			0
040923_162114-877715.pdf	cairo			0
040923_173725-824986.pdf	bcsi_packdesign			0
041022_022915-881565.pdf	adobe			0
041022_025214-343321.pdf	other			0
041022_025238-793572.pdf	office_print			0
041022_030624-437728.PDF	bcsi_packdesign			0
041022_030629-871621.pdf	bcsi_packdesign			0
041022_035542-869844.pdf	other			0
041022_080303-239039.pdf	office_print			0
041022_085732-263582.PDF	bcsi_packdesign			0
041022_085746-993877.pdf	office_print			0
041022_085757-858017.pdf	other			0
041122_013307-519685.pdf	other			0
041122_013350-485029.pdf	other			0
041122_013410-979370.pdf	other			0
041122_013422-611976.pdf	other			0
041122_014122-725249.pdf	bcsi_packdesign			0
041122_014708-795317.pdf	bcsi_packdesign			0
041122_015643-576027.pdf	adobe	Y	Y	1
041122_020510-314994.pdf	adobe			0
041122_021657-811477.PDF	bcsi_packdesign			0
041122_042552-841476.PDF	bcsi_packdesign			0
041122_042601-974866.pdf	adobe			0
041122_055437-488839.PDF	bcsi_packdesign			0
041122_065444-449143.pdf	adobe			0
041122_065620-624287.pdf	adobe			0
041122_065644-659868.pdf	adobe			0
041122_065718-314127.pdf	adobe			0
041122_065748-519292.pdf	bcsi_packdesign			0
041122_065821-376142.pdf	bcsi_packdesign			0
041122_084820-721593.PDF	bcsi_packdesign			0
041122_092632-388151.pdf	bcsi_packdesign			0
041122_093617-839517.pdf	adobe	Y	Y	1
050123_003943-546029.PDF	adobe			0
050123_024229-172026.PDF	adobe			0
050123_024232-193761.pdf	adobe	Y	Y	1
050123_024338-881327.PDF	adobe			0
050123_024341-691742.pdf	adobe	Y	Y	1
050123_024344-386224.pdf	adobe	Y	Y	1
050123_024533-631463.pdf	adobe			0
050123_024539-689930.PDF	adobe			0
050123_024543-373592.pdf	adobe	Y	Y	1
050123_025359-381756.pdf	adobe			0
050123_025402-266552.PDF	adobe			0
050123_025405-805911.pdf	adobe	Y	Y	1
050123_050457-959610.pdf	office_print			0
050123_051130-989698.pdf	cairo			0
050123_055650-889276.PDF	adobe			0
050423_012439-873392.pdf	cairo			0
050423_013758-478299.PDF	bcsi_packdesign			0
050423_013805-294512.PDF	bcsi_packdesign			0
050423_014107-603987.PDF	bcsi_packdesign			0
050423_014253-371611.PDF	bcsi_packdesign			0
050423_020725-972261.pdf	adobe			0
050423_023937-175828.pdf	office_print			0
050423_024027-627074.pdf	office_print			0
050423_024107-778279.pdf	office_print			0
050423_025212-456228.PDF	adobe			0
050423_025219-793187.pdf	adobe	Y	Y	1
050423_025320-678341.pdf	office_print			0
050423_025638-484398.pdf	office_print			0
050423_030427-452271.pdf	adobe			0
050423_042622-904687.PDF	bcsi_packdesign			0
050423_042626-225952.pdf	bcsi_packdesign			0
050423_060519-374250.PDF	bcsi_packdesign			0
050423_060657-787858.PDF	bcsi_packdesign			0
050423_060740-563415.PDF	bcsi_packdesign			0
050423_062227-854710.PDF	adobe			0
050423_062231-999853.pdf	adobe			0
050423_062234-221218.pdf	adobe	Y	Y	1
050423_090429-602334.pdf	cairo			0
050423_092152-658215.pdf	other			0
050423_095953-887111.pdf	office_print			0
050423_100613-491638.pdf	office_print			0
050523_010128-198530.pdf	cairo			0
050523_010644-894652.pdf	adobe			0
050523_010819-429171.pdf	office_print			0
050523_022934-794952.pdf	adobe			0
050523_043530-365147.pdf	other			0
050523_060105-261873.pdf	cairo			0
050523_071238-815645.pdf	adobe	Y	Y	1
050523_092009-175051.pdf	other			0
050523_092321-296074.pdf	adobe	Y	Y	1
050623_010942-743657.PDF	bcsi_packdesign			0
050623_013447-955827.pdf	adobe			0
050623_014818-894386.pdf	other			0
050623_021117-405454.pdf	adobe			0
050623_034402-113849.pdf	office_print			0
050623_063120-151215.PDF	bcsi_packdesign			0
050623_063125-723659.pdf	other			0
050623_063507-218958.pdf	bcsi_packdesign			0
050623_083159-518388.pdf	adobe			0
050623_094323-144093.pdf	office_print			0
050722_021855.pdf	adobe			0
050722_025821.pdf	other			0
050722_055441.pdf	cairo			0
050722_055619.PDF	bcsi_packdesign			0
050722_055625.pdf	bcsi_packdesign			0
050722_055649.PDF	bcsi_packdesign			0
050722_055655.pdf	bcsi_packdesign			0
050722_055721.PDF	bcsi_packdesign			0
050722_055727.pdf	bcsi_packdesign			0
050722_055802.PDF	bcsi_packdesign			0
050722_055806.pdf	bcsi_packdesign			0
050722_062417.pdf	cairo			0
050722_075340.PDF	bcsi_packdesign			0
050722_075345.pdf	bcsi_packdesign			0
050722_084910.pdf	cairo			0
050722_093207.pdf	bcsi_packdesign			0
050722_093212.PDF	bcsi_packdesign			0
050722_094147.pdf	other			0
050722_094207.pdf	office_print			0
050723_122850-145437.PDF	bcsi_packdesign			0
050723_122907-455214.pdf	office_print			0
050723_143702-672484.pdf	adobe	Y	Y	1
050723_151138-171450.PDF	bcsi_packdesign			0
050723_152209-664165.PDF	adobe			0
050723_152224-869880.pdf	adobe	Y	Y	1
050723_152512-421551.pdf	other			0
050723_152857-483923.PDF	adobe			0
050723_152909-309912.pdf	adobe	Y	Y	1
050723_153654-706027.pdf	other			0
050822_053544-359350.PDF	bcsi_packdesign			0
050822_053548-785098.pdf	bcsi_packdesign			0
050822_063622-982498.pdf	office_print			0
050822_063734-386434.pdf	office_print			0
050822_081947-851265.pdf	other			0
050822_082051-257758.pdf	other			0
050822_100555-823158.pdf	other			0
050823_110307-592151.pdf	bcsi_packdesign			0
050823_110329-398452.pdf	adobe			0
050823_110355-869817.pdf	adobe			0
050823_112623-884114.pdf	cairo			0
050823_113515-212772.PDF	bcsi_packdesign			0
050823_113532-452746.pdf	adobe			0
050823_120837-437553.pdf	cairo			0
050823_152526-269676.pdf	other			0
050823_152845-346591.PDF	bcsi_packdesign			0
050823_152852-475184.pdf	bcsi_packdesign			0
050823_165514-721174.pdf	adobe			0
050823_165521-855524.PDF	bcsi_packdesign			0
050823_182950-822848.pdf	other			0
050922_022422-642340.pdf	office_print			0
050922_030201-775373.pdf	office_print			0
050922_035653-315324.pdf	other			0
050922_042243-527941.pdf	bcsi_packdesign			0
050922_042256-852343.pdf	bcsi_packdesign			0
050922_063736-499048.PDF	bcsi_packdesign			0
050922_063810-536057.pdf	office_print			0
050922_063857-212087.pdf	adobe			0
050922_065958-736362.pdf	office_print			0
050922_070148-719417.PDF	bcsi_packdesign			0
050922_070151-796515.pdf	adobe	Y	Y	1
050922_071009-756690.PDF	bcsi_packdesign			0
050922_071013-903783.pdf	adobe	Y	Y	1
050922_090203-494818.PDF	bcsi_packdesign			0
050922_090207-219880.pdf	adobe	Y	Y	1
050922_091504-858346.pdf	office_print			0
050922_091646-515967.pdf	office_print			0
050922_100104-326374.pdf	bcsi_packdesign			0
050923_102858-461010.pdf	cairo			0
050923_111441-402513.PDF	bcsi_packdesign			0
050923_111443-354698.pdf	bcsi_packdesign			0
050923_114329-276971.pdf	cairo			0
050923_115908-273645.pdf	cairo			0
050923_120037-179582.pdf	cairo			0
050923_120257-615815.pdf	cairo			0
050923_121741-673991.pdf	bcsi_packdesign			0
050923_121934-907210.pdf	office_print			0
050923_121944-195835.pdf	other			0
050923_122050-198383.pdf	other			0
050923_123919-929483.pdf	cairo			0
050923_132602-378690.pdf	other			0
050923_150702-393436.pdf	bcsi_packdesign			0
050923_162609-353767.pdf	adobe			0
050923_164241-858648.pdf	cairo			0
050923_165237-563386.pdf	other			0
050923_170859-318120.pdf	other			0
050923_182744-804566.PDF	bcsi_packdesign			0
051022_055633-885466.pdf	other			0
051022_055648-863421.pdf	adobe			0
051022_055716-929821.pdf	adobe			0
051022_055727-282146.pdf	other			0
051022_055740-638243.pdf	adobe			0
051022_055750-124779.pdf	adobe			0
051022_055802-256644.pdf	adobe			0
051022_061113-712490.pdf	other			0
051022_061732-279045.pdf	office_print			0
051022_063215-965442.pdf	adobe			0
051122_014709-409411.pdf	other			0
051122_014718-617432.pdf	adobe	Y		1
051122_070632-202116.pdf	adobe			0
051222_005932-936093.pdf	other			0
051222_010205-342242.pdf	other			0
051222_011516-354279.pdf	cairo			0
051222_011913-973157.pdf	adobe	Y	Y	1
051222_011919-179673.PDF	bcsi_packdesign			0
051222_011931-992196.pdf	other			0
051222_013007-119696.PDF	bcsi_packdesign			0
051222_013012-991054.pdf	adobe	Y	Y	1
051222_055005-249550.pdf	adobe			0
051222_061508-735550.pdf	adobe			0
051222_062549-758070.pdf	adobe			0
051222_064054-111117.pdf	adobe			0
051222_080840-682821.pdf	adobe			0
060123_010143-527639.pdf	adobe			0
060123_024310-934841.pdf	office_print			0
060123_065025-462846.PDF	adobe			0
060123_065030-689327.pdf	adobe	Y	Y	1
060123_065421-321065.PDF	adobe			0
060123_065528-918918.pdf	adobe	Y	Y	1
060123_071353-801835.PDF	bcsi_packdesign			0
060123_072044-154484.PDF	adobe			0
060123_072047-762551.pdf	adobe	Y	Y	1
060123_072125-813242.PDF	adobe			0
060123_072129-185324.pdf	adobe	Y	Y	1
060123_072153-419145.PDF	bcsi_packdesign			0
060123_072206-214033.PDF	bcsi_packdesign			0
060123_072214-175828.pdf	adobe	Y	Y	1
060123_072259-422784.PDF	bcsi_packdesign			0
060123_072302-432784.pdf	adobe	Y	Y	1
060123_072509-685818.pdf	cairo			0
060123_081952-652156.pdf	adobe			0
060123_082555-786696.pdf	adobe			0
060123_084501-936156.pdf	office_print			0
060223_005228-368144.pdf	adobe	Y		1
060223_010541-554859.pdf	other			0
060223_012749-473019.pdf	cairo			0
060223_031404-138946.pdf	adobe			0
060223_031941-177298.pdf	cairo			0
060223_054408-346765.PDF	bcsi_packdesign			0
060223_054827-186885.PDF	bcsi_packdesign			0
060223_055520-953998.PDF	bcsi_packdesign			0
060223_060706-183734.pdf	other			0
060223_060710-106462.PDF	adobe			0
060223_060718-184328.pdf	adobe	Y	Y	1
060223_062418-735375.pdf	adobe			0
060223_063400-887686.pdf	cairo			0
060223_065823-519685.PDF	bcsi_packdesign			0
060223_070247-204097.PDF	bcsi_packdesign			0
060223_073118-729479.pdf	adobe	Y	Y	1
060223_090938-683954.pdf	other			0
060423_011847-328329.PDF	bcsi_packdesign			0
060423_011850-394577.pdf	bcsi_packdesign			0
060423_011856-266853.pdf	adobe			0
060423_034349-401790.PDF	bcsi_packdesign			0
060423_034354-165535.pdf	bcsi_packdesign			0
060423_034401-626143.pdf	other			0
060423_034712-549053.PDF	bcsi_packdesign			0
060423_034718-734527.pdf	bcsi_packdesign			0
060423_034723-829510.pdf	other			0
060423_035029-113666.PDF	bcsi_packdesign			0
060423_035033-813278.pdf	bcsi_packdesign			0
060423_035038-813269.pdf	other			0
060423_035159-754981.PDF	bcsi_packdesign			0
060423_035203-804741.pdf	bcsi_packdesign			0
060423_035208-611228.pdf	other			0
060423_040628-534677.pdf	cairo			0
060423_043416-382175.PDF	bcsi_packdesign			0
060423_071345-489716.pdf	adobe	Y	Y	1
060423_072800-469982.pdf	adobe	Y	Y	1
060423_073240-469863.pdf	adobe	Y	Y	1
060423_073314-329260.pdf	office_print			0
060423_073520-554493.PDF	bcsi_packdesign			0
060423_073613-688851.pdf	other			0
060423_073750-462243.pdf	bcsi_packdesign			0
060423_074053-541643.PDF	bcsi_packdesign			0
060423_074056-308568.pdf	bcsi_packdesign			0
060423_074237-401370.pdf	adobe	Y		1
060423_074907-597797.pdf	adobe	Y	Y	1
060423_075028-363794.pdf	other			0
060423_075219-222086.pdf	adobe	Y	Y	1
060423_080253-306493.PDF	adobe			0
060423_080256-846875.pdf	adobe	Y	Y	1
060423_080409-301158.PDF	adobe			0
060423_080423-324071.pdf	bcsi_packdesign			0
060423_080854-771746.pdf	adobe	Y	Y	1
060423_082116-208291.pdf	adobe	Y	Y	1
060423_082141-746088.pdf	other			0
060423_083157-896068.PDF	bcsi_packdesign			0
060423_084001-216729.pdf	office_print			0
060423_090420-865558.pdf	adobe			0
060423_090423-731530.pdf	adobe			0
060423_094840-376077.pdf	other			0
060423_095408-346682.pdf	cairo			0
060423_095915-952647.pdf	cairo			0
060423_101103-597076.PDF	bcsi_packdesign			0
060423_101114-806961.pdf	adobe	Y	Y	1
060423_101122-824565.pdf	adobe	Y	Y	1
060423_101220-293342.pdf	office_print			0
060523_035800-952199.PDF	bcsi_packdesign			0
060523_035807-184090.pdf	bcsi_packdesign			0
060523_035844-563835.PDF	adobe			0
060523_040055-819664.pdf	bcsi_packdesign			0
060523_040105-269732.PDF	bcsi_packdesign			0
060523_040110-487523.pdf	bcsi_packdesign			0
060523_042756-365448.pdf	adobe	Y	Y	1
060523_052540-191514.PDF	adobe			0
060523_052545-279374.pdf	adobe	Y	Y	1
060523_052721-467853.PDF	adobe			0
060523_052732-984655.pdf	adobe	Y	Y	1
060523_052836-993220.PDF	adobe			0
060523_052842-413526.pdf	adobe	Y	Y	1
060523_053544-901179.PDF	adobe			0
060523_053549-336290.pdf	adobe	Y	Y	1
060523_063838-576657.pdf	cairo			0
060523_073316-794559.PDF	adobe			0
060523_073343-623657.pdf	adobe	Y	Y	1
060622_025918.pdf	adobe	Y	Y	1
060622_032034.pdf	adobe	Y	Y	1
060622_040016.pdf	adobe			0
060622_070047.pdf	other			0
060622_070757.pdf	other			0
060623_021915-161186.PDF	bcsi_packdesign			0
060623_024054-932886.pdf	other			0
060623_024448-481520.pdf	other			0
060623_031352-755046.pdf	cairo			0
060623_031942-313615.pdf	cairo			0
060623_032010-557435.pdf	cairo			0
060623_042133-997267.pdf	cairo			0
060623_073816-842317.pdf	office_print			0
060623_090807-474398.pdf	cairo			0
060623_091440-291935.pdf	adobe			0
060623_091443-785190.pdf	adobe	Y	Y	1
060623_094243-127959.pdf	other	Y	Y	1
060722_030101.pdf	adobe			0
060722_042403.pdf	adobe			0
060722_064628.pdf	adobe			0
060722_085901.pdf	adobe			0
060722_091436.pdf	other			0
060722_100328.pdf	adobe			0
060722_100409.pdf	adobe			0
060723_094654-926249.pdf	cairo			0
060723_094820-989095.pdf	other			0
060723_103233-604673.pdf	cairo			0
060723_110938-701083.pdf	cairo			0
060723_111458-426047.pdf	other			0
060723_111501-377732.pdf	other			0
060723_111945-816576.pdf	other			0
060723_112356-486262.PDF	bcsi_packdesign			0
060723_112400-702070.pdf	adobe			0
060723_112510-594463.pdf	other			0
060723_114250-479798.pdf	adobe			0
060723_115309-924540.pdf	adobe			0
060723_123546-191632.pdf	cairo			0
060723_123759-675554.pdf	adobe	Y	Y	1
060723_123802-893574.pdf	adobe	Y	Y	1
060723_123806-314692.pdf	adobe	Y	Y	1
060723_141655-654742.pdf	adobe			0
060723_141715-533472.PDF	bcsi_packdesign			0
060723_141720-227961.pdf	adobe			0
060723_155008-544558.pdf	adobe			0
060723_155533-195268.pdf	cairo			0
060723_173526-375932.pdf	adobe			0
060822_015248-836575.PDF	bcsi_packdesign			0
060822_015254-299821.pdf	adobe			0
060822_025740-464280.pdf	adobe	Y	Y	1
060822_030722-309555.PDF	bcsi_packdesign			0
060822_030744-513866.pdf	bcsi_packdesign			0
060822_031237-187727.pdf	bcsi_packdesign			0
060822_031245-334427.PDF	bcsi_packdesign			0
060822_070536-103995.PDF	bcsi_packdesign			0
060822_070540-306768.pdf	adobe	Y	Y	1
060822_083054-682520.pdf	adobe			0
060822_092440-847443.pdf	adobe	Y	Y	1
060822_095016-327369.pdf	cairo			0
060922_014638-965168.PDF	bcsi_packdesign			0
060922_014701-353593.pdf	adobe	Y	Y	1
060922_022401-504377.PDF	bcsi_packdesign			0
060922_024707-285143.pdf	adobe			0
060922_024958-837479.pdf	adobe			0
060922_031753-774113.pdf	bcsi_packdesign			0
060922_031757-157272.pdf	bcsi_packdesign			0
060922_031810-321248.pdf	office_print			0
060922_032330-198768.pdf	bcsi_packdesign			0
060922_032333-198019.pdf	bcsi_packdesign			0
060922_032344-814622.pdf	office_print			0
060922_032844-612579.pdf	bcsi_packdesign			0
060922_032849-953971.pdf	bcsi_packdesign			0
060922_033835-241427.pdf	office_print			0
060922_033841-685216.pdf	bcsi_packdesign			0
060922_033845-171752.pdf	bcsi_packdesign			0
060922_034027-945799.pdf	bcsi_packdesign			0
060922_034030-831860.pdf	bcsi_packdesign			0
060922_034036-108171.pdf	office_print			0
060922_054552-532750.pdf	office_print			0
060922_054558-254277.pdf	bcsi_packdesign			0
060922_054603-647950.pdf	bcsi_packdesign			0
060922_071209-266013.pdf	office_print			0
060922_080048-276616.pdf	adobe			0
060922_084357-765337.pdf	office_print			0
060923_110115-478839.pdf	cairo			0
060923_111404-225924.pdf	cairo			0
060923_111557-436173.pdf	cairo			0
060923_112404-943999.pdf	cairo			0
060923_113318-559839.pdf	cairo			0
060923_115414-319161.pdf	adobe	Y	Y	1
060923_120134-588211.pdf	office_print			0
060923_123546-904323.pdf	bcsi_packdesign			0
060923_123550-637137.pdf	office_print			0
060923_125250-303826.pdf	office_print			0
060923_125254-247667.pdf	office_print			0
060923_125259-188951.pdf	adobe	Y	Y	2
060923_125308-647886.pdf	bcsi_packdesign			0
060923_141636-538395.pdf	adobe			0
060923_141704-832673.pdf	office_print			0
060923_141716-654524.pdf	office_print			0
060923_142255-242625.PDF	bcsi_packdesign			0
060923_143355-244872.pdf	cairo			0
060923_145318-929730.pdf	cairo			0
060923_150151-405061.PDF	bcsi_packdesign			0
060923_150301-808761.PDF	bcsi_packdesign			0
060923_150317-397191.pdf	adobe			0
060923_150323-246736.pdf	adobe			0
060923_150330-898498.pdf	adobe			0
060923_150347-189581.PDF	bcsi_packdesign			0
060923_150355-387282.PDF	bcsi_packdesign			0
060923_150401-462124.PDF	bcsi_packdesign			0
060923_150409-715643.pdf	adobe			0
060923_150540-819720.PDF	bcsi_packdesign			0
060923_150606-524523.pdf	bcsi_packdesign			0
060923_153903-938944.pdf	other			0
060923_162609-532091.pdf	other			0
060923_164104-787199.pdf	other			0
060923_172307-387575.pdf	office_print			0
060923_173107-426138.pdf	cairo			0
060923_173115-959490.pdf	adobe			0
061022_004903-935261.pdf	office_print			0
061022_012343-333313.PDF	bcsi_packdesign			0
061022_012726-363199.PDF	bcsi_packdesign			0
061022_033548-654586.pdf	adobe			0
061022_033757-794567.pdf	adobe			0
061022_033854-839216.pdf	adobe			0
061022_034020-366261.pdf	adobe			0
061022_055648-601492.pdf	adobe			0
061022_062029-661470.PDF	bcsi_packdesign			0
061022_062033-626571.pdf	bcsi_packdesign			0
061022_071533-774294.pdf	adobe			0
061022_091002-104571.pdf	other			0
061222_044848-451283.pdf	office_print			0
061222_051042-464371.pdf	adobe	Y	Y	1
061222_051106-882223.pdf	cairo			0
061222_055333-591942.pdf	other			0
061222_055337-172683.PDF	bcsi_packdesign			0
061222_055340-252770.pdf	adobe	Y	Y	1
061222_095857-244241.pdf	adobe			0
070123_003814-994116.pdf	adobe			0
070123_003820-708877.pdf	adobe			0
070123_015355-515931.pdf	adobe			0
070123_015359-122140.pdf	cairo			0
070123_031130-493145.pdf	office_print			0
070123_031134-748883.pdf	adobe			0
070223_001934-673928.PDF	bcsi_packdesign			0
070223_001938-691678.pdf	bcsi_packdesign			0
070223_004008-242862.pdf	adobe			0
070223_005331-272539.PDF	bcsi_packdesign			0
070223_005333-401224.pdf	bcsi_packdesign			0
070223_011045-112441.pdf	other			0
070223_011320-395511.pdf	other			0
070223_043735-773966.pdf	adobe			0
070223_045855-464974.pdf	adobe			0
070223_045926-871684.pdf	adobe			0
070223_045944-311997.pdf	cairo			0
070223_051629-467670.pdf	adobe			0
070223_051642-717525.pdf	adobe			0
070223_055337-863182.PDF	adobe			0
070223_055340-939848.pdf	adobe	Y	Y	1
070223_055344-656359.pdf	other			0
070223_063149-312117.pdf	other			0
070223_063153-853275.pdf	other			0
070223_063157-797957.pdf	other			0
070223_070029-537583.PDF	adobe			0
070223_070032-447397.pdf	adobe	Y	Y	1
070223_071337-929785.pdf	adobe			0
070223_075808-907566.pdf	cairo			0
070223_084101-636416.PDF	bcsi_packdesign			0
070223_084124-356317.pdf	bcsi_packdesign			0
070223_085714-579837.pdf	bcsi_packdesign			0
070223_085718-598666.PDF	bcsi_packdesign			0
070223_085846-347725.pdf	cairo			0
070323_011547-892524.pdf	bcsi_packdesign			0
070323_011608-974327.PDF	bcsi_packdesign			0
070323_012521-585634.pdf	adobe			0
070323_014428-151963.pdf	office_print			0
070323_021318-257421.pdf	other			0
070323_024809-512423.pdf	other			0
070323_025115-591530.pdf	other			0
070323_060044-264249.PDF	adobe			0
070323_060047-142886.pdf	adobe	Y	Y	1
070323_061138-701559.PDF	adobe			0
070323_061141-836547.pdf	adobe	Y	Y	1
070323_082409-609451.PDF	bcsi_packdesign			0
070323_082412-965022.pdf	bcsi_packdesign			0
070323_082723-421515.pdf	bcsi_packdesign			0
070323_083316-104086.pdf	bcsi_packdesign			0
070423_011230-421487.pdf	cairo			0
070423_023721-932411.pdf	bcsi_packdesign			0
070423_023742-792137.PDF	bcsi_packdesign			0
070423_030133-156852.pdf	office_print			0
070423_040808-664833.PDF	bcsi_packdesign			0
070423_061336-644286.PDF	adobe			0
070423_061339-333952.pdf	adobe	Y	Y	1
070423_065831-897356.pdf	adobe			0
070423_065856-683268.pdf	adobe	Y	Y	1
070423_081509-688039.PDF	adobe			0
070423_081512-377393.pdf	adobe	Y	Y	1
070423_081708-187479.pdf	cairo			0
070423_084647-932529.PDF	bcsi_packdesign			0
070423_084650-802968.pdf	bcsi_packdesign			0
070423_085655-602397.pdf	other			0
070423_090041-734681.pdf	adobe			0
070423_090122-476171.pdf	bcsi_packdesign			0
070423_090318-164421.pdf	cairo			0
070423_091444-192655.pdf	cairo			0
070622_021037.pdf	office_print			0
070622_021115.pdf	other			0
070622_021702.pdf	cairo			0
070622_032203.pdf	cairo			0
070622_032718.pdf	cairo			0
070622_043036.pdf	adobe			0
070622_095440.pdf	bcsi_packdesign			0
070622_095445.PDF	bcsi_packdesign			0
070622_095502.pdf	other			0
070623_020859-538031.pdf	bcsi_packdesign			0
070623_020908-515036.PDF	bcsi_packdesign			0
070623_022244-841321.pdf	cairo			0
070623_040322-873420.pdf	office_print			0
070623_040600-942319.pdf	cairo			0
070623_051705-728666.pdf	office_print			0
070623_061718-808825.pdf	cairo			0
070623_063300-707352.pdf	office_print			0
070623_064156-845222.pdf	adobe			0
070623_064202-529951.pdf	adobe			0
070623_064209-116187.pdf	adobe			0
070623_064317-567672.pdf	adobe			0
070623_064326-291094.pdf	adobe			0
070623_072057-393499.pdf	cairo			0
070623_072646-889394.pdf	other	Y		2
070623_074252-945855.pdf	other	Y		2
070722_040011.pdf	other			0
070722_040614.pdf	other			0
070722_040731.pdf	other			0
070722_073930.pdf	other			0
070723_102933-366737.pdf	adobe	Y	Y	1
070723_114122-391763.pdf	cairo			0
070723_122231-588849.pdf	cairo			0
070723_130336-122112.pdf	cairo			0
070723_130414-522422.pdf	other			0
070723_131344-382294.pdf	other			0
070723_131356-334280.pdf	cairo			0
070723_155356-942199.PDF	adobe			0
070723_155401-366855.pdf	adobe	Y	Y	1
070723_155426-806695.pdf	adobe			0
070723_160119-904779.pdf	cairo			0
070723_180813-512842.pdf	adobe			0
070823_091605-575726.pdf	office_print			0
070823_102823-115676.PDF	bcsi_packdesign			0
070823_112144-137027.pdf	other			0
070823_112149-562875.pdf	other			0
070823_121824-129367.pdf	cairo			0
070823_122051-146131.pdf	cairo			0
070823_122557-626444.pdf	cairo			0
070823_125513-685973.pdf	cairo			0
070823_125717-577680.pdf	cairo			0
070823_130526-878920.pdf	cairo			0
070823_135543-688523.PDF	bcsi_packdesign			0
070823_135925-123848.PDF	bcsi_packdesign			0
070823_151535-482872.pdf	office_print			0
070823_154839-269256.PDF	bcsi_packdesign			0
070823_155757-727469.PDF	bcsi_packdesign			0
070823_155801-651352.PDF	bcsi_packdesign			0
070823_155805-287721.PDF	bcsi_packdesign			0
070823_160140-298926.pdf	adobe			0
070823_160145-787621.pdf	adobe			0
070823_165535-423260.PDF	bcsi_packdesign			0
070823_165538-819035.pdf	adobe			0
070823_170232-559473.PDF	bcsi_packdesign			0
070823_170235-624434.pdf	adobe			0
070922_004318-733421.pdf	adobe	Y	Y	1
070922_004327-151242.pdf	adobe	Y	Y	1
070922_005130-684530.pdf	office_print			0
070922_022741-749725.pdf	other			0
070922_023007-158259.pdf	other			0
070922_023402-455515.pdf	other			0
070922_030730-505666.pdf	other			0
070922_031042-558157.pdf	other			0
070922_031701-347669.pdf	office_print			0
070922_032601-282119.pdf	bcsi_packdesign			0
070922_032604-324966.PDF	bcsi_packdesign			0
070922_032616-732762.pdf	bcsi_packdesign			0
070922_032617-234124.PDF	bcsi_packdesign			0
070922_032630-256644.PDF	bcsi_packdesign			0
070922_032633-674019.pdf	bcsi_packdesign			0
070922_032645-373346.PDF	bcsi_packdesign			0
070922_032647-374223.pdf	bcsi_packdesign			0
070922_041946-888371.PDF	bcsi_packdesign			0
070922_042029-925381.PDF	bcsi_packdesign			0
070922_060808-496590.pdf	bcsi_packdesign			0
070922_060815-909220.pdf	adobe			0
070922_061542-292621.pdf	other			0
070922_062039-853212.pdf	adobe			0
070922_074538-195918.pdf	bcsi_packdesign			0
070922_074547-111481.pdf	adobe			0
070922_091057-629057.PDF	bcsi_packdesign			0
070922_091134-453258.PDF	bcsi_packdesign			0
070922_091324-371673.pdf	bcsi_packdesign			0
070922_091345-315031.pdf	bcsi_packdesign			0
070923_104714-799420.pdf	cairo			0
070923_104840-158953.pdf	cairo			0
070923_105324-976994.pdf	cairo			0
070923_110805-985048.pdf	adobe			0
070923_114828-878345.pdf	other			0
070923_120442-721320.PDF	bcsi_packdesign			0
070923_120453-885914.pdf	bcsi_packdesign			0
070923_144555-876335.pdf	cairo			0
070923_154109-566685.PDF	bcsi_packdesign			0
070923_154114-165737.pdf	bcsi_packdesign			0
070923_155540-225413.PDF	bcsi_packdesign			0
070923_155546-781379.pdf	bcsi_packdesign			0
071022_035358-382870.PDF	bcsi_packdesign			0
071022_035402-701531.pdf	bcsi_packdesign			0
071022_063055-443743.pdf	adobe	Y	Y	1
071022_063346-173076.pdf	adobe	Y	Y	1
071022_073112-917328.pdf	other			0
071022_085541-584646.pdf	adobe			0
071022_095105-568576.pdf	adobe			0
071022_095539-963577.pdf	adobe	Y	Y	1
071022_095636-933041.pdf	adobe			0
071022_095852-528215.pdf	adobe			0
071122_014141-508754.pdf	adobe			0
071122_015618-106581.pdf	other			0
071122_020149-357066.pdf	other			0
071122_032546-582819.pdf	cairo			0
071122_033401-959965.PDF	bcsi_packdesign			0
071122_033641-452389.PDF	bcsi_packdesign			0
071122_033732-325415.PDF	bcsi_packdesign			0
071122_033738-526268.PDF	bcsi_packdesign			0
071122_045701-376946.pdf	adobe	Y		1
071122_045704-488363.PDF	bcsi_packdesign			0
071122_045708-923937.pdf	adobe	Y	Y	1
071122_050405-847177.pdf	adobe	Y		1
071122_050409-986875.PDF	bcsi_packdesign			0
071122_050413-633474.pdf	adobe	Y	Y	1
071122_073950-364727.pdf	adobe			0
071122_074426-493474.pdf	office_print			0
071122_075822-175287.pdf	adobe			0
071122_080026-262322.pdf	adobe			0
071122_080426-599653.pdf	adobe			0
071122_080602-424493.pdf	adobe			0
071122_082401-293014.pdf	adobe	Y	Y	1
071122_082556-988739.pdf	adobe	Y	Y	1
071122_082641-506169.pdf	adobe	Y	Y	1
071122_082752-952464.pdf	adobe	Y	Y	1
071222_004653-961413.pdf	bcsi_packdesign			0
071222_050916-499953.pdf	bcsi_packdesign			0
071222_050942-194126.pdf	adobe			0
071222_051013-916487.pdf	bcsi_packdesign			0
071222_052018-906662.pdf	cairo			0
071222_052025-138196.pdf	cairo			0
071222_054816-246196.pdf	bcsi_packdesign			0
071222_060109-498599.pdf	adobe	Y	Y	1
071222_060656-586657.pdf	office_print			0
071222_060823-917053.pdf	office_print			0
071222_080906-314364.pdf	adobe	Y	Y	1
071222_080917-662576.PDF	bcsi_packdesign			0
071222_083635-988319.PDF	bcsi_packdesign			0
071222_083641-253611.pdf	adobe	Y	Y	1
071222_083646-261699.pdf	cairo			0
071222_083651-763391.pdf	cairo			0
080223_002135-382687.pdf	adobe			0
080223_003743-235832.pdf	bcsi_packdesign			0
080223_003746-313917.PDF	bcsi_packdesign			0
080223_005002-286615.pdf	bcsi_packdesign			0
080223_005010-892615.PDF	bcsi_packdesign			0
080223_005838-238052.PDF	bcsi_packdesign			0
080223_005845-527255.pdf	bcsi_packdesign			0
080223_011447-724436.PDF	bcsi_packdesign			0
080223_011453-781562.pdf	bcsi_packdesign			0
080223_012103-986883.pdf	bcsi_packdesign			0
080223_012108-951716.PDF	bcsi_packdesign			0
080223_014407-335450.pdf	bcsi_packdesign			0
080223_014954-953935.pdf	other			0
080223_020210-433826.pdf	adobe	Y	Y	1
080223_020244-225056.pdf	cairo			0
080223_021211-135438.pdf	other			0
080223_021237-997934.pdf	adobe	Y	Y	1
080223_021745-938139.pdf	cairo			0
080223_062925-744618.PDF	bcsi_packdesign			0
080223_062928-868647.pdf	bcsi_packdesign			0
080223_063046-251965.PDF	bcsi_packdesign			0
080223_063048-219224.pdf	adobe			0
080223_063456-159730.PDF	bcsi_packdesign			0
080223_090206-372423.pdf	adobe	Y	Y	1
080223_090329-124597.pdf	adobe	Y	Y	1
080223_235011-709627.pdf	adobe	Y	Y	1
080223_235041-799273.pdf	adobe			0
080323_023821-719115.pdf	adobe	Y	Y	1
080323_023826-355357.pdf	office_print			0
080323_025211-842043.PDF	bcsi_packdesign			0
080323_025222-362597.pdf	bcsi_packdesign			0
080323_025233-107842.PDF	bcsi_packdesign			0
080323_025239-947389.pdf	bcsi_packdesign			0
080323_030725-441915.pdf	bcsi_packdesign			0
080323_063312-976099.pdf	office_print			0
080323_073144-952254.pdf	adobe			0
080323_073210-137813.PDF	bcsi_packdesign			0
080323_073222-973038.pdf	bcsi_packdesign			0
080323_083038-351364.pdf	adobe			0
080323_234111-349351.pdf	bcsi_packdesign			0
080423_094127-261279.PDF	adobe			0
080423_094133-339763.pdf	adobe	Y	Y	1
080423_095722-194217.PDF	adobe			0
080423_095726-268325.pdf	adobe	Y		1
080523_014523-654888.PDF	adobe			0
080523_014537-129815.pdf	adobe	Y	Y	1
080523_014647-664293.pdf	adobe			0
080523_032407-819783.pdf	other			0
080523_032559-525245.pdf	adobe	Y		1
080523_032659-232679.pdf	other			0
080523_032842-942017.pdf	cairo			0
080523_032904-502332.pdf	adobe	Y	Y	1
080523_034215-857953.pdf	adobe	Y	Y	1
080523_034227-448211.pdf	adobe			0
080523_034244-965826.pdf	adobe	Y	Y	1
080523_034554-768225.pdf	other			0
080523_035706-877230.pdf	adobe	Y	Y	1
080523_035711-594463.PDF	adobe			0
080523_040109-837178.pdf	adobe			0
080523_040125-189764.PDF	adobe			0
080523_040139-123673.pdf	adobe	Y	Y	1
080523_041953-425325.pdf	adobe	Y	Y	1
080523_042010-224124.pdf	adobe	Y	Y	1
080523_054204-981064.pdf	office_print			0
080523_054622-429984.PDF	bcsi_packdesign			0
080523_064733-994152.pdf	adobe			0
080523_070841-332837.pdf	adobe	Y	Y	1
080523_070901-849059.pdf	other	Y	Y	1
080523_074128-728583.pdf	adobe			0
080523_074138-803215.pdf	adobe			0
080523_075358-484580.pdf	adobe			0
080523_075410-847898.pdf	adobe			0
080523_075723-775612.pdf	adobe			0
080523_075928-646990.pdf	adobe			0
080523_080141-464436.PDF	adobe			0
080523_080145-254368.pdf	adobe	Y	Y	1
080523_080305-417939.pdf	other			0
080523_081339-811687.pdf	adobe	Y	Y	1
080523_084337-638216.pdf	cairo			0
080523_085134-655162.pdf	bcsi_packdesign			0
080523_090140-569711.PDF	bcsi_packdesign			0
080622_032512.pdf	adobe			0
080622_091044.pdf	other			0
080622_091121.pdf	other			0
080622_095016.pdf	cairo			0
080623_014852-588338.PDF	bcsi_packdesign			0
080623_014906-163762.pdf	bcsi_packdesign			0
080623_014919-255145.pdf	other			0
080623_020521-126215.pdf	bcsi_packdesign			0
080623_020906-973367.PDF	bcsi_packdesign			0
080623_021218-183670.pdf	bcsi_packdesign			0
080623_021229-527311.PDF	bcsi_packdesign			0
080623_034010-373319.pdf	adobe	Y		1
080623_053238-644286.PDF	bcsi_packdesign			0
080623_054224-651763.PDF	bcsi_packdesign			0
080623_055554-333952.PDF	bcsi_packdesign			0
080623_055558-728219.pdf	adobe			0
080623_055752-393016.pdf	adobe	Y		1
080623_060644-565370.PDF	bcsi_packdesign			0
080623_060649-179610.pdf	adobe			0
080623_060657-564914.pdf	adobe	Y		1
080623_062003-229048.pdf	adobe			0
080623_062144-942373.PDF	bcsi_packdesign			0
080623_083046-654586.pdf	cairo			0
080623_090327-201091.pdf	adobe			0
080623_090330-858858.pdf	adobe			0
080623_090333-599863.pdf	adobe			0
080722_031504.pdf	bcsi_packdesign			0
080722_043455.pdf	adobe			0
080722_061648.pdf	adobe			0
080722_090911.pdf	office_print			0
080722_090958.pdf	office_print			0
080722_091026.pdf	office_print			0
080722_091053.pdf	office_print			0
080722_093045.pdf	other			0
080723_103108-408360.PDF	bcsi_packdesign			0
080723_103112-635429.pdf	bcsi_packdesign			0
080723_103558-955653.PDF	bcsi_packdesign			0
080723_103606-701796.pdf	bcsi_packdesign			0
080723_155954-326675.pdf	adobe			0
080723_160241-109012.pdf	adobe			0
080723_160245-978712.pdf	adobe			0
080723_160835-183496.PDF	bcsi_packdesign			0
080723_160839-808223.pdf	adobe			0
080723_160844-181367.pdf	other			0
080723_162110-143764.pdf	adobe			0
080723_162113-984117.pdf	adobe			0
080723_180656-475030.PDF	bcsi_packdesign			0
080723_180700-265620.pdf	adobe			0
080723_180705-625457.pdf	other			0
080723_181622-695425.pdf	adobe			0
080723_181641-754890.PDF	bcsi_packdesign			0
080723_181823-307335.pdf	other			0
080822_022247-578933.pdf	other			0
080822_071420-321760.pdf	other			0
080822_094742-233941.PDF	adobe			0
080822_094745-307819.pdf	other			0
080822_094748-822912.pdf	adobe	Y	Y	1
080823_102601-276944.pdf	other			0
080823_104658-289612.PDF	bcsi_packdesign			0
080823_105136-251279.pdf	bcsi_packdesign			0
080823_105613-504616.pdf	office_print			0
080823_124248-766479.PDF	bcsi_packdesign			0
080823_124253-144394.pdf	bcsi_packdesign			0
080823_170832-831532.PDF	bcsi_packdesign			0
080823_170841-247211.pdf	bcsi_packdesign			0
080823_170844-367157.pdf	adobe	Y	Y	1
080823_170853-375749.pdf	adobe	Y	Y	1
080823_174944-332326.pdf	cairo			0
080823_182941-624351.PDF	bcsi_packdesign			0
080823_182949-402056.pdf	other			0
080922_015940-282749.pdf	office_print			0
080922_024617-769961.pdf	other			0
080922_024741-483383.pdf	other			0
080922_084009-612670.pdf	other			0
080922_084046-999817.pdf	other			0
080922_085839-674439.pdf	adobe			0
080922_093647-582691.pdf	adobe	Y		1
080922_093650-642431.pdf	adobe	Y		1
080922_093811-635639.pdf	adobe	Y		1
080922_093816-272321.pdf	adobe	Y		1
080923_093615-353621.pdf	office_print			0
080923_102532-298267.pdf	cairo			0
080923_105608-133399.pdf	adobe	Y	Y	1
080923_105630-813634.pdf	adobe	Y	Y	1
080923_105634-655519.pdf	adobe	Y	Y	1
080923_105657-148378.pdf	adobe	Y	Y	1
080923_105704-633236.pdf	adobe	Y	Y	1
080923_105711-151928.pdf	adobe	Y	Y	1
080923_105723-379111.pdf	adobe	Y	Y	1
080923_105730-429655.pdf	adobe	Y	Y	1
080923_105737-257484.pdf	adobe	Y	Y	1
080923_105745-639175.pdf	adobe	Y	Y	1
080923_105749-114416.pdf	adobe	Y	Y	1
080923_105756-412063.pdf	adobe	Y	Y	1
080923_110152-103941.pdf	adobe	Y	Y	1
080923_110157-934722.pdf	adobe	Y	Y	1
080923_110203-706693.pdf	adobe	Y	Y	1
080923_121534-506086.pdf	cairo			0
080923_122540-583568.PDF	bcsi_packdesign			0
080923_123705-656597.pdf	other			0
080923_123720-228957.pdf	adobe	Y	Y	1
080923_123759-221749.PDF	bcsi_packdesign			0
080923_123814-946814.pdf	adobe	Y	Y	1
080923_123834-812639.pdf	adobe			0
081022_040122-263975.PDF	bcsi_packdesign			0
081022_041224-721558.pdf	cairo			0
081022_041849-543352.pdf	adobe			0
081022_110306-637978.pdf	bcsi_packdesign			0
081022_110312-663480.PDF	bcsi_packdesign			0
081122_012626-344672.PDF	bcsi_packdesign			0
081122_050029-986792.pdf	bcsi_packdesign			0
081122_050034-379048.pdf	cairo			0
081122_050058-761289.PDF	bcsi_packdesign			0
081122_051456-465213.pdf	adobe	Y	Y	1
081122_053001-203257.pdf	office_print			0
081122_080850-571349.pdf	adobe			0
081122_081129-356682.pdf	adobe			0
081122_081806-521069.pdf	bcsi_packdesign			0
081222_011631-115439.PDF	bcsi_packdesign			0
081222_013326-833724.pdf	bcsi_packdesign			0
081222_013332-151836.PDF	bcsi_packdesign			0
081222_024417-272987.pdf	adobe			0
081222_030934-338923.pdf	office_print			0
081222_031151-284275.pdf	adobe	Y	Y	1
081222_053132-577827.pdf	adobe			0
081222_053250-558184.pdf	adobe			0
081222_053255-591740.pdf	adobe			0
081222_053638-763299.pdf	other			0
081222_054409-697170.pdf	other			0
081222_061937-606656.pdf	adobe			0
081222_061946-731713.pdf	adobe			0
081222_072605-786185.pdf	other			0
081222_072800-207634.pdf	other			0
081222_075639-765758.pdf	adobe			0
081222_080743-703295.pdf	other			0
090123_013915-826932.pdf	adobe			0
090123_013945-619835.pdf	adobe	Y	Y	1
090123_014006-226974.pdf	cairo			0
090123_014200-685882.pdf	adobe			0
090123_015551-348272.pdf	cairo			0
090123_015600-611793.pdf	adobe			0
090123_021234-357185.PDF	adobe			0
090123_025657-155655.pdf	adobe	Y	Y	1
090123_030240-378563.pdf	office_print			0
090123_031107-517430.pdf	adobe	Y	Y	1
090123_032852-361792.pdf	adobe	Y	Y	1
090123_033708-617979.pdf	bcsi_packdesign			0
090123_051922-905647.pdf	bcsi_packdesign			0
090123_051927-941596.PDF	bcsi_packdesign			0
090123_051933-698367.pdf	cairo			0
090123_080131-454491.pdf	adobe			0
090123_082756-281151.pdf	adobe	Y	Y	1
090223_004156-181988.pdf	office_print			0
090223_004436-451011.pdf	office_print			0
090223_011412-597797.pdf	adobe			0
090223_013722-567828.PDF	bcsi_packdesign			0
090223_013726-244817.PDF	bcsi_packdesign			0
090223_014305-814383.PDF	adobe			0
090223_014308-582637.pdf	adobe	Y	Y	1
090223_021605-389376.pdf	other			0
090223_021702-271243.pdf	adobe			0
090223_021748-333916.pdf	adobe			0
090223_022117-918470.pdf	adobe			0
090223_024642-543891.pdf	cairo			0
090223_032707-402274.pdf	bcsi_packdesign			0
090223_033013-662576.pdf	other			0
090223_043838-592187.PDF	bcsi_packdesign			0
090223_043840-126396.pdf	bcsi_packdesign			0
090223_043928-649266.PDF	bcsi_packdesign			0
090223_043929-696274.pdf	bcsi_packdesign			0
090223_051200-814867.PDF	bcsi_packdesign			0
090223_051348-451851.pdf	other			0
090223_053128-223283.pdf	adobe			0
090223_064901-413169.pdf	other			0
090223_065107-596354.pdf	cairo			0
090223_072845-795673.PDF	adobe			0
090223_072849-444492.pdf	adobe	Y	Y	1
090223_073340-486837.pdf	adobe			0
090223_075257-191394.pdf	adobe			0
090223_085257-933635.PDF	bcsi_packdesign			0
090323_005630-698221.pdf	adobe			0
090323_005649-631829.pdf	adobe	Y	Y	1
090323_011359-918378.pdf	adobe			0
090323_011409-369139.pdf	adobe	Y	Y	1
090323_012521-314154.pdf	cairo			0
090323_020112-925619.pdf	office_print			0
090323_023835-877778.pdf	bcsi_packdesign			0
090323_023847-803186.PDF	bcsi_packdesign			0
090323_024545-355211.pdf	adobe			0
090323_025005-405811.PDF	bcsi_packdesign			0
090323_025019-927691.PDF	bcsi_packdesign			0
090323_025027-489679.pdf	bcsi_packdesign			0
090323_031259-248590.pdf	cairo			0
090323_032127-942163.pdf	adobe	Y	Y	1
090323_044624-456145.PDF	bcsi_packdesign			0
090323_045347-956365.pdf	cairo			0
090323_051602-944539.pdf	cairo			0
090323_073227-725039.pdf	adobe			0
090323_073231-221246.pdf	adobe	Y	Y	1
090523_012427-582546.pdf	cairo			0
090523_014355-908470.pdf	adobe			0
090523_021458-658425.pdf	other			0
090523_062038-281032.pdf	cairo			0
090523_071024-991237.pdf	office_print			0
090523_071719-636718.pdf	adobe			0
090523_072011-487998.pdf	cairo			0
090523_072439-148287.pdf	bcsi_packdesign			0
090523_072504-951568.PDF	bcsi_packdesign			0
090523_072858-792073.pdf	cairo			0
090523_074125-708969.pdf	cairo			0
090523_074251-851412.pdf	adobe	Y		1
090523_074349-168057.PDF	bcsi_packdesign			0
090523_074414-839719.pdf	bcsi_packdesign			0
090523_075054-426860.pdf	adobe			0
090523_080105-324281.PDF	bcsi_packdesign			0
090523_080112-222799.pdf	bcsi_packdesign			0
090523_083906-565124.pdf	adobe			0
090523_094355-207898.PDF	bcsi_packdesign			0
090622_080623.pdf	office_print			0
090622_084200.pdf	cairo			0
090622_084458.pdf	office_print			0
090622_085441.pdf	office_print			0
090622_091459.pdf	office_print			0
090622_091637.pdf	other			0
090623_013221-383290.pdf	adobe			0
090623_013229-786779.pdf	adobe	Y	Y	1
090623_013314-756480.pdf	bcsi_packdesign			0
090623_013322-289793.PDF	bcsi_packdesign			0
090623_015110-169611.PDF	bcsi_packdesign			0
090623_015939-279228.pdf	cairo			0
090623_020620-899485.pdf	adobe			0
090623_020627-867568.pdf	adobe	Y	Y	1
090623_023828-862588.pdf	other			0
090623_030743-783755.pdf	bcsi_packdesign			0
090623_030750-817024.PDF	bcsi_packdesign			0
090623_031158-553890.pdf	office_print			0
090623_031205-465148.pdf	office_print			0
090623_031213-809721.pdf	other	Y		1
090623_031654-422420.pdf	office_print			0
090623_031801-927446.pdf	other	Y		1
090623_034203-432665.pdf	cairo			0
090623_035407-166943.pdf	other			0
090623_060139-581978.PDF	bcsi_packdesign			0
090623_060143-995978.pdf	adobe			0
090623_060146-537254.pdf	adobe			0
090623_064905-535965.pdf	adobe	Y	Y	1
090623_065020-348839.pdf	adobe	Y	Y	1
090623_065257-918496.pdf	adobe	Y	Y	1
090623_065303-904240.pdf	adobe	Y	Y	1
090623_065307-373712.pdf	other			0
090623_065348-534795.pdf	office_print			0
090623_071736-787894.pdf	office_print			0
090623_073335-313432.pdf	cairo			0
090623_073858-254962.pdf	cairo			0
090623_074750-844080.pdf	cairo			0
090623_075139-484461.pdf	office_print			0
090623_075425-838312.pdf	office_print			0
090623_075734-884780.pdf	cairo			0
090822_041350-958412.pdf	office_print			0
090822_041504-307161.pdf	other			0
090822_061151-878226.pdf	other			0
090822_064019-548515.PDF	adobe			0
090822_064023-666988.pdf	adobe	Y	Y	1
090822_082349-643271.pdf	cairo			0
090822_095610-625220.pdf	other			0
090822_100200-382414.pdf	other			0
090823_094529-173223.pdf	cairo			0
090823_095700-651973.pdf	adobe			0
090823_110928-465660.pdf	cairo			0
090823_111441-482928.pdf	other			0
090823_113233-645310.pdf	cairo			0
090823_130022-358573.pdf	cairo			0
090823_153614-825342.pdf	other			0
090823_154213-391133.pdf	other			0
090823_160710-211841.pdf	office_print			0
090823_160810-765941.pdf	adobe	Y		1
090823_160827-776634.pdf	adobe	Y	Y	1
090823_161523-976665.pdf	office_print			0
090823_174025-272293.pdf	other			0
090823_174034-774743.pdf	office_print			0
090823_175848-878738.pdf	other			0
090823_180342-449289.pdf	other			0
090922_011419-659329.PDF	bcsi_packdesign			0
090922_011500-756096.pdf	office_print			0
090922_011550-396533.pdf	adobe	Y	Y	1
090922_014404-531168.pdf	other			0
090922_020655-161570.pdf	adobe			0
090922_020702-199371.pdf	adobe			0
090922_020710-341520.pdf	adobe			0
090922_021007-882341.pdf	bcsi_packdesign			0
090922_021016-235622.pdf	adobe	Y	Y	1
090922_093349-146460.pdf	office_print			0
091122_024320-817829.PDF	bcsi_packdesign			0
091122_024323-424731.pdf	adobe	Y	Y	1
091122_025011-597140.PDF	bcsi_packdesign			0
091122_025014-179016.pdf	adobe	Y	Y	1
091122_061857-432748.pdf	adobe			0
091122_083424-551917.pdf	office_print			0
091222_003701-284878.pdf	bcsi_packdesign			0
091222_004719-192318.pdf	adobe	Y	Y	1
091222_012357-314428.pdf	bcsi_packdesign			0
091222_012430-327880.pdf	bcsi_packdesign			0
091222_014701-487615.pdf	office_print			0
091222_014719-649540.pdf	adobe			0
091222_044434-352443.pdf	cairo			0
091222_065323-444373.pdf	adobe	Y	Y	1
091222_065456-158232.pdf	cairo			0
091222_080701-126396.pdf	office_print			0
100123_004552-104899.pdf	adobe			0
100123_005242-177599.pdf	adobe			0
100123_010158-948677.pdf	adobe			0
100123_011708-167336.PDF	bcsi_packdesign			0
100123_011720-811743.pdf	bcsi_packdesign			0
100123_011720-949573.pdf	adobe			0
100123_012635-241189.pdf	adobe			0
100123_012646-834446.pdf	adobe			0
100123_020718-554347.pdf	adobe			0
100123_020742-387667.pdf	adobe			0
100123_062102-814082.PDF	bcsi_packdesign			0
100223_011602-572336.pdf	adobe			0
100223_012551-124569.pdf	office_print			0
100223_021940-117869.pdf	adobe			0
100223_030700-357012.pdf	cairo			0
100223_030830-914477.pdf	office_print			0
100223_030906-614882.pdf	office_print			0
100223_041249-728822.pdf	bcsi_packdesign			0
100223_043234-498390.PDF	bcsi_packdesign			0
100223_045457-153196.pdf	adobe	Y	Y	1
100223_050816-964629.pdf	adobe			0
100223_080231-875493.pdf	cairo			0
100223_085505-475897.PDF	adobe			0
100223_085509-184119.pdf	adobe	Y	Y	1
100223_092225-728849.PDF	bcsi_packdesign			0
100323_010541-209827.pdf	other			0
100323_011408-993667.PDF	adobe			0
100323_011412-998528.pdf	bcsi_packdesign			0
100323_014733-581824.PDF	adobe			0
100323_014737-733933.pdf	adobe	Y	Y	1
100323_014755-818258.pdf	adobe			0
100323_014813-447736.pdf	other			0
100323_021109-656332.PDF	bcsi_packdesign			0
100323_021119-192235.pdf	bcsi_packdesign			0
100323_022313-205477.pdf	cairo			0
100323_030413-792823.pdf	office_print			0
100323_030702-657018.pdf	adobe	Y	Y	1
100323_051529-565333.pdf	cairo			0
100323_053706-123162.pdf	bcsi_packdesign			0
100323_060756-311550.PDF	bcsi_packdesign			0
100323_060801-794266.pdf	bcsi_packdesign			0
100323_063647-908287.pdf	office_print			0
100323_070856-233977.pdf	adobe	Y		1
100323_071339-372596.PDF	bcsi_packdesign			0
100323_071342-765337.pdf	bcsi_packdesign			0
100323_081716-119970.pdf	bcsi_packdesign			0
100323_083522-716272.pdf	cairo			0
100323_083543-411945.PDF	bcsi_packdesign			0
100323_085302-496627.pdf	adobe	Y	Y	1
100323_085459-159822.pdf	adobe	Y	Y	1
100323_092759-611766.PDF	bcsi_packdesign			0
100423_053908-693214.pdf	adobe			0
100423_070656-982288.PDF	bcsi_packdesign			0
100423_071544-604828.pdf	cairo			0
100423_072218-519567.PDF	bcsi_packdesign			0
100423_072659-305562.pdf	bcsi_packdesign			0
100423_081032-316164.pdf	office_print			0
100423_084541-394066.pdf	adobe			0
100423_085352-527521.PDF	bcsi_packdesign			0
100523_012059-916332.PDF	bcsi_packdesign			0
100523_012108-409110.pdf	bcsi_packdesign			0
100523_012124-591584.pdf	adobe			0
100523_020908-291368.pdf	office_print			0
100523_021353-825315.PDF	bcsi_packdesign			0
100523_021356-802128.pdf	bcsi_packdesign			0
100523_021424-111839.pdf	office_print			0
100523_021628-179135.pdf	office_print			0
100523_021712-768015.pdf	adobe	Y		1
100523_022845-227485.pdf	cairo			0
100523_022859-468246.pdf	adobe			0
100523_035614-877595.pdf	bcsi_packdesign			0
100523_035636-127119.pdf	bcsi_packdesign			0
100523_035651-773125.pdf	other			0
100523_035700-922915.pdf	other			0
100523_041824-323532.PDF	bcsi_packdesign			0
100523_061610-874178.PDF	bcsi_packdesign			0
100523_061616-389951.pdf	bcsi_packdesign			0
100523_071117-103583.PDF	bcsi_packdesign			0
100523_071222-558752.pdf	bcsi_packdesign			0
100523_071554-921626.PDF	bcsi_packdesign			0
100523_071641-217578.pdf	bcsi_packdesign			0
100523_074644-601612.pdf	other			0
100523_074656-639449.PDF	bcsi_packdesign			0
100523_074720-593330.pdf	bcsi_packdesign			0
100523_075543-758097.pdf	cairo			0
100523_090640-444638.pdf	cairo			0
100523_090707-871866.pdf	other			0
100523_092637-299254.pdf	office_print			0
100523_094008-995860.PDF	bcsi_packdesign			0
100523_094012-545874.pdf	office_print			0
100523_095932-594226.pdf	other			0
100622_015600.pdf	adobe			0
100622_035149.PDF	bcsi_packdesign			0
100623_013401-678131.pdf	cairo			0
100623_015823-254670.pdf	cairo			0
100623_022939-892012.pdf	adobe			0
100623_040327-957452.PDF	adobe			0
100623_042145-391343.PDF	adobe			0
100623_051931-482516.pdf	adobe	Y	Y	1
100623_051937-643117.pdf	office_print			0
100623_061801-429647.pdf	other			0
100723_102102-924960.PDF	bcsi_packdesign			0
100723_102120-518425.pdf	bcsi_packdesign			0
100723_103447-841147.PDF	bcsi_packdesign			0
100723_103450-809098.pdf	adobe			0
100723_103454-784477.pdf	other			0
100723_105347-619294.pdf	adobe			0
100723_105921-529448.PDF	bcsi_packdesign			0
100723_105929-686513.pdf	bcsi_packdesign			0
100723_114544-833030.PDF	bcsi_packdesign			0
100723_115658-579235.PDF	bcsi_packdesign			0
100723_115718-953515.pdf	bcsi_packdesign			0
100723_122522-446082.PDF	bcsi_packdesign			0
100723_123952-103731.pdf	adobe			0
100723_123955-727953.pdf	adobe			0
100723_124323-586621.pdf	adobe			0
100723_124326-289199.pdf	adobe			0
100723_124854-252358.pdf	cairo			0
100723_125518-139584.pdf	cairo			0
100723_125638-945224.PDF	bcsi_packdesign			0
100723_125709-982526.pdf	bcsi_packdesign			0
100723_125845-998556.PDF	bcsi_packdesign			0
100723_142810-684767.PDF	bcsi_packdesign			0
100723_142840-114123.pdf	bcsi_packdesign			0
100723_142849-298148.pdf	adobe			0
100723_142855-651435.pdf	adobe			0
100723_143813-506799.PDF	bcsi_packdesign			0
100723_143817-583358.pdf	adobe			0
100723_143820-344160.pdf	other			0
100723_143820-436594.pdf	bcsi_packdesign			0
100723_143822-469626.PDF	bcsi_packdesign			0
100723_143828-823359.pdf	bcsi_packdesign			0
100723_143835-534074.pdf	adobe			0
100723_145446-758637.PDF	bcsi_packdesign			0
100723_154526-542247.pdf	adobe	Y	Y	1
100723_154802-271872.pdf	cairo			0
100723_155108-219972.pdf	adobe	Y	Y	1
100723_155115-672036.pdf	cairo			0
100723_155413-741985.pdf	other			0
100723_155419-672995.pdf	adobe			0
100723_161330-168057.pdf	other			0
100723_161335-371637.pdf	other			0
100723_165033-697498.pdf	office_print			0
100723_170320-848557.pdf	cairo			0
100723_175642-383921.PDF	bcsi_packdesign			0
100723_175648-217844.pdf	bcsi_packdesign			0
100822_012109-803690.pdf	bcsi_packdesign			0
100822_013948-684320.pdf	bcsi_packdesign			0
100822_064748-129156.pdf	bcsi_packdesign			0
100822_064756-737175.PDF	bcsi_packdesign			0
100823_105832-408478.pdf	adobe			0
100823_111208-124661.pdf	other			0
100823_111224-626899.pdf	other			0
100823_111332-934658.pdf	adobe	Y	Y	1
100823_114927-952262.pdf	cairo			0
100823_120816-803425.PDF	bcsi_packdesign			0
100823_123117-238747.PDF	adobe			0
100823_123126-182327.pdf	other			0
100823_125039-924330.pdf	cairo			0
100823_125042-779029.pdf	cairo			0
100823_144429-305598.pdf	office_print			0
100823_144455-876819.pdf	office_print			0
100823_144512-399019.pdf	office_print			0
100823_144534-552967.pdf	office_print			0
100823_153345-335926.pdf	cairo			0
100823_153348-997843.PDF	bcsi_packdesign			0
100823_155130-562547.PDF	bcsi_packdesign			0
100823_164441-317964.PDF	bcsi_packdesign			0
100823_164743-106279.PDF	bcsi_packdesign			0
100823_164908-454611.PDF	bcsi_packdesign			0
100823_183641-773720.pdf	adobe			0
100823_185137-938285.pdf	office_print			0
100823_185234-492031.pdf	office_print			0
100823_190543-331183.pdf	office_print			0
100922_014108-967242.pdf	cairo			0
100922_020029-911086.pdf	cairo			0
101022_063107-244123.pdf	cairo			0
101022_072543-614050.pdf	adobe	Y	Y	1
101022_075536-228537.pdf	other			0
101022_075547-518178.pdf	adobe	Y		1
101022_080756-664165.pdf	other			0
101022_080915-386050.pdf	adobe	Y		1
101022_082005-869880.pdf	other			0
101022_082446-482543.pdf	other			0
101022_082735-835315.pdf	adobe	Y	Y	1
101022_093959-859818.PDF	bcsi_packdesign			0
101022_094028-415418.pdf	bcsi_packdesign			0
101122_002556-394515.PDF	bcsi_packdesign			0
101122_020605-229286.PDF	bcsi_packdesign			0
101122_020609-792676.pdf	adobe	Y	Y	1
101122_021240-319710.pdf	bcsi_packdesign			0
101122_030742-504132.PDF	bcsi_packdesign			0
101122_030745-331430.pdf	adobe	Y	Y	1
101122_030906-951869.pdf	other			0
101122_032057-922082.pdf	adobe			0
101122_032105-378060.pdf	bcsi_packdesign			0
101122_032108-923243.PDF	bcsi_packdesign			0
101122_033443-431194.PDF	bcsi_packdesign			0
101122_033449-325022.pdf	adobe	Y	Y	1
101122_033457-403353.pdf	other			0
101122_034319-468154.pdf	adobe			0
101122_052731-992141.pdf	office_print			0
101122_054214-981685.pdf	office_print			0
101122_071945-914715.pdf	bcsi_packdesign			0
101122_071950-217332.PDF	bcsi_packdesign			0
101122_084341-382541.PDF	bcsi_packdesign			0
101122_084345-859662.pdf	adobe	Y	Y	1
101222_062157-945196.pdf	adobe			0
110123_001038-386168.pdf	office_print			0
110123_003641-597377.PDF	bcsi_packdesign			0
110123_011111-495182.PDF	bcsi_packdesign			0
110123_011115-708695.pdf	other			0
110123_011118-783782.pdf	bcsi_packdesign			0
110123_011942-812583.pdf	adobe			0
110123_024719-532365.PDF	bcsi_packdesign			0
110123_024723-815973.pdf	adobe	Y	Y	1
110123_031851-268718.pdf	adobe			0
110123_032122-304757.PDF	bcsi_packdesign			0
110123_032136-181066.pdf	bcsi_packdesign			0
110123_044553-855193.pdf	adobe			0
110123_050115-725486.PDF	adobe			0
110123_050119-963486.pdf	adobe	Y	Y	1
110123_050941-223374.pdf	adobe	Y		1
110123_050948-248710.PDF	bcsi_packdesign			0
110123_050952-267932.pdf	bcsi_packdesign			0
110123_054713-699327.PDF	bcsi_packdesign			0
110123_054720-378572.PDF	bcsi_packdesign			0
110123_054725-681259.pdf	bcsi_packdesign			0
110123_054727-224361.pdf	adobe			0
110123_063910-214728.pdf	adobe			0
110123_073452-426887.pdf	adobe			0
110123_075106-799757.PDF	adobe			0
110123_075116-344125.pdf	adobe	Y	Y	1
110223_003032-446264.pdf	adobe	Y	Y	1
110223_003141-334546.pdf	adobe			0
110223_010902-295864.pdf	bcsi_packdesign			0
110223_010907-741199.PDF	bcsi_packdesign			0
110223_013445-114333.pdf	bcsi_packdesign			0
110223_013504-514917.PDF	bcsi_packdesign			0
110223_014505-829664.pdf	bcsi_packdesign			0
110223_014513-299765.PDF	bcsi_packdesign			0
110223_015435-183826.pdf	bcsi_packdesign			0
110223_015451-749661.PDF	bcsi_packdesign			0
110223_024523-712217.pdf	other			0
110223_024634-904569.pdf	other			0
110223_024706-878857.pdf	other			0
110223_024741-281579.pdf	bcsi_packdesign			0
110223_024747-932949.PDF	bcsi_packdesign			0
110223_024805-565215.pdf	other			0
110223_024908-457397.pdf	other			0
110223_025001-948951.pdf	other			0
110223_025030-894835.pdf	other			0
110223_025051-744115.pdf	other			0
110223_025452-127722.pdf	bcsi_packdesign			0
110223_025458-216948.PDF	bcsi_packdesign			0
110223_025937-917419.pdf	adobe	Y	Y	1
110223_025941-768973.pdf	office_print			0
110223_030354-907713.pdf	office_print			0
110223_045937-224571.PDF	bcsi_packdesign			0
110223_045942-599836.pdf	bcsi_packdesign			0
110223_050022-188322.PDF	bcsi_packdesign			0
110223_050026-898589.pdf	bcsi_packdesign			0
110223_083406-368390.pdf	office_print			0
110323_004854-559410.pdf	office_print			0
110323_053215-243437.PDF	bcsi_packdesign			0
110323_053952-883547.PDF	bcsi_packdesign			0
110323_054009-557610.pdf	cairo			0
110323_061927-476528.pdf	adobe	Y	Y	1
110323_065054-282749.PDF	bcsi_packdesign			0
110323_071542-849488.PDF	bcsi_packdesign			0
110323_071826-734261.pdf	cairo			0
110323_073113-399466.pdf	office_print			0
110323_073425-454883.pdf	adobe			0
110323_075702-104269.pdf	bcsi_packdesign			0
110323_075723-157993.pdf	cairo			0
110323_080135-785582.pdf	adobe	Y	Y	1
110323_080227-734982.pdf	adobe			0
110323_080307-981182.pdf	adobe	Y	Y	1
110323_080409-792850.pdf	bcsi_packdesign			0
110323_081130-474070.PDF	bcsi_packdesign			0
110323_081152-441166.pdf	cairo			0
110323_082216-443377.pdf	bcsi_packdesign			0
110323_082922-474252.pdf	adobe			0
110323_083017-704592.pdf	cairo			0
110423_013729-126187.pdf	other			0
110523_011848-674019.PDF	bcsi_packdesign			0
110523_021816-927930.PDF	adobe			0
110523_021938-815526.pdf	adobe	Y	Y	1
110523_031021-212325.PDF	bcsi_packdesign			0
110523_031536-912494.pdf	adobe	Y	Y	1
110523_031619-678696.pdf	office_print			0
110523_032152-986254.PDF	bcsi_packdesign			0
110523_033209-247248.pdf	other			0
110523_033213-656324.pdf	other			0
110523_033329-275354.pdf	other			0
110523_033334-278534.pdf	other			0
110523_033531-297820.pdf	adobe	Y	Y	1
110523_033635-541378.pdf	adobe	Y		1
110523_034421-851146.pdf	adobe			0
110523_040414-233136.PDF	bcsi_packdesign			0
110523_042647-282329.pdf	office_print			0
110523_063254-567379.pdf	office_print			0
110523_074117-596839.pdf	other			0
110523_074122-637859.pdf	other			0
110523_074126-128379.pdf	other			0
110523_080448-107240.pdf	cairo			0
110523_082616-866728.pdf	other			0
110523_090246-787054.pdf	other			0
110523_094345-132586.PDF	bcsi_packdesign			0
110523_094350-267181.pdf	bcsi_packdesign			0
110722_055501.pdf	other			0
110722_055831.pdf	other			0
110722_071903.pdf	adobe			0
110723_122515-624077.pdf	bcsi_packdesign			0
110723_151219-829637.pdf	adobe			0
110723_151231-881053.pdf	adobe			0
110723_151241-212828.PDF	bcsi_packdesign			0
110723_155611-814291.pdf	adobe			0
110723_155618-357248.pdf	adobe			0
110723_162057-773537.pdf	office_print			0
110723_162837-679931.pdf	bcsi_packdesign			0
110723_163054-939337.pdf	bcsi_packdesign			0
110723_163307-908343.pdf	other			0
110723_163357-827536.pdf	bcsi_packdesign			0
110822_033019-683333.PDF	adobe			0
110822_033025-493985.pdf	adobe	Y	Y	1
110822_035417-485568.PDF	adobe			0
110822_035421-689628.pdf	adobe	Y	Y	1
110822_042338-635612.pdf	cairo			0
110822_073010-766964.pdf	office_print			0
110822_073015-848977.pdf	office_print			0
110822_091645-473055.pdf	bcsi_packdesign			0
110822_091653-353466.pdf	adobe	Y	Y	1
110822_092105-594498.pdf	adobe	Y		1
110822_092314-487615.pdf	other			0
110822_105351-503290.PDF	bcsi_packdesign			0
110823_094913-498637.PDF	adobe			0
110823_094915-869031.pdf	cairo			0
110823_103649-905044.pdf	cairo			0
110823_105526-931569.pdf	adobe			0
110823_110609-462297.pdf	other			0
110823_114245-815645.pdf	adobe			0
110823_124756-612789.pdf	other			0
110823_125423-279740.pdf	adobe	Y	Y	1
110823_125428-629414.pdf	adobe	Y	Y	1
110823_125931-535271.pdf	other			0
110823_130031-141626.pdf	adobe	Y	Y	1
110823_130213-987424.pdf	other			0
110823_162929-908771.pdf	other			0
110823_163314-125775.pdf	adobe			0
110823_164713-979819.pdf	cairo			0
110823_170550-321011.PDF	adobe			0
110823_171017-541286.pdf	other			0
110823_171356-245412.pdf	other			0
110823_173319-872497.pdf	other			0
110823_175701-378326.pdf	other			0
110823_180933-657199.pdf	adobe	Y	Y	1
110823_180939-915921.pdf	other			0
110823_181059-886790.pdf	other			0
110823_181102-276980.pdf	other			0
110823_181324-456228.pdf	cairo			0
110823_181931-114150.pdf	other			0
111022_023717-991511.pdf	other			0
111022_050257-862041.pdf	other			0
111022_050501-541552.pdf	cairo			0
111022_073042-556266.pdf	office_print			0
111022_080311-339763.pdf	other			0
111022_082631-275930.pdf	office_print			0
111022_084954-206491.pdf	office_print			0
111022_092156-203851.pdf	adobe			0
111022_092205-455122.pdf	adobe			0
111022_092217-133729.pdf	adobe			0
111022_092227-898882.pdf	adobe			0
111022_092238-537884.pdf	adobe			0
111022_092246-888554.pdf	adobe			0
111022_092300-329645.pdf	adobe			0
111022_092309-379614.pdf	adobe			0
111022_121836-194482.pdf	adobe			0
111122_010417-534970.pdf	office_print			0
111122_011725-689866.pdf	adobe	Y	Y	1
111122_011742-101446.pdf	cairo			0
111122_012816-197059.PDF	adobe			0
111122_012822-999067.pdf	adobe	Y	Y	1
111122_012833-537199.pdf	other			0
111122_015758-814356.pdf	office_print			0
111122_023014-759267.pdf	other			0
111122_023105-954482.pdf	adobe	Y	Y	1
111122_023108-669483.PDF	bcsi_packdesign			0
111122_023320-603091.PDF	bcsi_packdesign			0
111122_023324-354517.pdf	bcsi_packdesign			0
111122_023327-591977.pdf	other			0
111122_031331-251728.pdf	office_print			0
111122_043810-689510.PDF	bcsi_packdesign			0
111122_043814-307244.pdf	bcsi_packdesign			0
111122_044216-642724.pdf	bcsi_packdesign			0
111122_045852-629294.PDF	bcsi_packdesign			0
111122_045957-751381.PDF	bcsi_packdesign			0
111122_054707-308148.pdf	other			0
111122_055035-148744.pdf	other			0
111122_061917-668936.PDF	bcsi_packdesign			0
111122_061928-819638.pdf	bcsi_packdesign			0
111122_075226-578640.PDF	bcsi_packdesign			0
111122_075232-247540.PDF	bcsi_packdesign			0
111122_075238-226618.pdf	bcsi_packdesign			0
120123_024028-998884.PDF	bcsi_packdesign			0
120123_024032-629952.pdf	adobe	Y	Y	1
120123_024039-575635.pdf	other			0
120123_024801-518151.PDF	adobe			0
120123_024927-697562.pdf	adobe	Y	Y	1
120123_025146-696841.pdf	cairo			0
120123_025157-541789.pdf	cairo			0
120123_025220-534467.pdf	other			0
120123_025223-137840.PDF	adobe			0
120123_025226-218328.pdf	adobe	Y	Y	1
120123_031004-436649.pdf	adobe	Y	Y	1
120123_033013-659392.pdf	adobe			0
120123_053936-411434.pdf	adobe			0
120123_053941-352333.pdf	adobe	Y		1
120123_075859-967269.PDF	adobe			0
120123_082814-289199.pdf	adobe			0
120123_090202-916843.PDF	bcsi_packdesign			0
120123_090211-748912.pdf	adobe	Y	Y	1
120523_010712-435032.PDF	bcsi_packdesign			0
120523_010722-643419.pdf	bcsi_packdesign			0
120523_023323-108646.pdf	office_print			0
120523_023330-818130.pdf	office_print			0
120523_041713-279858.pdf	adobe			0
120523_041743-495877.PDF	adobe			0
120523_041746-353767.pdf	adobe	Y	Y	1
120523_060050-198649.pdf	other			0
120523_062906-703450.pdf	office_print			0
120523_062942-692281.pdf	cairo			0
120523_072658-817353.PDF	adobe			0
120523_072703-404760.pdf	adobe	Y	Y	1
120523_083418-732727.pdf	cairo			0
120523_084724-227514.PDF	bcsi_packdesign			0
120523_084845-376379.PDF	bcsi_packdesign			0
120523_085009-272448.PDF	bcsi_packdesign			0
120523_085016-728456.pdf	other			0
120623_084119-422749.pdf	other			0
120623_084248-704739.pdf	adobe			0
120623_084253-518060.PDF	bcsi_packdesign			0
120623_090051-869424.PDF	bcsi_packdesign			0
120623_090055-658972.pdf	adobe			0
120623_090113-238263.pdf	other			0
120623_091854-209790.pdf	adobe			0
120623_091911-417611.PDF	bcsi_packdesign			0
120623_091919-165681.pdf	other			0
120722_015255.pdf	adobe			0
120722_020035.pdf	adobe			0
120722_031458.pdf	adobe	Y	Y	1
120722_060932.pdf	adobe			0
120722_085301.pdf	other			0
120723_102144-502514.pdf	adobe			0
120723_104553-973514.pdf	cairo			0
120723_104934-709298.PDF	bcsi_packdesign			0
120723_105539-213466.PDF	bcsi_packdesign			0
120723_111931-534614.pdf	adobe	Y	Y	1
120723_111947-306942.pdf	adobe	Y	Y	1
120723_111950-914414.pdf	adobe	Y	Y	1
120723_111956-318895.pdf	adobe	Y	Y	1
120723_112003-414549.pdf	adobe	Y	Y	1
120723_112010-128169.pdf	adobe	Y	Y	1
120723_112743-926039.pdf	adobe			0
120723_115002-553023.pdf	adobe	Y	Y	1
120723_115007-556650.pdf	adobe	Y	Y	1
120723_115011-971513.pdf	adobe	Y	Y	1
120723_115015-333677.pdf	adobe	Y	Y	1
120723_115019-596774.pdf	adobe	Y	Y	1
120723_115024-365714.pdf	adobe	Y	Y	1
120723_154208-177152.PDF	bcsi_packdesign			0
120723_154213-509896.pdf	bcsi_packdesign			0
120723_155015-271397.pdf	other			0
120723_160923-838137.pdf	other			0
120723_164653-587434.pdf	other			0
120723_170104-661589.pdf	other			0
120723_171016-712161.pdf	office_print			0
120723_173657-613713.PDF	adobe			0
120723_173701-367340.pdf	adobe	Y		1
120723_173936-357724.pdf	cairo			0
120922_015024-363766.PDF	bcsi_packdesign			0
120922_022859-947116.PDF	bcsi_packdesign			0
120922_032928-326438.pdf	adobe			0
120922_041412-813150.PDF	adobe			0
120922_043810-498755.pdf	other			0
120922_074808-879542.PDF	bcsi_packdesign			0
120922_074815-997632.pdf	adobe	Y	Y	1
121022_014402-521196.pdf	cairo			0
121022_015145-744050.pdf	adobe			0
121022_080156-801022.pdf	adobe			0
121022_080807-681113.pdf	cairo			0
121222_000421-612488.pdf	adobe			0
121222_000449-118052.pdf	adobe			0
121222_000510-332353.pdf	adobe			0
121222_000534-372213.pdf	adobe			0
121222_004937-889458.PDF	bcsi_packdesign			0
121222_004942-557856.PDF	bcsi_packdesign			0
121222_004946-749871.pdf	adobe	Y	Y	1
121222_005246-567645.PDF	bcsi_packdesign			0
121222_031719-899340.pdf	adobe			0
121222_043708-265419.pdf	office_print			0
121222_043753-184210.pdf	other			0
121222_050911-957718.pdf	adobe			0
121222_050915-295719.pdf	other			0
121222_050920-796486.pdf	adobe	Y		1
121222_052352-381335.pdf	adobe			0
121222_052356-191394.pdf	other			0
121222_052400-933635.pdf	adobe	Y		1
121222_052655-841476.pdf	adobe			0
121222_052657-659868.pdf	other			0
121222_052702-839517.pdf	adobe	Y		1
121222_061426-751354.pdf	adobe			0
121222_065630-533563.pdf	bcsi_packdesign			0
121222_065637-809629.PDF	bcsi_packdesign			0
121222_070859-655792.PDF	bcsi_packdesign			0
121222_070926-358026.pdf	bcsi_packdesign			0
121222_072028-493592.PDF	bcsi_packdesign			0
121222_072034-234754.pdf	bcsi_packdesign			0
121222_073013-136433.PDF	bcsi_packdesign			0
121222_073027-541433.pdf	bcsi_packdesign			0
121222_074049-926459.PDF	bcsi_packdesign			0
121222_074107-401698.pdf	bcsi_packdesign			0
121222_075814-497668.PDF	bcsi_packdesign			0
121222_075820-726245.pdf	bcsi_packdesign			0
121222_080213-534970.pdf	other			0
121222_080431-142082.PDF	adobe			0
121222_080437-294877.pdf	bcsi_packdesign			0
121222_083451-389979.pdf	adobe			0
121222_083508-155590.pdf	adobe	Y		1
130123_003415-767475.PDF	bcsi_packdesign			0
130123_010829-671798.PDF	bcsi_packdesign			0
130123_010837-834620.pdf	bcsi_packdesign			0
130123_010958-604435.pdf	adobe			0
130123_014342-909814.pdf	other			0
130123_030720-648251.pdf	other			0
130123_031818-642431.pdf	adobe			0
130123_060252-558695.PDF	bcsi_packdesign			0
130123_084447-308778.pdf	adobe			0
130223_003047-731018.PDF	adobe			0
130223_003050-397127.pdf	adobe	Y	Y	1
130223_025300-634232.pdf	bcsi_packdesign			0
130223_035601-849937.pdf	adobe	Y	Y	1
130223_035612-593239.pdf	adobe	Y		1
130223_044252-955561.pdf	adobe	Y	Y	1
130223_045033-304036.pdf	adobe	Y	Y	1
130223_053730-907173.pdf	adobe	Y	Y	1
130223_082505-797263.PDF	bcsi_packdesign			0
130223_082511-908343.pdf	bcsi_packdesign			0
130223_082557-274815.pdf	other			0
130223_083723-135136.PDF	adobe			0
130223_083730-556777.pdf	adobe			0
130223_083738-381125.pdf	adobe			0
130223_084423-874535.PDF	bcsi_packdesign			0
130323_025522-591795.pdf	other			0
130323_033620-882980.pdf	adobe			0
130323_033817-728492.pdf	other			0
130323_041718-669027.pdf	adobe			0
130323_041725-903874.pdf	adobe			0
130323_041728-579599.pdf	adobe			0
130323_042834-139640.pdf	adobe			0
130323_042838-899038.pdf	adobe			0
130323_042841-472598.pdf	adobe			0
130323_060425-612186.pdf	bcsi_packdesign			0
130323_060627-624799.PDF	bcsi_packdesign			0
130323_062122-331732.PDF	adobe			0
130323_062132-749395.pdf	adobe	Y	Y	1
130323_062402-348958.pdf	bcsi_packdesign			0
130323_062409-857533.PDF	bcsi_packdesign			0
130323_062553-286494.pdf	adobe			0
130323_062837-841056.pdf	cairo			0
130323_062941-791325.pdf	office_print			0
130323_063054-996974.pdf	other			0
130523_082338-852288.pdf	office_print			0
130523_082728-411460.pdf	other			0
130523_082735-671945.pdf	other			0
130523_082743-103822.pdf	office_print			0
130523_082914-409621.pdf	other			0
130523_082921-358510.pdf	other			0
130523_082932-828942.pdf	office_print			0
130622_031029.pdf	office_print			0
130623_014948-653719.PDF	bcsi_packdesign			0
130623_014951-661260.pdf	adobe			0
130623_015540-296431.pdf	cairo			0
130623_024829-963843.pdf	other			0
130623_034047-179820.pdf	cairo			0
130623_040632-781772.pdf	cairo			0
130623_040807-984445.pdf	other			0
130623_040810-203467.pdf	adobe	Y	Y	1
130623_040812-659539.pdf	adobe	Y	Y	1
130623_042245-632696.pdf	adobe	Y	Y	1
130623_042255-871592.pdf	adobe	Y	Y	1
130623_042743-699445.pdf	adobe	Y	Y	1
130623_053130-392568.pdf	cairo			0
130623_062314-959034.PDF	adobe			0
130623_063129-835167.pdf	adobe			0
130623_065053-279648.pdf	adobe	Y	Y	1
130623_065058-947746.pdf	adobe	Y	Y	1
130623_065103-781772.pdf	office_print			0
130623_065536-501189.pdf	cairo			0
130623_072823-386744.pdf	cairo			0
130623_072947-887293.pdf	office_print			0
130623_072952-606564.pdf	adobe	Y	Y	1
130623_072959-506324.pdf	adobe	Y	Y	1
130623_074156-404486.pdf	cairo			0
130623_083538-387968.pdf	adobe			0
130623_091817-284996.PDF	adobe			0
130623_095509-568422.PDF	bcsi_packdesign			0
130723_100457-538871.pdf	office_print			0
130723_115444-497586.pdf	cairo			0
130723_120302-127566.pdf	cairo			0
130723_124522-497942.pdf	cairo			0
130723_125958-322144.pdf	adobe			0
130723_130324-206849.pdf	adobe			0
130723_130346-262987.pdf	cairo			0
130723_133319-217569.pdf	adobe			0
130723_135156-273134.pdf	adobe			0
130723_142400-458658.pdf	cairo			0
130723_142403-875824.pdf	adobe			0
130723_154701-124752.pdf	adobe			0
130723_160704-522331.pdf	cairo			0
130723_161840-817892.pdf	cairo			0
130723_161858-462388.pdf	adobe			0
130723_162004-364369.pdf	adobe			0
130723_171434-445753.PDF	bcsi_packdesign			0
130723_172632-968466.pdf	adobe	Y	Y	1
130723_175004-648671.PDF	bcsi_packdesign			0
130723_175036-132112.pdf	adobe			0
130723_175815-789155.PDF	bcsi_packdesign			0
130723_175851-222086.pdf	adobe			0
130723_180627-573386.PDF	bcsi_packdesign			0
130723_180635-306493.pdf	bcsi_packdesign			0
130723_182910-408360.PDF	bcsi_packdesign			0
130723_182914-635429.pdf	bcsi_packdesign			0
130822_020616-904477.PDF	bcsi_packdesign			0
130822_020624-909183.pdf	adobe	Y	Y	1
130822_021604-664047.pdf	office_print			0
130822_025131-841594.pdf	adobe	Y	Y	1
130822_025138-652248.PDF	bcsi_packdesign			0
130822_025145-731320.pdf	office_print			0
130822_025615-707617.PDF	bcsi_packdesign			0
130822_025632-105795.pdf	bcsi_packdesign			0
130822_030046-987477.PDF	bcsi_packdesign			0
130822_030053-963158.pdf	adobe	Y	Y	1
130822_030057-713394.pdf	office_print			0
130822_074319-918552.PDF	adobe			0
130822_074322-847954.pdf	adobe	Y	Y	1
130822_074402-996883.pdf	office_print			0
130922_021710-426978.pdf	other			0
130922_041452-741712.PDF	bcsi_packdesign			0
130922_041457-418569.pdf	adobe			0
130922_041501-308567.pdf	bcsi_packdesign			0
130922_091227-188924.pdf	adobe	Y	Y	1
130922_091230-328173.PDF	bcsi_packdesign			0
130922_091237-807144.pdf	adobe	Y		1
131222_033432-701230.PDF	adobe			0
131222_033503-985678.pdf	adobe	Y	Y	1
131222_044914-747586.pdf	other			0
131222_051351-879368.PDF	bcsi_packdesign			0
131222_051401-937117.pdf	bcsi_packdesign			0
131222_051422-142475.pdf	adobe			0
131222_053515-109012.pdf	cairo			0
131222_055650-367997.pdf	adobe	Y	Y	1
131222_060457-563232.pdf	adobe	Y	Y	1
131222_060947-282448.PDF	adobe			0
131222_062625-985413.PDF	adobe			0
131222_062640-703633.pdf	other			0
131222_062924-376526.PDF	bcsi_packdesign			0
131222_062927-403015.pdf	adobe	Y	Y	1
131222_073138-836932.pdf	adobe			0
131222_083923-633930.PDF	bcsi_packdesign			0
131222_083930-163369.pdf	adobe	Y	Y	1
140123_011042-647649.pdf	adobe			0
140123_014222-354042.pdf	office_print			0
140123_075616-524642.pdf	cairo			0
140123_075622-803095.pdf	adobe			0
140123_075631-558843.pdf	adobe			0
140223_002212-367431.pdf	other			0
140223_002327-547491.pdf	other			0
140223_012611-474882.pdf	bcsi_packdesign			0
140223_012617-996519.PDF	bcsi_packdesign			0
140223_024226-584912.pdf	office_print			0
140223_024233-181157.pdf	adobe	Y	Y	1
140223_024500-666595.pdf	office_print			0
140223_024508-933516.pdf	adobe	Y	Y	1
140223_024756-952052.pdf	adobe	Y	Y	1
140223_024804-596656.pdf	office_print			0
140223_025110-297610.pdf	office_print			0
140223_025117-258864.pdf	adobe	Y	Y	1
140223_030800-829271.pdf	adobe	Y	Y	1
140223_030808-176850.pdf	office_print			0
140223_031152-608098.pdf	office_print			0
140223_031200-126552.pdf	adobe	Y	Y	1
140223_032147-508480.pdf	adobe			0
140223_032525-833542.pdf	adobe	Y	Y	1
140223_032535-978885.pdf	office_print			0
140223_052702-132952.PDF	adobe			0
140223_052705-971384.pdf	adobe	Y	Y	1
140223_060408-797410.pdf	office_print			0
140223_060824-728967.pdf	office_print			0
140223_061112-177544.pdf	adobe			0
140223_061424-971091.PDF	bcsi_packdesign			0
140223_061455-585661.pdf	bcsi_packdesign			0
140223_061503-464554.PDF	bcsi_packdesign			0
140223_061514-533535.pdf	bcsi_packdesign			0
140223_061912-788369.PDF	bcsi_packdesign			0
140223_062135-887357.PDF	bcsi_packdesign			0
140223_073647-218291.PDF	bcsi_packdesign			0
140223_073652-882797.pdf	bcsi_packdesign			0
140223_073658-948825.PDF	bcsi_packdesign			0
140223_073703-607797.pdf	bcsi_packdesign			0
140223_235412-816393.pdf	adobe	Y		1
140323_021633-522393.pdf	adobe			0
140323_031645-366919.pdf	cairo			0
140323_035330-189518.pdf	cairo			0
140323_040858-944265.PDF	bcsi_packdesign			0
140323_041611-846666.pdf	office_print			0
140323_041622-491254.pdf	other			0
140323_042230-891591.pdf	adobe			0
140323_042235-636836.pdf	adobe			0
140323_053807-743785.pdf	adobe			0
140323_053812-996336.pdf	adobe			0
140323_055452-355632.pdf	office_print			0
140323_072517-688577.pdf	other			0
140323_072603-566147.pdf	other			0
140323_072722-263673.pdf	other			0
140323_072754-675545.pdf	other			0
140323_073003-389860.pdf	other			0
140323_073041-435032.pdf	office_print			0
140323_073213-109761.pdf	other			0
140323_080648-833158.PDF	adobe			0
140323_080652-992827.pdf	adobe	Y	Y	1
140323_082535-752880.pdf	adobe			0
140323_082545-572874.pdf	adobe			0
140323_082635-529265.PDF	adobe			0
140323_082638-779457.pdf	bcsi_packdesign			0
140323_083002-968383.PDF	adobe			0
140323_083006-129339.pdf	bcsi_packdesign			0
140323_090834-753931.pdf	other			0
140323_092327-935764.pdf	adobe			0
140622_032701.pdf	cairo			0
140623_020012-692310.pdf	adobe	Y	Y	1
140623_025202-854590.pdf	bcsi_packdesign			0
140623_025321-281662.pdf	bcsi_packdesign			0
140623_025435-402685.pdf	bcsi_packdesign			0
140623_031347-983129.pdf	bcsi_packdesign			0
140623_031627-618034.pdf	bcsi_packdesign			0
140623_032104-172053.pdf	bcsi_packdesign			0
140623_032244-808880.pdf	bcsi_packdesign			0
140623_040942-988648.pdf	bcsi_packdesign			0
140623_055722-104571.pdf	bcsi_packdesign			0
140623_064205-801324.pdf	other			0
140623_064238-615038.pdf	cairo			0
140623_071049-641288.pdf	cairo			0
140623_072932-403234.pdf	bcsi_packdesign			0
140623_081212-926725.PDF	adobe			0
140623_090140-392869.PDF	bcsi_packdesign			0
140623_091425-279347.PDF	adobe			0
140623_092924-781142.pdf	adobe	Y	Y	1
140623_100041-164028.pdf	bcsi_packdesign			0
140722_014306.pdf	adobe			0
140722_014331.pdf	cairo			0
140722_014430.pdf	adobe	Y	Y	1
140722_014528.pdf	adobe			0
140722_031600.pdf	adobe			0
140722_031726.pdf	adobe			0
140722_031744.pdf	adobe			0
140722_031758.pdf	adobe			0
140722_031814.pdf	adobe			0
140722_043205.pdf	office_print			0
140722_095105.pdf	other			0
140723_095935-591530.PDF	adobe			0
140723_100559-462598.pdf	cairo			0
140723_101143-852225.pdf	cairo			0
140723_102534-664860.pdf	other			0
140723_103617-266880.PDF	bcsi_packdesign			0
140723_103619-666870.pdf	bcsi_packdesign			0
140723_103636-165051.pdf	other			0
140723_111946-174932.pdf	adobe			0
140723_112052-843458.pdf	adobe			0
140723_113529-213284.pdf	bcsi_packdesign			0
140723_113633-965286.pdf	adobe			0
140723_113641-852370.PDF	bcsi_packdesign			0
140723_113643-927026.pdf	adobe			0
140723_113729-103338.pdf	bcsi_packdesign			0
140723_114445-605038.pdf	adobe			0
140723_114645-501646.pdf	office_print			0
140723_114916-496444.pdf	other			0
140723_114935-131243.pdf	cairo			0
140723_124520-262476.pdf	adobe	Y	Y	1
140723_124646-314429.pdf	office_print			0
140723_124732-347634.pdf	adobe			0
140723_124854-967387.pdf	office_print			0
140723_125326-803242.pdf	adobe	Y		2
140723_125355-412776.pdf	adobe	Y		2
140723_125436-149849.pdf	adobe	Y		2
140723_145856-754287.PDF	bcsi_packdesign			0
140723_145901-783389.pdf	adobe			0
140723_152519-663746.pdf	other			0
140723_161847-437252.PDF	bcsi_packdesign			0
140723_163054-719115.pdf	adobe			0
140723_163100-355357.PDF	bcsi_packdesign			0
140723_163103-209763.pdf	adobe			0
140723_163109-107988.PDF	bcsi_packdesign			0
140723_171303-234242.pdf	office_print			0
140723_172741-938139.pdf	adobe			0
140723_172804-904687.pdf	adobe			0
140723_172808-225952.pdf	adobe			0
140723_172931-687554.PDF	bcsi_packdesign			0
140723_181627-572720.pdf	cairo			0
140723_182720-494370.PDF	bcsi_packdesign			0
140922_043220-305689.pdf	adobe			0
140922_082620-676632.pdf	other			0
140922_085959-201274.pdf	adobe			0
140922_090005-755914.pdf	adobe	Y		1
140922_090009-667053.pdf	adobe	Y		1
141022_013247-241875.pdf	adobe			0
141022_030959-584975.pdf	adobe			0
141022_031230-818970.pdf	adobe			0
141022_031233-822044.pdf	adobe			0
141022_031237-547948.pdf	adobe	Y	Y	1
141022_053751-935225.pdf	other			0
141022_053808-136277.pdf	cairo			0
141022_074913-423233.pdf	other			0
141022_075151-553141.pdf	other			0
141022_094236-969699.PDF	bcsi_packdesign			0
141022_094324-105466.PDF	bcsi_packdesign			0
141022_094427-236618.pdf	bcsi_packdesign			0
141022_095423-558423.pdf	adobe			0
141122_023642-627650.pdf	adobe			0
141122_030044-523773.pdf	office_print			0
141122_032443-568339.PDF	bcsi_packdesign			0
141122_032446-892733.pdf	adobe	Y	Y	1
141122_051113-404824.pdf	other			0
141122_052503-893729.pdf	adobe			0
141122_052552-643510.pdf	adobe			0
141122_052638-707352.pdf	adobe			0
141122_052742-496142.pdf	adobe			0
141122_052842-997121.pdf	adobe			0
141122_052923-116343.pdf	adobe			0
141122_053339-268416.pdf	adobe			0
141122_060516-604764.pdf	other			0
141122_060534-858766.PDF	bcsi_packdesign			0
141122_060538-365475.pdf	adobe	Y	Y	1
141122_062521-524249.pdf	other			0
141122_063536-734444.pdf	other			0
141122_072505-362268.pdf	adobe	Y	Y	1
141122_072712-391489.pdf	adobe	Y	Y	1
141122_072754-922411.pdf	adobe	Y	Y	1
141122_073238-801688.pdf	adobe	Y	Y	1
141122_082704-349287.pdf	adobe	Y	Y	1
141122_083537-181029.pdf	adobe	Y	Y	1
141122_083853-811176.pdf	adobe	Y	Y	1
141122_084221-591312.pdf	adobe	Y	Y	1
141122_085724-708493.pdf	adobe			0
141122_085730-342535.pdf	bcsi_packdesign			0
141122_085734-556741.pdf	adobe	Y	Y	1
141222_013141-872049.pdf	bcsi_packdesign			0
141222_014551-935078.pdf	adobe			0
141222_014557-509896.PDF	adobe			0
141222_014606-644533.pdf	adobe	Y	Y	1
141222_015322-151662.pdf	adobe			0
141222_015732-132230.PDF	adobe			0
141222_021301-748792.pdf	adobe	Y	Y	1
141222_033503-824291.PDF	bcsi_packdesign			0
141222_033506-714528.pdf	bcsi_packdesign			0
141222_053544-715194.pdf	office_print			0
141222_053600-135922.pdf	adobe	Y	Y	1
141222_061249-768645.pdf	adobe			0
141222_061424-314821.pdf	bcsi_packdesign			0
141222_063736-943762.pdf	adobe			0
141222_063746-514826.pdf	adobe	Y	Y	1
141222_071135-673872.pdf	office_print			0
141222_081142-183223.PDF	bcsi_packdesign			0
141222_081147-892166.pdf	adobe	Y	Y	1
141222_085711-734444.PDF	adobe			0
141222_085728-923453.pdf	adobe	Y	Y	1
141222_090144-423736.pdf	office_print			0
141222_090152-839096.pdf	office_print			0
150223_004000-238025.PDF	adobe			0
150223_004009-217542.pdf	adobe	Y	Y	1
150223_012150-439892.pdf	cairo			0
150223_012505-407547.pdf	adobe			0
150223_014301-857386.pdf	cairo			0
150223_020822-321431.pdf	adobe			0
150223_031436-222919.pdf	office_print			0
150223_031457-988228.pdf	office_print			0
150223_032203-556448.pdf	office_print			0
150223_032216-539356.pdf	office_print			0
150223_032340-339771.pdf	adobe			0
150223_033050-818494.pdf	other			0
150223_033157-477971.pdf	adobe	Y	Y	2
150223_044317-669923.pdf	office_print			0
150223_044950-186968.PDF	bcsi_packdesign			0
150223_045029-951030.pdf	adobe	Y	Y	1
150223_045102-724444.pdf	adobe			0
150223_045243-443743.pdf	adobe	Y	Y	1
150223_045327-428267.PDF	bcsi_packdesign			0
150223_045355-784231.pdf	adobe	Y	Y	1
150223_085350-234937.PDF	bcsi_packdesign			0
150223_085355-761318.pdf	bcsi_packdesign			0
150323_011544-464226.PDF	bcsi_packdesign			0
150323_011553-937510.pdf	other			0
150323_011945-215140.PDF	bcsi_packdesign			0
150323_011950-487916.pdf	other			0
150323_013123-266168.PDF	bcsi_packdesign			0
150323_013129-111327.pdf	other			0
150323_013413-883784.PDF	bcsi_packdesign			0
150323_013419-311633.pdf	other			0
150323_014558-644231.PDF	bcsi_packdesign			0
150323_014602-961896.pdf	other			0
150323_014820-247422.PDF	bcsi_packdesign			0
150323_014825-235238.pdf	other			0
150323_021555-624316.pdf	other			0
150323_023238-601081.PDF	bcsi_packdesign			0
150323_023242-714318.pdf	other			0
150323_032852-203916.PDF	bcsi_packdesign			0
150323_032857-727167.pdf	other			0
150323_034921-964839.PDF	bcsi_packdesign			0
150323_035103-752825.pdf	bcsi_packdesign			0
150323_035537-799181.PDF	bcsi_packdesign			0
150323_035539-324153.pdf	bcsi_packdesign			0
150323_040353-828340.pdf	other			0
150323_041706-158587.pdf	other			0
150323_042012-458147.PDF	bcsi_packdesign			0
150323_042554-849544.PDF	bcsi_packdesign			0
150323_042559-479324.pdf	other			0
150323_054432-761528.pdf	adobe	Y	Y	2
150323_054442-772733.pdf	office_print			0
150323_073509-135053.PDF	bcsi_packdesign			0
150323_075119-382212.pdf	bcsi_packdesign			0
150323_080942-339798.PDF	adobe			0
150323_081026-466319.pdf	adobe	Y	Y	1
150323_082255-753876.PDF	bcsi_packdesign			0
150323_084935-108765.PDF	bcsi_packdesign			0
150323_091025-724170.PDF	bcsi_packdesign			0
150323_091521-971777.pdf	other			0
150323_092439-557197.pdf	adobe			0
150323_092742-456473.PDF	adobe			0
150323_092743-746810.pdf	adobe	Y	Y	1
150323_092838-763272.pdf	adobe			0
150523_014011-474489.PDF	bcsi_packdesign			0
150523_014015-873693.pdf	bcsi_packdesign			0
150523_014028-145144.pdf	adobe	Y	Y	1
150523_014938-172319.PDF	bcsi_packdesign			0
150523_014942-663955.pdf	bcsi_packdesign			0
150523_014948-654021.pdf	adobe	Y	Y	1
150523_015313-311879.pdf	cairo			0
150523_024228-633775.PDF	bcsi_packdesign			0
150523_024231-228656.pdf	bcsi_packdesign			0
150523_030458-296978.PDF	bcsi_packdesign			0
150523_031432-689774.PDF	bcsi_packdesign			0
150523_032254-567799.PDF	adobe			0
150523_032258-609717.pdf	adobe	Y	Y	1
150523_035430-716784.pdf	office_print			0
150523_035809-463047.pdf	adobe			0
150523_035944-729963.pdf	adobe			0
150523_060725-809062.pdf	adobe	Y	Y	1
150523_061921-398086.pdf	adobe			0
150523_061948-425124.pdf	bcsi_packdesign			0
150523_061956-906844.PDF	bcsi_packdesign			0
150523_062203-132769.PDF	bcsi_packdesign			0
150523_062209-174238.pdf	adobe			0
150523_062213-622487.pdf	bcsi_packdesign			0
150523_062458-454821.pdf	adobe	Y	Y	1
150523_064213-193075.pdf	office_print			0
150523_064325-392632.pdf	other			0
150523_072007-386195.pdf	adobe			0
150523_072018-336857.pdf	adobe	Y	Y	1
150523_072841-438723.pdf	cairo			0
150523_073954-235292.pdf	cairo			0
150622_035814.pdf	cairo			0
150622_041739.pdf	other			0
150622_053551.pdf	other			0
150622_062619.pdf	other			0
150622_065043.pdf	cairo			0
150622_091817.pdf	adobe	Y		1
150623_012045-102889.pdf	bcsi_packdesign			0
150623_013607-236197.pdf	adobe	Y	Y	1
150623_013823-792731.pdf	adobe	Y	Y	1
150623_023944-529173.PDF	bcsi_packdesign			0
150623_032612-613749.pdf	adobe	Y	Y	1
150623_033553-946010.pdf	cairo			0
150623_034302-525812.PDF	adobe			0
150623_034305-844418.pdf	bcsi_packdesign			0
150623_034312-163278.pdf	other			0
150623_060023-537310.pdf	other			0
150623_060038-541251.pdf	other			0
150623_060053-728373.pdf	other			0
150623_060625-692253.pdf	other			0
150623_060646-491520.pdf	other			0
150623_060653-546988.pdf	other			0
150623_064335-172684.pdf	cairo			0
150623_071504-381042.pdf	cairo			0
150623_071557-966163.pdf	cairo			0
150623_072031-574620.PDF	bcsi_packdesign			0
150623_073927-304155.PDF	adobe			0
150623_073932-998437.pdf	adobe	Y	Y	1
150623_080018-385062.pdf	cairo			0
150623_090904-392568.pdf	office_print			0
150623_100152-181240.pdf	other			0
150722_023646.pdf	other			0
150722_082820.pdf	cairo			0
150722_082822.pdf	adobe			0
150822_013901-579838.pdf	office_print			0
150822_025012-162474.PDF	bcsi_packdesign			0
150822_025023-513984.pdf	bcsi_packdesign			0
150822_033337-402239.pdf	adobe			0
150822_034934-927272.pdf	bcsi_packdesign			0
150822_034940-957151.pdf	adobe	Y	Y	1
150822_095908-775884.pdf	adobe	Y	Y	1
150822_095911-846511.pdf	adobe			0
150823_102236-153736.pdf	other			0
150823_121107-865340.pdf	cairo			0
150823_122247-361821.pdf	cairo			0
150823_123428-453385.PDF	bcsi_packdesign			0
150823_144515-697170.pdf	other			0
150823_160038-967234.pdf	other			0
150823_160114-488153.pdf	cairo			0
150823_160832-699481.pdf	other			0
150823_161552-288442.pdf	other			0
150823_173615-107148.pdf	other			0
150823_181913-224517.pdf	other			0
150823_181917-327880.pdf	other			0
150823_182354-684229.pdf	cairo			0
150823_182940-251992.pdf	other			0
150823_182945-528936.pdf	other			0
150823_182959-928587.pdf	cairo			0
150922_012343-364041.PDF	bcsi_packdesign			0
150922_012358-938285.pdf	other			0
150922_013044-492031.PDF	bcsi_packdesign			0
150922_014152-769394.pdf	other			0
150922_024256-742487.pdf	other			0
150922_034311-564465.pdf	bcsi_packdesign			0
150922_040400-406112.PDF	bcsi_packdesign			0
150922_040403-826128.pdf	bcsi_packdesign			0
150922_054439-952674.PDF	bcsi_packdesign			0
150922_054441-561341.pdf	adobe	Y	Y	1
150922_054853-886964.pdf	other			0
150922_054957-691624.pdf	other			0
150922_055047-305772.pdf	other			0
150922_055146-821350.pdf	other			0
150922_055242-992827.pdf	other			0
150922_055320-769996.pdf	other			0
150922_055455-305150.pdf	other			0
150922_055705-536596.pdf	other			0
150922_055810-873091.pdf	other			0
150922_055853-247120.pdf	other			0
150922_060001-361364.pdf	other			0
150922_060043-705460.pdf	other			0
150922_064939-339077.PDF	bcsi_packdesign			0
150922_065014-135355.pdf	bcsi_packdesign			0
151022_072331-805947.pdf	adobe			0
151022_074014-338566.pdf	adobe			0
151122_003726-279613.pdf	adobe			0
151122_004251-913490.pdf	adobe	Y	Y	1
151122_004259-222295.pdf	adobe	Y	Y	1
151122_004330-593531.pdf	office_print			0
151122_005320-727980.pdf	adobe			0
151122_005604-433287.PDF	bcsi_packdesign			0
151122_005618-228747.pdf	office_print			0
151122_010420-289830.pdf	adobe	Y	Y	1
151122_021933-805133.PDF	bcsi_packdesign			0
151122_021944-181422.pdf	bcsi_packdesign			0
151122_023840-166677.pdf	bcsi_packdesign			0
151122_023846-123455.PDF	bcsi_packdesign			0
151122_024557-346975.PDF	bcsi_packdesign			0
151122_024625-458575.pdf	bcsi_packdesign			0
151122_025428-355723.PDF	bcsi_packdesign			0
151122_025435-361245.pdf	bcsi_packdesign			0
151122_032754-269767.PDF	bcsi_packdesign			0
151122_032821-646534.pdf	bcsi_packdesign			0
151122_054931-537913.pdf	office_print			0
151122_055126-348328.PDF	bcsi_packdesign			0
151122_063151-565516.PDF	bcsi_packdesign			0
151122_063155-706182.pdf	adobe	Y	Y	1
151122_075728-372477.pdf	adobe			0
151122_075734-231337.PDF	bcsi_packdesign			0
151122_075740-656268.pdf	bcsi_packdesign			0
151122_084238-694976.pdf	adobe			0
151122_092157-138955.pdf	adobe			0
151222_010955-369888.pdf	office_print			0
151222_011444-955316.pdf	office_print			0
151222_011600-175325.PDF	bcsi_packdesign			0
151222_011602-766754.pdf	bcsi_packdesign			0
151222_014223-623118.pdf	office_print			0
151222_014828-952199.pdf	adobe	Y	Y	1
151222_022706-669684.pdf	office_print			0
151222_060021-502569.pdf	bcsi_packdesign			0
151222_060029-728822.pdf	bcsi_packdesign			0
151222_065655-472032.PDF	bcsi_packdesign			0
151222_065704-768370.pdf	adobe	Y	Y	1
160123_014519-457735.PDF	bcsi_packdesign			0
160123_014735-309673.pdf	bcsi_packdesign			0
160123_023635-105384.pdf	adobe			0
160123_023715-121838.pdf	adobe			0
160123_030920-842043.pdf	adobe			0
160123_061534-506653.pdf	other			0
160123_061542-995825.pdf	adobe			0
160123_065421-764350.pdf	bcsi_packdesign			0
160123_070735-106637.PDF	adobe			0
160123_070847-153973.pdf	bcsi_packdesign			0
160123_071056-434941.pdf	office_print			0
160123_071230-655071.PDF	adobe			0
160123_071238-384341.pdf	adobe	Y	Y	1
160123_071635-725550.pdf	office_print			0
160123_071726-125950.PDF	adobe			0
160123_071740-398571.pdf	adobe	Y	Y	1
160123_071748-564438.pdf	office_print			0
160123_072520-177810.pdf	office_print			0
160123_080511-422932.pdf	office_print			0
160123_080532-664887.pdf	other			0
160123_080536-834565.pdf	other			0
160123_080541-659722.pdf	other			0
160123_080549-895794.pdf	other			0
160123_080555-171660.pdf	adobe			0
160123_082207-862617.pdf	adobe	Y	Y	1
160123_082214-553597.PDF	adobe			0
160123_083850-115684.pdf	cairo			0
160123_084840-965917.pdf	adobe	Y	Y	2
160123_091756-429473.pdf	other			0
160123_091803-894058.pdf	adobe			0
160223_002526-405244.pdf	cairo			0
160223_002537-325962.pdf	adobe	Y	Y	1
160223_004238-263135.pdf	bcsi_packdesign			0
160223_004256-492844.PDF	bcsi_packdesign			0
160223_004353-607917.pdf	other			0
160223_022352-344042.PDF	bcsi_packdesign			0
160223_022406-767356.pdf	bcsi_packdesign			0
160223_022414-988529.PDF	bcsi_packdesign			0
160223_022421-469470.pdf	bcsi_packdesign			0
160223_024117-272111.PDF	bcsi_packdesign			0
160223_024122-559354.PDF	bcsi_packdesign			0
160223_033139-465450.pdf	other			0
160223_044915-987268.PDF	office_print			0
160223_044945-756389.pdf	adobe	Y		1
160223_045527-525692.pdf	adobe			0
160223_045703-522239.pdf	adobe			0
160223_055027-729899.PDF	adobe			0
160223_055336-499477.PDF	adobe			0
160223_075157-794567.pdf	adobe			0
160223_083218-506142.PDF	bcsi_packdesign			0
160223_083225-871629.pdf	bcsi_packdesign			0
160223_083333-675034.pdf	adobe			0
160323_014400-269466.pdf	adobe			0
160323_030412-772760.PDF	adobe			0
160323_030418-752433.pdf	adobe	Y	Y	1
160323_054450-297280.PDF	adobe			0
160323_054454-726236.pdf	bcsi_packdesign			0
160323_055605-992470.pdf	cairo			0
160323_055631-207635.pdf	cairo			0
160323_055933-576081.PDF	adobe			0
160323_055938-549712.pdf	adobe			0
160323_060947-135473.PDF	bcsi_packdesign			0
160323_060951-725879.pdf	bcsi_packdesign			0
160323_064755-348866.PDF	adobe			0
160323_064802-479260.pdf	adobe	Y	Y	1
160323_072624-638699.pdf	adobe			0
160323_072633-116937.PDF	adobe			0
160323_072639-166458.pdf	adobe	Y	Y	1
160323_075444-134176.PDF	bcsi_packdesign			0
160323_084224-484727.pdf	bcsi_packdesign			0
160323_084228-181843.PDF	bcsi_packdesign			0
160323_084427-792795.PDF	adobe			0
160323_084430-304036.pdf	adobe	Y	Y	1
160323_085327-119157.pdf	adobe			0
160323_085446-531014.PDF	bcsi_packdesign			0
160323_085454-186311.PDF	bcsi_packdesign			0
160323_085459-358390.pdf	bcsi_packdesign			0
160323_085537-793727.PDF	bcsi_packdesign			0
160323_085547-166248.pdf	bcsi_packdesign			0
160323_085624-281425.PDF	bcsi_packdesign			0
160323_085629-313524.pdf	bcsi_packdesign			0
160323_085659-796989.pdf	bcsi_packdesign			0
160323_085703-429528.PDF	bcsi_packdesign			0
160323_090320-847771.pdf	bcsi_packdesign			0
160523_022349-247540.pdf	cairo			0
160523_033524-462636.PDF	bcsi_packdesign			0
160523_034426-946549.pdf	bcsi_packdesign			0
160523_034433-902733.pdf	adobe			0
160523_044514-884479.pdf	adobe			0
160523_044812-297756.pdf	adobe			0
160523_054706-862251.pdf	office_print			0
160523_060652-502844.PDF	bcsi_packdesign			0
160622_040655.PDF	bcsi_packdesign			0
160622_040701.pdf	bcsi_packdesign			0
160622_044047.pdf	adobe			0
160622_063611.pdf	other			0
160622_075730.pdf	other			0
160622_100541.pdf	office_print			0
160622_100546.pdf	other			0
160622_101520.pdf	office_print			0
160622_101524.pdf	other			0
160623_011002-526259.pdf	other			0
160623_013448-686659.pdf	adobe	Y	Y	1
160623_015130-765191.PDF	bcsi_packdesign			0
160623_021951-527648.PDF	bcsi_packdesign			0
160623_024251-172949.pdf	cairo			0
160623_033219-522183.pdf	cairo			0
160623_040942-676842.pdf	cairo			0
160623_041049-276131.pdf	other			0
160623_064836-917145.pdf	cairo			0
160623_064944-868162.pdf	adobe	Y	Y	1
160623_065003-509322.pdf	adobe	Y	Y	1
160623_065251-393171.pdf	adobe	Y	Y	1
160623_073528-935589.PDF	bcsi_packdesign			0
160623_073533-625191.pdf	bcsi_packdesign			0
160623_081316-391134.pdf	adobe			0
160623_081626-245082.PDF	adobe			0
160623_081657-399767.PDF	adobe			0
160623_090453-736874.PDF	adobe			0
160623_090457-996280.pdf	adobe	Y	Y	1
160623_090619-845944.pdf	other			0
160623_091024-978411.pdf	adobe			0
160623_094026-747925.pdf	adobe			0
160623_095936-807620.pdf	adobe			0
160623_095958-905884.pdf	adobe			0
160623_100031-589983.pdf	adobe			0
160623_100255-845377.pdf	adobe			0
160623_100434-478035.pdf	adobe			0
160623_100510-543479.pdf	adobe			0
160722_033316.pdf	office_print			0
160722_033320.pdf	office_print			0
160722_043610.pdf	adobe	Y	Y	1
160722_043617.PDF	bcsi_packdesign			0
160722_054637.pdf	adobe	Y	Y	1
160722_054648.PDF	bcsi_packdesign			0
160722_055552.PDF	bcsi_packdesign			0
160722_055618.pdf	adobe	Y	Y	1
160822_070822-461759.PDF	bcsi_packdesign			0
160822_070830-555060.pdf	bcsi_packdesign			0
160822_071734-806157.pdf	other			0
160822_072449-833276.pdf	other			0
160822_091612-819363.pdf	cairo			0
160822_092210-537190.pdf	cairo			0
160822_092216-324482.pdf	office_print			0
160823_103532-843997.PDF	bcsi_packdesign			0
160823_103548-944512.pdf	bcsi_packdesign			0
160823_103749-419347.PDF	bcsi_packdesign			0
160823_113942-227066.pdf	cairo			0
160823_114014-668634.pdf	cairo			0
160823_124700-935618.pdf	office_print			0
160823_125147-114059.pdf	office_print			0
160823_125414-933278.pdf	other			0
160823_143431-187846.pdf	cairo			0
160823_152445-406587.PDF	bcsi_packdesign			0
160823_160556-812857.pdf	cairo			0
160823_162136-475092.PDF	bcsi_packdesign			0
160823_162146-537318.PDF	bcsi_packdesign			0
160823_162205-889879.PDF	bcsi_packdesign			0
160823_162212-613146.PDF	bcsi_packdesign			0
160823_162343-536231.pdf	adobe			0
160823_162917-317397.PDF	adobe			0
160922_014235-472718.pdf	office_print			0
160922_020405-152566.pdf	office_print			0
160922_034857-153224.pdf	adobe			0
160922_034859-721137.pdf	bcsi_packdesign			0
160922_043651-865193.PDF	bcsi_packdesign			0
160922_043659-571047.pdf	adobe			0
160922_074117-544887.pdf	cairo			0
161122_002415-628518.pdf	other			0
161122_003427-469534.pdf	cairo			0
161122_011658-378087.PDF	bcsi_packdesign			0
161122_011702-885676.pdf	bcsi_packdesign			0
161122_023806-684713.pdf	adobe	Y	Y	1
161122_023811-742068.PDF	bcsi_packdesign			0
161122_023928-217871.pdf	adobe	Y	Y	1
161122_023932-459169.PDF	bcsi_packdesign			0
161122_032246-826960.PDF	bcsi_packdesign			0
161122_045039-335294.pdf	adobe			0
161122_051438-816667.pdf	office_print			0
161122_052253-605549.pdf	office_print			0
161122_052516-953788.pdf	office_print			0
161122_055240-968767.pdf	office_print			0
161122_055459-255748.pdf	office_print			0
161122_055541-167930.pdf	office_print			0
161122_055603-961925.pdf	office_print			0
161122_055734-658041.pdf	office_print			0
161122_055810-634223.pdf	office_print			0
161122_055941-189280.pdf	office_print			0
161122_060003-221420.pdf	office_print			0
161122_060240-235292.pdf	office_print			0
161122_060420-124058.pdf	office_print			0
161122_060612-215083.pdf	office_print			0
161122_060804-196045.pdf	office_print			0
161122_060930-891472.pdf	office_print			0
161122_065631-458995.pdf	adobe			0
161222_015551-828978.pdf	bcsi_packdesign			0
161222_015558-274422.PDF	bcsi_packdesign			0
161222_023453-321996.pdf	office_print			0
161222_023500-993786.pdf	office_print			0
161222_025346-169547.pdf	bcsi_packdesign			0
161222_025351-651982.PDF	bcsi_packdesign			0
161222_063103-724646.PDF	bcsi_packdesign			0
161222_063230-107331.pdf	bcsi_packdesign			0
170123_001046-653865.pdf	other			0
170123_001052-614973.pdf	adobe			0
170123_003820-966310.pdf	office_print			0
170123_010946-758344.pdf	office_print			0
170123_032822-228088.pdf	adobe	Y	Y	2
170123_074059-945736.PDF	bcsi_packdesign			0
170123_074117-241573.pdf	adobe	Y	Y	1
170223_002527-411186.PDF	bcsi_packdesign			0
170223_002548-676778.pdf	bcsi_packdesign			0
170223_005247-721137.pdf	adobe	Y	Y	1
170223_011138-794777.pdf	adobe			0
170223_011147-661890.pdf	adobe			0
170223_013236-235448.pdf	cairo			0
170223_021816-178083.pdf	bcsi_packdesign			0
170223_021821-681350.PDF	bcsi_packdesign			0
170223_022937-488720.pdf	adobe			0
170223_025420-307728.pdf	adobe			0
170223_031549-337726.pdf	adobe	Y	Y	1
170223_032311-408898.pdf	adobe			0
170223_032336-169337.pdf	adobe	Y	Y	1
170223_032429-325240.pdf	office_print			0
170223_032535-262440.PDF	bcsi_packdesign			0
170223_032706-394733.PDF	bcsi_packdesign			0
170223_032931-943845.PDF	adobe			0
170223_032939-245475.pdf	adobe	Y	Y	1
170223_052300-296942.pdf	adobe	Y	Y	1
170223_052306-557134.PDF	adobe			0
170223_052416-411670.pdf	adobe			0
170223_052712-241244.pdf	bcsi_packdesign			0
170223_053630-211666.pdf	adobe	Y	Y	1
170223_054134-887714.pdf	adobe	Y	Y	1
170223_054242-316291.pdf	adobe	Y	Y	1
170223_064735-618638.PDF	bcsi_packdesign			0
170223_071639-841440.pdf	office_print			0
170223_071642-922823.pdf	office_print			0
170223_080716-425544.pdf	adobe			0
170223_082640-154393.pdf	adobe			0
170323_023027-982654.pdf	office_print			0
170323_023548-379020.pdf	cairo			0
170323_024524-197269.pdf	bcsi_packdesign			0
170323_024532-305836.pdf	bcsi_packdesign			0
170323_024736-218118.pdf	office_print			0
170323_024841-985651.pdf	cairo			0
170323_025645-488454.pdf	bcsi_packdesign			0
170323_025651-605695.PDF	adobe			0
170323_033221-434457.PDF	bcsi_packdesign			0
170323_033849-272686.pdf	cairo			0
170323_034500-597917.PDF	bcsi_packdesign			0
170323_054950-872735.PDF	bcsi_packdesign			0
170323_055008-544978.pdf	bcsi_packdesign			0
170323_070258-389795.PDF	bcsi_packdesign			0
170323_070354-747887.pdf	adobe	Y	Y	1
170323_070411-497915.pdf	adobe			0
170323_075755-643298.pdf	cairo			0
170323_080640-734773.pdf	bcsi_packdesign			0
170323_084730-916761.pdf	adobe	Y	Y	1
170323_091042-599325.PDF	bcsi_packdesign			0
170323_091046-298029.pdf	bcsi_packdesign			0
170323_091050-682491.pdf	other			0
170323_091234-809364.pdf	adobe	Y	Y	1
170323_091257-471282.pdf	adobe	Y	Y	1
170323_091341-882469.pdf	adobe	Y	Y	1
170323_091355-198055.pdf	adobe	Y	Y	1
170323_091403-542666.pdf	adobe	Y	Y	1
170323_092417-224426.pdf	other			0
170323_092428-646122.pdf	adobe			0
170323_095227-125199.pdf	adobe	Y	Y	1
170323_095614-789785.pdf	other			0
170323_095619-306558.pdf	other			0
170323_095623-218831.pdf	other			0
170323_095628-274724.pdf	other			0
170323_095633-529237.pdf	other			0
170323_095831-738821.pdf	other			0
170323_095836-946192.pdf	other			0
170323_095841-412055.pdf	other			0
170323_095847-326018.pdf	other			0
170323_095855-313231.pdf	other			0
170423_014802-829335.pdf	adobe			0
170423_015403-504315.PDF	bcsi_packdesign			0
170423_021013-325149.PDF	bcsi_packdesign			0
170423_022626-944146.pdf	adobe	Y	Y	1
170423_022643-686632.pdf	cairo			0
170423_023517-201995.pdf	other			0
170423_023522-186968.PDF	adobe			0
170423_023526-951030.pdf	adobe	Y	Y	1
170423_024003-247576.pdf	adobe	Y	Y	1
170423_024016-507283.PDF	bcsi_packdesign			0
170423_024019-387941.pdf	other			0
170423_030612-955315.pdf	cairo			0
170423_031144-532694.pdf	other			0
170423_031150-309463.PDF	adobe			0
170423_031154-668999.pdf	adobe	Y	Y	1
170423_035602-453385.pdf	adobe			0
170423_042543-872224.pdf	adobe	Y	Y	1
170423_042548-119816.PDF	adobe			0
170423_083329-687646.pdf	cairo			0
170423_090121-711466.PDF	adobe			0
170523_015957-267392.PDF	bcsi_packdesign			0
170523_024027-507256.pdf	other			0
170523_063042-948532.PDF	bcsi_packdesign			0
170523_072829-297271.pdf	cairo			0
170523_093715-974774.pdf	cairo			0
170622_012809.pdf	office_print			0
170622_012814.pdf	other			0
170622_024347.pdf	adobe	Y	Y	1
170622_030733.pdf	other			0
170622_033348.PDF	bcsi_packdesign			0
170622_033354.pdf	bcsi_packdesign			0
170622_033357.pdf	other			0
170622_061452.pdf	cairo			0
170622_061719.pdf	cairo			0
170622_061921.pdf	cairo			0
170622_062049.pdf	cairo			0
170622_064549.pdf	cairo			0
170623_012335-219798.pdf	cairo			0
170623_012424-193222.PDF	bcsi_packdesign			0
170623_034416-845917.pdf	cairo			0
170623_034446-402841.pdf	adobe	Y	Y	1
170623_041029-998647.pdf	cairo			0
170623_041107-751683.pdf	cairo			0
170623_080004-569298.pdf	office_print			0
170623_094011-451851.pdf	office_print			0
170723_141445-926760.pdf	adobe			0
170723_155332-879249.PDF	bcsi_packdesign			0
170723_155337-884717.pdf	adobe			0
170723_160234-335625.PDF	bcsi_packdesign			0
170723_160241-199316.pdf	adobe			0
170723_161125-881354.PDF	bcsi_packdesign			0
170723_161129-101355.pdf	adobe			0
170723_161231-857981.pdf	cairo			0
170723_161744-617047.pdf	adobe			0
170723_161748-668277.PDF	bcsi_packdesign			0
170723_162434-243884.PDF	bcsi_packdesign			0
170723_162439-177755.pdf	adobe			0
170723_170242-219496.PDF	bcsi_packdesign			0
170723_170346-672365.PDF	bcsi_packdesign			0
170723_170946-635072.pdf	cairo			0
170723_172325-859094.pdf	other			0
170723_172958-847478.pdf	other			0
170723_175255-938770.pdf	cairo			0
170822_015653-333075.pdf	adobe			0
170822_020356-685553.pdf	other			0
170822_020721-497677.pdf	office_print			0
170822_023643-809721.pdf	adobe			0
170822_023645-439830.pdf	adobe	Y		1
170822_061042-691322.PDF	bcsi_packdesign			0
170822_061048-301066.pdf	bcsi_packdesign			0
170822_061739-902860.PDF	bcsi_packdesign			0
170822_061744-125529.pdf	bcsi_packdesign			0
170822_064314-162684.PDF	bcsi_packdesign			0
170822_064316-107212.pdf	adobe			0
170822_064316-438120.pdf	adobe	Y	Y	1
170822_064446-297993.pdf	adobe			0
170822_064448-372779.pdf	adobe	Y	Y	1
170822_064536-128710.PDF	bcsi_packdesign			0
170822_064617-342991.PDF	bcsi_packdesign			0
170822_064619-369944.pdf	adobe	Y	Y	1
170822_064656-232415.pdf	bcsi_packdesign			0
170822_064657-463293.pdf	adobe	Y	Y	1
170822_064744-719270.PDF	adobe			0
170822_064746-627313.pdf	adobe	Y	Y	1
170822_064831-168533.PDF	bcsi_packdesign			0
170822_064833-391699.pdf	adobe	Y	Y	1
170822_071318-246077.PDF	bcsi_packdesign			0
170822_071323-615010.PDF	bcsi_packdesign			0
170822_071326-718366.pdf	bcsi_packdesign			0
170822_071330-399292.pdf	bcsi_packdesign			0
170823_105416-749633.pdf	cairo			0
170823_105458-958824.pdf	office_print			0
170823_110615-868583.pdf	adobe			0
170823_111346-419199.pdf	adobe			0
170823_111356-957864.pdf	bcsi_packdesign			0
170823_111557-187124.pdf	adobe			0
170823_113942-543745.pdf	adobe	Y	Y	1
170823_114639-296047.PDF	bcsi_packdesign			0
170823_114646-104535.pdf	bcsi_packdesign			0
170823_122841-472334.PDF	bcsi_packdesign			0
170823_123811-671735.PDF	bcsi_packdesign			0
170823_124805-164155.PDF	bcsi_packdesign			0
170823_124809-368061.pdf	bcsi_packdesign			0
170823_133754-575963.pdf	other			0
170823_145133-126068.pdf	cairo			0
170823_145705-561012.pdf	cairo			0
170823_150415-615759.pdf	adobe			0
170823_150418-635483.PDF	bcsi_packdesign			0
170823_151500-118654.pdf	other			0
170823_151809-922073.pdf	bcsi_packdesign			0
170823_152423-794083.pdf	other			0
170823_152617-959043.pdf	other			0
170823_154729-748126.PDF	bcsi_packdesign			0
170823_154826-202078.PDF	bcsi_packdesign			0
170823_155006-878135.PDF	bcsi_packdesign			0
170823_163502-429893.pdf	adobe	Y	Y	1
170823_163516-833276.pdf	other			0
170823_163528-426585.pdf	cairo			0
170823_170141-261152.pdf	office_print			0
170823_175940-321422.PDF	bcsi_packdesign			0
170823_175943-298112.pdf	adobe			0
170823_184838-389951.pdf	office_print			0
170823_185021-873337.pdf	adobe	Y	Y	2
170823_185031-331941.pdf	adobe	Y		1
170823_185038-188020.pdf	adobe			0
170823_185043-457342.pdf	adobe			0
171022_041418-339798.pdf	adobe			0
171022_043253-485513.pdf	cairo			0
171022_055402-767321.pdf	office_print			0
171022_062022-526141.pdf	adobe			0
171022_063204-449024.pdf	other			0
171022_064904-322747.PDF	bcsi_packdesign			0
171022_064912-602571.pdf	bcsi_packdesign			0
171022_064944-375090.PDF	bcsi_packdesign			0
171022_064952-201120.pdf	bcsi_packdesign			0
171022_074137-198027.PDF	bcsi_packdesign			0
171022_074145-589234.pdf	bcsi_packdesign			0
171122_013241-228683.pdf	adobe			0
171122_013516-992735.pdf	adobe			0
171122_013808-818075.pdf	adobe	Y	Y	1
171122_014202-515665.pdf	adobe	Y	Y	1
171122_014423-276761.pdf	adobe	Y	Y	1
171122_014429-489049.pdf	adobe	Y	Y	1
171122_014438-269768.pdf	adobe	Y	Y	1
171122_014530-837899.pdf	adobe	Y	Y	1
171122_014759-383472.pdf	adobe	Y	Y	1
171122_015326-522786.pdf	adobe	Y	Y	1
171122_020606-248418.pdf	adobe	Y	Y	1
171122_021718-215568.pdf	bcsi_packdesign			0
171122_021723-696055.pdf	adobe	Y	Y	1
171122_021740-146817.pdf	adobe			0
171122_023040-463925.pdf	adobe	Y		1
171122_024137-687737.pdf	adobe	Y		1
171122_024144-836246.pdf	adobe	Y		1
171122_024845-378445.pdf	adobe	Y		1
171122_024848-371546.pdf	adobe	Y		1
171122_030112-786634.PDF	bcsi_packdesign			0
171122_030120-802767.pdf	bcsi_packdesign			0
171122_030656-473741.pdf	adobe	Y	Y	1
171122_031047-777081.pdf	bcsi_packdesign			0
171122_031108-703386.PDF	bcsi_packdesign			0
171122_031125-963184.PDF	bcsi_packdesign			0
171122_031129-122916.pdf	bcsi_packdesign			0
171122_031241-651681.pdf	bcsi_packdesign			0
171122_031247-138680.PDF	bcsi_packdesign			0
171122_031405-632459.pdf	bcsi_packdesign			0
171122_031411-233429.PDF	bcsi_packdesign			0
171122_051816-599296.pdf	adobe			0
171122_055005-559893.pdf	adobe			0
171122_060832-139073.pdf	office_print			0
171122_062421-297637.PDF	adobe			0
171122_062441-212297.pdf	bcsi_packdesign			0
171122_062455-975495.pdf	other			0
171122_062512-709690.pdf	office_print			0
171122_063958-693661.pdf	other			0
171122_064252-361337.pdf	other			0
171122_064304-555937.PDF	bcsi_packdesign			0
171122_064310-782340.pdf	adobe	Y	Y	1
171122_064903-444044.pdf	other			0
171122_065802-494496.pdf	adobe	Y		1
171122_065810-462964.pdf	adobe	Y		1
171122_070801-337761.pdf	adobe	Y		1
171122_070806-506597.pdf	adobe	Y		1
171122_071152-655154.pdf	adobe	Y		1
171122_071158-281488.pdf	adobe	Y		1
171122_071304-998739.pdf	adobe	Y		1
171122_071309-686239.pdf	adobe	Y		1
171122_074918-963843.pdf	adobe	Y		2
171222_032647-274038.pdf	office_print			0
180123_003040-283946.PDF	bcsi_packdesign			0
180123_003052-696448.pdf	bcsi_packdesign			0
180123_003154-739779.pdf	other			0
180123_015720-896517.pdf	cairo			0
180123_021856-426978.pdf	cairo			0
180123_025008-848886.pdf	cairo			0
180123_030022-419885.PDF	bcsi_packdesign			0
180123_030129-745375.PDF	adobe			0
180123_050911-909421.pdf	bcsi_packdesign			0
180123_050917-634561.PDF	bcsi_packdesign			0
180123_051728-487523.pdf	office_print			0
180123_052602-513025.pdf	office_print			0
180123_052818-785345.pdf	adobe	Y	Y	1
180123_052852-236252.pdf	adobe	Y	Y	1
180123_073020-158561.pdf	adobe			0
180123_073030-405454.pdf	other			0
180123_073035-542631.pdf	other			0
180123_073038-976455.pdf	other			0
180123_073246-592790.pdf	adobe			0
180123_073357-132951.PDF	bcsi_packdesign			0
180123_073403-437764.pdf	bcsi_packdesign			0
180123_073438-743566.pdf	other			0
180123_073600-467853.pdf	bcsi_packdesign			0
180123_073605-995083.PDF	bcsi_packdesign			0
180123_073726-273498.pdf	office_print			0
180223_011343-198138.PDF	bcsi_packdesign			0
180223_011351-448723.pdf	bcsi_packdesign			0
180223_020502-777740.pdf	office_print			0
180223_021928-885859.pdf	cairo			0
180223_023623-362898.pdf	cairo			0
180223_032219-149612.pdf	adobe			0
180223_033115-158917.pdf	adobe			0
180223_033142-759066.pdf	adobe			0
180223_052458-953844.pdf	adobe			0
180223_052522-501189.pdf	adobe			0
180223_065031-726419.pdf	adobe			0
180223_065449-478328.pdf	adobe			0
180223_080855-452719.pdf	adobe			0
180223_081820-257694.pdf	adobe			0
180323_015646-827024.pdf	cairo			0
180323_022432-651645.PDF	bcsi_packdesign			0
180323_022438-758015.pdf	bcsi_packdesign			0
180423_033718-974153.PDF	adobe			0
180423_041335-983312.pdf	other			0
180423_042210-317242.pdf	other			0
180423_042214-269220.pdf	office_print			0
180423_064743-301997.pdf	other			0
180423_065805-742251.pdf	other			0
180423_074225-522239.pdf	office_print			0
180423_074753-328714.PDF	bcsi_packdesign			0
180423_074831-199161.pdf	bcsi_packdesign			0
180423_080104-289136.PDF	bcsi_packdesign			0
180423_080109-647110.pdf	bcsi_packdesign			0
180423_080948-821231.pdf	adobe	Y	Y	1
180523_014857-289282.pdf	adobe			0
180523_015040-742644.pdf	cairo			0
180523_015930-599023.pdf	adobe			0
180523_022418-766872.pdf	bcsi_packdesign			0
180523_022424-267219.pdf	bcsi_packdesign			0
180523_022433-517640.pdf	cairo			0
180523_024345-666716.pdf	adobe			0
180523_025111-221182.pdf	adobe			0
180523_025121-345175.pdf	adobe			0
180523_060936-181213.PDF	bcsi_packdesign			0
180523_071220-213641.pdf	adobe			0
180523_071224-595633.pdf	adobe			0
180523_095342-137154.pdf	bcsi_packdesign			0
180523_095421-614799.pdf	bcsi_packdesign			0
180523_115011-858164.pdf	office_print			0
180622_055304.pdf	other			0
180722_021634.pdf	bcsi_packdesign			0
180722_021650.PDF	bcsi_packdesign			0
180722_034102.PDF	bcsi_packdesign			0
180722_034636.pdf	adobe			0
180722_034847.PDF	bcsi_packdesign			0
180722_034858.pdf	other			0
180722_043755.pdf	office_print			0
180722_072549.pdf	other			0
180722_072601.PDF	bcsi_packdesign			0
180722_072612.pdf	adobe	Y	Y	1
180722_073250.pdf	other			0
180722_073259.pdf	adobe	Y	Y	1
180722_073304.PDF	bcsi_packdesign			0
180722_092723.pdf	office_print			0
180722_093541.pdf	office_print			0
180722_123457.pdf	adobe			0
180722_123804.pdf	adobe			0
180723_110455-866125.pdf	adobe			0
180723_110502-433259.pdf	other			0
180723_125427-241034.pdf	adobe			0
180723_125451-345084.pdf	adobe			0
180723_152321-298687.pdf	adobe	Y	Y	1
180723_152824-714499.pdf	adobe	Y	Y	1
180723_165746-903965.pdf	other			0
180822_023629-821057.pdf	cairo			0
180822_025404-633264.pdf	adobe	Y		1
180822_032408-113967.pdf	adobe	Y		1
180822_035825-202618.PDF	bcsi_packdesign			0
180822_035833-733421.pdf	adobe			0
180822_054906-124214.pdf	adobe	Y		1
180822_065418-135136.pdf	office_print			0
180822_065538-816393.pdf	adobe	Y		1
180822_065626-556777.PDF	adobe			0
180822_083917-704199.pdf	adobe	Y		1
180822_083923-226043.pdf	adobe			0
180822_085702-718612.pdf	other			0
180822_100703-431367.PDF	bcsi_packdesign			0
180822_100713-261216.PDF	bcsi_packdesign			0
180823_093704-168468.pdf	other			0
180823_094409-128653.pdf	office_print			0
180823_113400-492542.pdf	office_print			0
180823_113419-193432.pdf	adobe	Y	Y	1
180823_122411-328749.pdf	office_print			0
180823_122416-827115.pdf	adobe	Y	Y	1
180823_131537-655848.pdf	adobe			0
180823_135011-274668.pdf	office_print			0
180823_141839-587552.pdf	adobe			0
180823_141912-798342.pdf	cairo			0
180823_154821-575424.pdf	cairo			0
180823_163349-433323.pdf	cairo			0
180823_165035-528396.PDF	adobe			0
180823_165327-572189.pdf	other			0
180823_165331-855467.pdf	other			0
180823_171535-419199.pdf	other			0
180823_172232-389531.pdf	other			0
180823_174706-113310.pdf	adobe	Y	Y	1
180823_182707-636570.pdf	cairo			0
180823_195053-296586.pdf	office_print			0
181022_021305-816121.pdf	cairo			0
181022_045052-823368.pdf	adobe			0
181022_051906-643144.pdf	cairo			0
181122_003935-142111.pdf	cairo			0
181122_004526-663929.pdf	cairo			0
181122_010413-596629.pdf	adobe			0
181122_011537-988080.pdf	adobe			0
181122_013601-324638.pdf	adobe			0
181122_013654-205441.pdf	adobe			0
181122_031013-375090.pdf	adobe			0
181122_031027-411342.pdf	adobe	Y	Y	1
181122_031635-286285.PDF	bcsi_packdesign			0
181122_031638-816457.pdf	adobe	Y	Y	1
181122_052959-216345.PDF	bcsi_packdesign			0
181122_064014-971384.PDF	bcsi_packdesign			0
181122_064116-201120.pdf	adobe	Y	Y	1
181122_064143-841238.pdf	adobe			0
181122_070325-708576.pdf	other			0
181122_072457-406468.pdf	adobe			0
181122_085729-773061.pdf	adobe			0
190123_002337-272714.pdf	cairo			0
190123_012131-288652.pdf	other			0
190123_014925-119432.pdf	adobe			0
190123_023545-978045.PDF	bcsi_packdesign			0
190123_023555-317517.pdf	bcsi_packdesign			0
190123_025900-889038.pdf	adobe			0
190123_030700-325926.pdf	bcsi_packdesign			0
190123_030707-631463.PDF	bcsi_packdesign			0
190123_030740-502240.pdf	bcsi_packdesign			0
190123_030745-335332.PDF	bcsi_packdesign			0
190123_030940-343558.PDF	bcsi_packdesign			0
190123_030953-962673.pdf	bcsi_packdesign			0
190123_044314-419136.pdf	adobe			0
190123_081806-488546.pdf	cairo			0
190423_021548-422657.pdf	adobe			0
190423_022952-697891.PDF	bcsi_packdesign			0
190423_024336-158176.pdf	bcsi_packdesign			0
190423_032947-743814.pdf	other			0
190423_034423-371218.pdf	adobe			0
190423_061801-591795.PDF	adobe			0
190423_061815-517584.pdf	adobe	Y	Y	1
190423_061843-477368.pdf	office_print			0
190423_061942-936093.pdf	cairo			0
190423_062200-496024.pdf	adobe			0
190423_075030-173524.pdf	adobe	Y	Y	1
190423_075949-666834.pdf	cairo			0
190423_080330-613082.pdf	cairo			0
190423_090503-521553.pdf	adobe	Y	Y	1
190423_090510-503656.PDF	adobe			0
190423_091744-428716.pdf	cairo			0
190523_062355-896215.PDF	bcsi_packdesign			0
190523_062416-285956.pdf	bcsi_packdesign			0
190523_065125-558879.pdf	cairo			0
190523_065137-394222.pdf	other			0
190523_084621-499258.pdf	office_print			0
190523_084716-157966.pdf	bcsi_packdesign			0
190523_084720-332690.pdf	adobe			0
190523_090046-445662.pdf	cairo			0
190523_093122-155947.pdf	cairo			0
190623_015258-241153.pdf	cairo			0
190623_060604-649174.pdf	cairo			0
190623_060640-919521.pdf	adobe	Y	Y	1
190623_061100-338923.PDF	bcsi_packdesign			0
190623_061109-763299.pdf	bcsi_packdesign			0
190623_061834-709536.pdf	office_print			0
190623_062124-476318.PDF	bcsi_packdesign			0
190623_062133-347395.pdf	bcsi_packdesign			0
190623_062806-822318.pdf	bcsi_packdesign			0
190623_062815-136762.PDF	bcsi_packdesign			0
190722_013008.pdf	other			0
190722_013024.pdf	other			0
190722_031622.pdf	other			0
190722_063921.pdf	adobe			0
190722_064448.pdf	office_print			0
190722_064640.pdf	bcsi_packdesign			0
190722_080526.pdf	cairo			0
190722_081117.pdf	cairo			0
190722_081812.pdf	cairo			0
190722_082851.pdf	cairo			0
190722_085348.pdf	cairo			0
190723_101429-894442.pdf	adobe			0
190723_101437-968978.PDF	bcsi_packdesign			0
190723_104132-978914.pdf	cairo			0
190723_105830-915135.pdf	office_print			0
190723_110034-649960.pdf	other			0
190723_111525-568815.pdf	cairo			0
190723_112916-758728.pdf	other			0
190723_113047-535363.PDF	bcsi_packdesign			0
190723_113055-581439.pdf	bcsi_packdesign			0
190723_123202-288926.PDF	adobe			0
190723_132129-119943.PDF	bcsi_packdesign			0
190723_150253-661653.pdf	bcsi_packdesign			0
190723_150303-533627.PDF	bcsi_packdesign			0
190723_150902-224937.pdf	bcsi_packdesign			0
190723_150910-404038.PDF	bcsi_packdesign			0
190723_151348-175863.pdf	cairo			0
190723_151557-706265.pdf	cairo			0
190723_164214-777776.pdf	bcsi_packdesign			0
190723_180211-289018.pdf	office_print			0
190822_015941-395062.PDF	bcsi_packdesign			0
190822_015944-962436.pdf	bcsi_packdesign			0
190822_025005-194482.PDF	bcsi_packdesign			0
190822_025011-399859.pdf	adobe	Y	Y	1
190822_025049-869570.pdf	adobe			0
190822_031858-593686.pdf	adobe	Y		1
190822_031902-918679.pdf	adobe	Y		1
190822_032006-686393.pdf	adobe	Y		1
190822_032012-858739.pdf	adobe	Y		1
190822_071522-967535.PDF	bcsi_packdesign			0
190822_071524-745942.pdf	adobe	Y		1
190822_071700-701714.pdf	cairo			0
190822_071953-567371.PDF	bcsi_packdesign			0
190822_071955-758847.pdf	adobe	Y		1
190822_073101-939098.pdf	office_print			0
190822_073149-194364.pdf	office_print			0
190822_073243-752487.pdf	office_print			0
190822_073335-764350.pdf	office_print			0
190822_091402-174994.pdf	adobe	Y		1
190822_104133-834984.PDF	bcsi_packdesign			0
190823_114721-838073.pdf	other			0
190823_114756-549474.PDF	bcsi_packdesign			0
190823_114758-809875.pdf	adobe			0
190823_120328-692875.pdf	other			0
190823_120410-465395.PDF	bcsi_packdesign			0
190823_120413-397155.pdf	adobe			0
190823_172839-451641.pdf	office_print			0
190823_172844-553680.pdf	office_print			0
190922_055243-911178.PDF	bcsi_packdesign			0
190922_055250-693570.pdf	adobe	Y	Y	1
190922_055356-882770.PDF	adobe			0
190922_055359-639212.pdf	bcsi_packdesign			0
190922_055525-292839.PDF	bcsi_packdesign			0
190922_055527-113310.pdf	adobe	Y	Y	1
190922_062818-433744.pdf	office_print			0
190922_070347-556476.pdf	office_print			0
190922_070352-492688.pdf	cairo			0
190922_070536-608154.pdf	office_print			0
190922_070612-701258.pdf	office_print			0
190922_090442-559747.PDF	bcsi_packdesign			0
190922_091541-552337.PDF	bcsi_packdesign			0
190922_091603-319920.pdf	adobe	Y	Y	1
190922_091805-502149.pdf	adobe	Y	Y	1
190922_091839-653564.PDF	bcsi_packdesign			0
191022_013136-364215.pdf	bcsi_packdesign			0
191022_013152-396944.PDF	bcsi_packdesign			0
191022_015842-875614.PDF	bcsi_packdesign			0
191022_015853-685343.pdf	bcsi_packdesign			0
191022_022537-486262.pdf	adobe	Y	Y	1
191022_022540-702070.PDF	bcsi_packdesign			0
191022_022544-594463.pdf	bcsi_packdesign			0
191022_053026-951751.PDF	bcsi_packdesign			0
191022_053029-698129.pdf	bcsi_packdesign			0
191022_083932-429528.pdf	adobe			0
191022_083950-879213.pdf	adobe			0
191122_013856-164996.pdf	adobe	Y	Y	1
191122_014538-887384.pdf	adobe			0
191122_020542-685846.pdf	adobe	Y	Y	1
191122_023103-766269.pdf	office_print			0
191122_023153-463768.pdf	office_print			0
191122_033824-842161.pdf	office_print			0
191122_034012-353977.pdf	office_print			0
191122_034205-786515.pdf	office_print			0
191122_062432-655729.pdf	adobe			0
191222_013328-544221.pdf	cairo			0
191222_020446-934091.pdf	cairo			0
191222_023820-349378.PDF	adobe			0
191222_023831-381161.pdf	adobe	Y	Y	1
191222_032153-683059.PDF	bcsi_packdesign			0
191222_032157-915171.pdf	bcsi_packdesign			0
191222_062358-215140.PDF	bcsi_packdesign			0
191222_062403-487916.pdf	adobe	Y	Y	1
191222_064918-961330.PDF	bcsi_packdesign			0
191222_064923-979251.pdf	adobe	Y	Y	1
191222_071055-277848.PDF	bcsi_packdesign			0
191222_071058-614316.pdf	bcsi_packdesign			0
191222_081517-866271.pdf	adobe			0
191222_081548-602579.pdf	adobe			0
191222_084309-929693.pdf	bcsi_packdesign			0
191222_084314-702546.pdf	adobe	Y	Y	1
191222_084517-774834.pdf	other			0
191222_084856-851356.pdf	bcsi_packdesign			0
191222_085002-473146.PDF	bcsi_packdesign			0
1_กล่อง Multi-Fiber Mini - re3 - ไดไลน์บ	adobe			0
200123_005403-728492.pdf	cairo			0
200123_012956-732160.PDF	adobe			0
200123_013001-447160.pdf	adobe	Y	Y	1
200123_013005-278981.pdf	adobe			0
200123_020126-397913.pdf	cairo			0
200123_030346-723393.pdf	cairo			0
200123_050321-418779.pdf	adobe			0
200123_051914-424786.PDF	adobe			0
200123_051921-976491.pdf	adobe	Y	Y	1
200123_051925-471521.pdf	adobe			0
200123_084830-182528.pdf	office_print			0
200223_015723-541342.PDF	bcsi_packdesign			0
200223_042933-669328.PDF	bcsi_packdesign			0
200223_042942-229258.pdf	bcsi_packdesign			0
200223_053742-502779.pdf	cairo			0
200223_054242-556951.pdf	cairo			0
200223_055323-704290.pdf	cairo			0
200223_055641-888161.pdf	adobe	Y	Y	1
200223_055647-206730.pdf	adobe			0
200223_055727-426138.pdf	cairo			0
200223_063356-247869.pdf	adobe			0
200223_063447-156249.pdf	adobe			0
200223_082606-403016.pdf	cairo			0
200223_090932-294392.pdf	other			0
200323_020644-108227.pdf	cairo			0
200323_023112-684320.pdf	other			0
200323_023158-261873.pdf	bcsi_packdesign			0
200323_030718-832135.pdf	bcsi_packdesign			0
200323_031229-586985.pdf	bcsi_packdesign			0
200323_041903-367942.PDF	adobe			0
200323_041906-584583.pdf	adobe	Y	Y	1
200323_055151-319197.pdf	office_print			0
200323_060213-901270.pdf	adobe	Y	Y	1
200323_060218-917958.PDF	adobe			0
200323_080403-657529.PDF	bcsi_packdesign			0
200323_093027-998198.pdf	bcsi_packdesign			0
200323_093033-836512.PDF	bcsi_packdesign			0
200323_093953-407520.PDF	bcsi_packdesign			0
200323_093959-136643.pdf	bcsi_packdesign			0
200323_094037-773930.pdf	other			0
200323_095250-767292.pdf	adobe			0
200323_100005-823725.PDF	adobe			0
200323_100010-254634.PDF	adobe			0
200423_023727-934421.pdf	other			0
200423_024937-521371.pdf	adobe			0
200423_031249-912795.pdf	adobe			0
200423_031341-577133.pdf	adobe			0
200423_060116-841895.PDF	bcsi_packdesign			0
200423_060123-183495.pdf	bcsi_packdesign			0
200423_062720-388479.PDF	bcsi_packdesign			0
200423_062728-813150.pdf	bcsi_packdesign			0
200423_063227-559263.PDF	bcsi_packdesign			0
200423_063238-407665.pdf	bcsi_packdesign			0
200423_064708-668433.PDF	bcsi_packdesign			0
200423_064712-676659.pdf	bcsi_packdesign			0
200423_070431-174155.pdf	adobe	Y	Y	1
200423_070436-118773.PDF	adobe			0
200423_071229-929821.pdf	adobe			0
200423_071234-346647.pdf	adobe			0
200423_071239-418897.pdf	adobe			0
200423_072158-389979.pdf	office_print			0
200423_074652-603658.PDF	bcsi_packdesign			0
200423_074657-956247.pdf	bcsi_packdesign			0
200423_075718-518690.PDF	bcsi_packdesign			0
200423_075728-403016.pdf	bcsi_packdesign			0
200423_081713-446950.PDF	bcsi_packdesign			0
200423_081718-419592.pdf	bcsi_packdesign			0
200423_092640-132833.pdf	adobe	Y	Y	1
200423_092653-351483.pdf	adobe	Y	Y	1
200423_092720-516799.pdf	adobe			0
200423_093306-549867.pdf	adobe			0
200423_093317-487012.PDF	bcsi_packdesign			0
200423_093321-309856.pdf	bcsi_packdesign			0
200423_093823-606473.pdf	adobe			0
200423_093835-875110.PDF	bcsi_packdesign			0
200423_093840-702939.pdf	bcsi_packdesign			0
200523_012359-849151.pdf	cairo			0
200523_013649-719754.pdf	adobe	Y	Y	1
200523_013654-412986.pdf	adobe	Y	Y	1
200523_013657-873841.pdf	adobe	Y	Y	1
200523_013703-191121.pdf	adobe	Y	Y	1
200523_013706-136579.pdf	adobe	Y	Y	1
200523_013709-495247.pdf	adobe	Y	Y	1
200523_040053-788195.pdf	adobe			0
200622_015753.PDF	adobe			0
200622_015811.pdf	bcsi_packdesign			0
200622_031240.pdf	cairo			0
200622_031523.pdf	cairo			0
200622_032509.pdf	cairo			0
200622_034809.pdf	cairo			0
200622_035238.pdf	cairo			0
200622_043203.pdf	cairo			0
200622_060419.pdf	cairo			0
200622_061748.pdf	cairo			0
200622_062123.pdf	other			0
200622_062306.pdf	cairo			0
200622_062709.pdf	cairo			0
200622_063616.pdf	cairo			0
200622_080434.pdf	adobe			0
200623_021810-966483.PDF	adobe			0
200623_021819-348629.pdf	bcsi_packdesign			0
200623_024207-315478.PDF	bcsi_packdesign			0
200623_024248-216555.pdf	bcsi_packdesign			0
200623_031825-856399.PDF	bcsi_packdesign			0
200623_031843-883036.pdf	bcsi_packdesign			0
200623_065108-612488.pdf	cairo			0
200623_065502-539329.pdf	cairo			0
200623_085828-731474.pdf	adobe			0
200623_090220-663837.PDF	bcsi_packdesign			0
200623_090225-652640.pdf	bcsi_packdesign			0
200623_090909-372213.PDF	bcsi_packdesign			0
200623_090913-652522.pdf	bcsi_packdesign			0
200623_090919-632843.pdf	cairo			0
200623_091211-319134.pdf	cairo			0
200623_091544-482151.pdf	bcsi_packdesign			0
200623_091548-482635.PDF	bcsi_packdesign			0
200623_092743-938012.pdf	bcsi_packdesign			0
200623_092759-594974.PDF	bcsi_packdesign			0
200623_094425-378033.pdf	adobe			0
200722_015050.pdf	adobe			0
200722_064736.pdf	adobe			0
200722_085033.pdf	office_print			0
200723_095528-914541.pdf	bcsi_packdesign			0
200723_095535-955497.PDF	bcsi_packdesign			0
200723_095659-141178.pdf	adobe			0
200723_095721-484069.PDF	bcsi_packdesign			0
200723_095731-131846.pdf	other			0
200723_103948-655665.pdf	adobe			0
200723_104010-511016.PDF	bcsi_packdesign			0
200723_104019-921863.pdf	adobe			0
200723_105043-575250.pdf	cairo			0
200723_105339-668396.pdf	cairo			0
200723_110223-403772.pdf	cairo			0
200723_110233-753391.PDF	bcsi_packdesign			0
200723_110928-459261.pdf	other			0
200723_112811-122084.pdf	cairo			0
200723_112926-831449.PDF	bcsi_packdesign			0
200723_112927-341155.pdf	adobe			0
200723_113009-431788.pdf	cairo			0
200723_113400-708312.PDF	bcsi_packdesign			0
200723_113402-669867.pdf	adobe			0
200723_113510-648334.pdf	cairo			0
200723_120711-262869.pdf	other			0
200723_120739-794714.pdf	other			0
200723_135545-692611.pdf	other			0
200723_135732-951121.pdf	cairo			0
200723_135820-339890.pdf	other			0
200723_142722-471128.pdf	adobe			0
200723_142727-619323.pdf	adobe			0
200723_142813-316886.pdf	adobe			0
200723_144629-417070.pdf	adobe			0
200723_144633-773664.pdf	bcsi_packdesign			0
200723_144639-708941.pdf	adobe			0
200723_160804-438239.pdf	adobe			0
200723_161708-815069.pdf	other			0
200723_163908-719955.PDF	bcsi_packdesign			0
200723_164008-787145.PDF	bcsi_packdesign			0
200723_182326-724591.PDF	bcsi_packdesign			0
200723_182330-153517.pdf	bcsi_packdesign			0
200723_183004-504040.PDF	bcsi_packdesign			0
200822_034658-853212.pdf	adobe			0
200922_062751-912256.pdf	adobe			0
200922_062817-509595.pdf	other			0
200922_062852-473567.pdf	adobe	Y		1
200922_062857-101482.pdf	adobe	Y		1
200922_062904-336885.pdf	adobe	Y		1
200922_090628-512331.pdf	cairo			0
201022_021414-771197.pdf	adobe	Y	Y	1
201022_021435-494014.pdf	adobe	Y	Y	1
201022_021452-828942.pdf	adobe	Y	Y	1
201022_021512-565242.pdf	adobe	Y	Y	1
201022_021536-513711.pdf	adobe	Y	Y	1
201022_024135-269164.pdf	office_print			0
201022_034606-716538.pdf	office_print			0
201022_064410-618336.PDF	bcsi_packdesign			0
201022_064414-334791.pdf	bcsi_packdesign			0
201222_001642-735641.pdf	adobe	Y	Y	1
201222_005926-136315.pdf	adobe			0
201222_012304-535720.PDF	adobe			0
201222_012332-976310.pdf	adobe	Y	Y	1
201222_014700-298084.PDF	bcsi_packdesign			0
201222_014703-954447.pdf	bcsi_packdesign			0
201222_024558-161515.PDF	bcsi_packdesign			0
201222_024701-935134.pdf	adobe			0
201222_051610-204336.pdf	adobe			0
201222_051735-932438.pdf	adobe			0
201222_073253-363712.pdf	adobe			0
201222_092544-817773.pdf	adobe			0
210123_023140-686120.pdf	adobe	Y	Y	1
210123_023146-952683.pdf	adobe	Y	Y	1
210123_030810-524825.pdf	adobe	Y	Y	1
210123_030812-166431.pdf	adobe	Y	Y	1
210123_030818-178742.pdf	adobe	Y	Y	1
210223_002404-956191.PDF	adobe			0
210223_002407-768435.pdf	adobe	Y	Y	1
210223_002653-905884.pdf	adobe			0
210223_002658-219798.pdf	adobe	Y	Y	1
210223_010117-813360.PDF	bcsi_packdesign			0
210223_010156-444848.pdf	bcsi_packdesign			0
210223_011123-358446.pdf	other			0
210223_011134-556987.pdf	other			0
210223_011418-606984.pdf	adobe			0
210223_011438-176795.pdf	adobe			0
210223_011500-875558.pdf	adobe			0
210223_012016-985048.pdf	other			0
210223_012707-187719.pdf	other			0
210223_012805-396350.pdf	adobe			0
210223_012812-637950.pdf	adobe			0
210223_012816-701047.pdf	adobe			0
210223_012818-188531.pdf	adobe			0
210223_012821-205258.pdf	adobe			0
210223_012824-122917.pdf	adobe			0
210223_012826-886160.pdf	adobe			0
210223_025717-388544.pdf	adobe			0
210223_030204-807711.pdf	bcsi_packdesign			0
210223_030208-433351.PDF	bcsi_packdesign			0
210223_031154-185296.pdf	bcsi_packdesign			0
210223_031251-588932.PDF	bcsi_packdesign			0
210223_032002-558815.PDF	adobe			0
210223_032006-912795.pdf	adobe	Y	Y	1
210223_033039-727835.pdf	cairo			0
210223_042224-706840.pdf	adobe			0
210223_045657-114836.pdf	adobe			0
210223_052454-949783.pdf	adobe			0
210223_053024-597853.PDF	bcsi_packdesign			0
210223_053444-197396.PDF	bcsi_packdesign			0
210223_053930-741683.PDF	bcsi_packdesign			0
210223_065012-844591.pdf	adobe			0
210223_065019-426714.PDF	adobe			0
210223_065025-979461.pdf	adobe	Y	Y	1
210223_073000-987058.pdf	adobe			0
210223_073009-397219.PDF	adobe			0
210223_073013-238116.pdf	adobe	Y	Y	1
210223_075438-454555.pdf	adobe			0
210223_081140-546267.pdf	other			0
210223_082146-836364.pdf	adobe			0
210323_023449-831413.pdf	other			0
210323_024004-613210.PDF	bcsi_packdesign			0
210323_024008-927656.pdf	bcsi_packdesign			0
210323_024044-124214.PDF	bcsi_packdesign			0
210323_024049-337186.pdf	bcsi_packdesign			0
210323_024133-777923.PDF	bcsi_packdesign			0
210323_024145-565698.pdf	bcsi_packdesign			0
210323_024207-354252.pdf	other			0
210323_024215-431495.pdf	cairo			0
210323_034238-769485.pdf	adobe			0
210323_034522-999524.PDF	adobe			0
210323_034540-379349.PDF	adobe			0
210323_034713-213549.PDF	adobe			0
210323_034719-371245.PDF	adobe			0
210323_034758-793846.PDF	adobe			0
210323_040015-473111.PDF	bcsi_packdesign			0
210323_040020-307279.pdf	bcsi_packdesign			0
210323_040337-888920.pdf	bcsi_packdesign			0
210323_040409-907173.PDF	bcsi_packdesign			0
210323_040950-786122.pdf	bcsi_packdesign			0
210323_040956-154751.PDF	bcsi_packdesign			0
210323_041302-608757.pdf	adobe	Y	Y	1
210323_041346-848045.pdf	adobe	Y	Y	1
210323_041412-621044.pdf	adobe	Y	Y	1
210323_041913-976793.pdf	bcsi_packdesign			0
210323_041919-912768.PDF	bcsi_packdesign			0
210323_091452-701349.pdf	adobe			0
210423_031835-647382.pdf	other			0
210423_033303-608611.PDF	bcsi_packdesign			0
210423_033312-466236.pdf	adobe			0
210423_033323-577799.pdf	bcsi_packdesign			0
210423_033331-967086.pdf	adobe			0
210423_033336-678313.pdf	cairo			0
210423_034725-618665.pdf	other			0
210423_035205-243017.pdf	other			0
210423_035850-406826.pdf	cairo			0
210423_040339-417912.pdf	adobe			0
210423_051043-606984.pdf	office_print			0
210423_060051-683899.pdf	adobe			0
210423_060257-155746.pdf	other			0
210423_072317-664139.pdf	bcsi_packdesign			0
210423_072326-278597.PDF	bcsi_packdesign			0
210423_072827-465962.pdf	bcsi_packdesign			0
210423_072839-629952.PDF	bcsi_packdesign			0
210423_081615-107029.pdf	bcsi_packdesign			0
210423_081620-305689.PDF	bcsi_packdesign			0
210423_081645-618665.pdf	adobe			0
210423_083247-104718.pdf	office_print			0
210423_083250-853120.pdf	bcsi_packdesign			0
210423_083253-525812.PDF	bcsi_packdesign			0
210423_083809-471255.PDF	bcsi_packdesign			0
210423_083813-572756.pdf	adobe			0
210423_084756-597853.pdf	adobe	Y	Y	1
210423_085214-951541.pdf	cairo			0
210423_093142-129522.pdf	adobe			0
210622_071519.pdf	office_print			0
210622_083052.PDF	bcsi_packdesign			0
210622_083058.pdf	bcsi_packdesign			0
210622_084636.pdf	office_print			0
210623_010143-287218.pdf	bcsi_packdesign			0
210623_010154-657885.PDF	bcsi_packdesign			0
210623_010235-425810.pdf	bcsi_packdesign			0
210623_013052-366554.pdf	adobe			0
210623_033649-322389.pdf	cairo			0
210623_035906-701924.pdf	other			0
210623_040848-908168.PDF	bcsi_packdesign			0
210623_041447-681140.pdf	adobe			0
210623_055337-301816.PDF	adobe			0
210623_055344-607468.pdf	adobe	Y	Y	1
210623_065504-309345.pdf	adobe			0
210623_072255-643354.pdf	adobe			0
210623_072358-143398.pdf	adobe			0
210623_075221-844144.pdf	adobe	Y	Y	1
210623_075237-584464.pdf	cairo			0
210623_093800-726419.pdf	adobe	Y	Y	1
210623_093816-838613.PDF	adobe			0
210623_095328-174785.pdf	other			0
210722_041433.pdf	adobe			0
210722_072809.PDF	bcsi_packdesign			0
210722_072812.pdf	adobe	Y	Y	1
210722_080127.pdf	office_print			0
210722_081430.pdf	adobe	Y	Y	1
210722_081437.pdf	office_print			0
210722_081447.pdf	bcsi_packdesign			0
210723_100806-696238.pdf	bcsi_packdesign			0
210723_100810-401343.PDF	bcsi_packdesign			0
210723_115256-494488.pdf	adobe			0
210723_115300-687353.PDF	bcsi_packdesign			0
210723_115309-131663.pdf	adobe			0
210723_161104-205176.PDF	bcsi_packdesign			0
210723_174504-464427.PDF	bcsi_packdesign			0
210723_174508-478757.pdf	adobe			0
210823_102217-993073.pdf	cairo			0
210823_110021-886215.pdf	cairo			0
210823_111058-127119.pdf	cairo			0
210823_111311-877112.pdf	cairo			0
210823_113146-833276.pdf	cairo			0
210823_113712-565215.PDF	bcsi_packdesign			0
210823_113724-984298.pdf	bcsi_packdesign			0
210823_113741-591164.pdf	cairo			0
210823_115440-924896.pdf	cairo			0
210823_152703-765128.pdf	bcsi_packdesign			0
210823_152706-787592.PDF	bcsi_packdesign			0
210823_153451-498390.PDF	bcsi_packdesign			0
210823_153458-699930.pdf	bcsi_packdesign			0
210823_164755-155289.pdf	adobe	Y	Y	1
210823_164759-633482.PDF	bcsi_packdesign			0
210823_164803-105741.pdf	other			0
210823_164806-368152.pdf	cairo			0
210823_165829-426585.pdf	office_print			0
210823_172055-787264.pdf	other			0
210823_175429-298477.pdf	bcsi_packdesign			0
210823_175433-177362.PDF	bcsi_packdesign			0
210823_175450-797236.pdf	adobe	Y	Y	1
210823_175457-267099.pdf	adobe	Y	Y	1
210823_175522-477131.pdf	cairo			0
210823_180236-435361.pdf	bcsi_packdesign			0
210823_180241-488271.PDF	adobe			0
210823_180836-552063.PDF	bcsi_packdesign			0
210823_180843-732096.pdf	bcsi_packdesign			0
210922_024509-837086.PDF	bcsi_packdesign			0
210922_024528-461731.pdf	bcsi_packdesign			0
210922_030519-888764.pdf	adobe			0
210922_080829-373529.pdf	office_print			0
211022_024602-413772.PDF	bcsi_packdesign			0
211022_032234-316283.PDF	bcsi_packdesign			0
211022_032854-779091.PDF	bcsi_packdesign			0
211022_033120-913992.PDF	bcsi_packdesign			0
211022_033125-561979.pdf	bcsi_packdesign			0
211022_062017-812437.pdf	cairo			0
211022_065427-825552.pdf	other			0
211022_070805-864654.pdf	adobe			0
211022_071103-304483.PDF	bcsi_packdesign			0
211022_071257-733694.PDF	bcsi_packdesign			0
211022_071402-437699.PDF	bcsi_packdesign			0
211022_073955-273856.pdf	adobe			0
211122_022821-678460.pdf	adobe			0
211122_023826-861831.pdf	adobe			0
211122_023837-316767.pdf	bcsi_packdesign			0
211122_024623-764324.pdf	adobe			0
211122_025931-665097.pdf	adobe			0
211122_031631-712728.pdf	adobe			0
211122_031713-325240.pdf	adobe	Y	Y	1
211122_032418-665217.pdf	adobe			0
211122_032450-523087.pdf	adobe	Y	Y	1
211122_032509-423378.pdf	office_print			0
211122_042727-109185.PDF	bcsi_packdesign			0
211122_042836-986336.pdf	bcsi_packdesign			0
211122_051858-293890.PDF	bcsi_packdesign			0
211122_073657-425571.pdf	other			0
211122_073708-347761.pdf	office_print			0
211122_073713-863877.PDF	bcsi_packdesign			0
211122_073747-942382.PDF	bcsi_packdesign			0
211122_073752-981146.pdf	office_print			0
211122_073755-886754.pdf	other			0
211122_073821-559381.pdf	other			0
211122_073825-942766.pdf	office_print			0
211122_073829-428450.PDF	bcsi_packdesign			0
211122_073858-942648.PDF	bcsi_packdesign			0
211122_073903-794349.pdf	other			0
211122_073905-131033.pdf	office_print			0
211122_074007-837955.pdf	other			0
211122_074010-548093.pdf	office_print			0
211122_074013-918972.PDF	bcsi_packdesign			0
211122_074342-896215.PDF	bcsi_packdesign			0
211122_074346-285956.pdf	other			0
211122_074349-965588.pdf	office_print			0
211122_075121-926431.PDF	adobe			0
211122_075133-448365.pdf	adobe			0
211122_075702-383053.pdf	other			0
211122_082919-869040.PDF	bcsi_packdesign			0
211122_082921-301669.pdf	bcsi_packdesign			0
211222_032429-426293.pdf	adobe			0
211222_043145-541496.PDF	bcsi_packdesign			0
211222_043148-673087.pdf	bcsi_packdesign			0
211222_043153-501134.pdf	adobe			0
211222_050929-326319.PDF	bcsi_packdesign			0
211222_050932-754378.pdf	bcsi_packdesign			0
211222_050938-465057.pdf	adobe			0
211222_065759-312445.pdf	adobe			0
211222_080653-409110.pdf	adobe			0
220223_004659-725459.PDF	bcsi_packdesign			0
220223_004708-933215.pdf	bcsi_packdesign			0
220223_004744-103941.pdf	other			0
220223_005845-934722.pdf	other			0
220223_005918-192920.PDF	bcsi_packdesign			0
220223_005926-589745.pdf	bcsi_packdesign			0
220223_013200-812639.PDF	bcsi_packdesign			0
220223_013334-359022.pdf	other			0
220223_013548-132715.pdf	bcsi_packdesign			0
220223_030654-232652.pdf	bcsi_packdesign			0
220223_064734-774469.pdf	office_print			0
220223_065249-523262.pdf	other			0
220223_075602-912193.pdf	office_print			0
220223_081906-333285.PDF	adobe			0
220223_081923-126579.pdf	adobe	Y	Y	1
220323_023849-853723.PDF	bcsi_packdesign			0
220323_023858-594372.pdf	bcsi_packdesign			0
220323_041117-152895.pdf	office_print			0
220323_061804-361035.pdf	adobe			0
220323_062859-733147.pdf	adobe	Y		1
220323_071256-995020.PDF	adobe			0
220323_071259-937088.pdf	adobe	Y	Y	1
220323_100559-658186.pdf	office_print			0
220423_010729-957873.pdf	cairo			0
220423_014020-952262.PDF	adobe			0
220423_014022-803425.pdf	adobe	Y	Y	1
220423_014330-948952.pdf	adobe			0
220423_014629-897594.pdf	adobe			0
220423_014634-852370.pdf	adobe			0
220423_014637-927026.PDF	adobe			0
220423_014641-103338.pdf	adobe	Y	Y	1
220423_061309-167572.pdf	other			0
220423_061313-576054.pdf	other			0
220423_061332-447727.pdf	other			0
220423_061334-338090.pdf	other			0
220523_012310-147245.PDF	adobe			0
220523_012316-911535.pdf	adobe			0
220523_012736-115411.PDF	bcsi_packdesign			0
220523_012751-721740.pdf	bcsi_packdesign			0
220523_071830-331430.pdf	adobe			0
220523_071836-431194.pdf	adobe			0
220523_071919-325022.pdf	cairo			0
220523_080223-995020.pdf	office_print			0
220523_091205-329764.pdf	office_print			0
220523_094002-197059.pdf	adobe			0
220523_094112-163736.pdf	adobe	Y	Y	1
220523_095026-802858.pdf	other			0
220622_043527.pdf	cairo			0
220622_064049.pdf	adobe			0
220622_064127.pdf	adobe			0
220622_083627.pdf	other			0
220622_100642.pdf	other			0
220623_012835-118891.PDF	adobe			0
220623_012839-219223.pdf	adobe	Y	Y	1
220623_030324-954958.PDF	bcsi_packdesign			0
220623_030450-689354.pdf	bcsi_packdesign			0
220623_031616-279914.pdf	bcsi_packdesign			0
220623_031626-208229.PDF	bcsi_packdesign			0
220623_033555-963395.pdf	adobe			0
220623_033612-882495.PDF	adobe			0
220623_033937-119494.pdf	adobe			0
220623_033948-558997.PDF	adobe			0
220623_040736-695369.pdf	cairo			0
220623_044636-412995.pdf	office_print			0
220623_044642-292173.pdf	office_print			0
220623_044714-954391.pdf	office_print			0
220623_044720-987625.pdf	office_print			0
220623_071338-353046.PDF	bcsi_packdesign			0
220623_073555-861146.pdf	other			0
220623_074505-662037.PDF	bcsi_packdesign			0
220623_074513-338210.pdf	bcsi_packdesign			0
220623_080311-246252.pdf	bcsi_packdesign			0
220623_080318-203824.PDF	adobe			0
220623_081816-508782.pdf	adobe			0
220623_081826-261124.PDF	adobe			0
220623_082142-967718.pdf	bcsi_packdesign			0
220623_082151-643088.PDF	bcsi_packdesign			0
220623_082859-659475.PDF	adobe			0
220623_082906-369322.pdf	adobe			0
220623_083543-546715.pdf	bcsi_packdesign			0
220623_083553-886279.PDF	bcsi_packdesign			0
220623_083946-805728.pdf	bcsi_packdesign			0
220623_083959-745585.PDF	bcsi_packdesign			0
220623_084632-276587.pdf	cairo			0
220623_091428-757174.PDF	adobe			0
220623_091440-834591.pdf	adobe			0
220623_094031-145410.pdf	cairo			0
220623_094120-492871.pdf	adobe			0
220623_094311-836036.pdf	adobe	Y	Y	1
220722_023347.pdf	bcsi_packdesign			0
220722_023523.PDF	bcsi_packdesign			0
220722_023540.pdf	bcsi_packdesign			0
220722_023706.pdf	bcsi_packdesign			0
220722_070011.pdf	cairo			0
220722_071204.pdf	adobe	Y	Y	1
220722_071211.PDF	adobe			0
220722_080522.pdf	other			0
220722_082448.pdf	office_print			0
220722_084153.pdf	office_print			0
220723_103933-768042.pdf	cairo			0
220723_111327-686631.PDF	bcsi_packdesign			0
220723_111335-166878.pdf	adobe			0
220723_111343-564612.pdf	other			0
220723_112756-573176.pdf	bcsi_packdesign			0
220723_122830-633299.PDF	bcsi_packdesign			0
220723_122834-198685.pdf	bcsi_packdesign			0
220822_020113-469379.pdf	cairo			0
220822_020346-396114.pdf	cairo			0
220822_021638-917565.pdf	office_print			0
220822_035252-782851.pdf	office_print			0
220822_070411-959938.pdf	other			0
220822_070413-142677.pdf	office_print			0
220822_070417-306229.pdf	adobe	Y	Y	1
220822_070428-397575.PDF	bcsi_packdesign			0
220822_070525-368061.pdf	office_print			0
220822_081255-899668.pdf	adobe			0
220822_081442-221994.pdf	adobe			0
220822_083145-319974.pdf	office_print			0
220822_083151-774294.pdf	other			0
220823_103724-862287.pdf	adobe			0
220823_111748-317873.PDF	bcsi_packdesign			0
220823_111758-552337.pdf	bcsi_packdesign			0
220823_120400-764378.PDF	bcsi_packdesign			0
220823_120402-822437.pdf	bcsi_packdesign			0
220823_121646-395272.pdf	other			0
220823_122915-435452.pdf	adobe			0
220823_122918-713660.pdf	bcsi_packdesign			0
220823_124202-288295.PDF	bcsi_packdesign			0
220823_124207-456556.pdf	bcsi_packdesign			0
220823_124705-661863.PDF	bcsi_packdesign			0
220823_124712-749486.pdf	bcsi_packdesign			0
220823_124814-791351.pdf	office_print			0
220823_124859-698549.pdf	office_print			0
220823_135246-839362.pdf	cairo			0
220823_142653-713934.pdf	office_print			0
220823_154124-487577.PDF	bcsi_packdesign			0
220823_154712-761746.PDF	bcsi_packdesign			0
220823_155050-246370.pdf	cairo			0
220823_160537-128710.pdf	cairo			0
220823_162050-491345.pdf	adobe			0
220823_162212-235265.pdf	office_print			0
220823_174306-165444.pdf	other			0
220823_182044-365567.pdf	other			0
220823_182939-129970.pdf	other			0
220922_031638-769778.pdf	adobe	Y	Y	1
220922_035809-252266.pdf	adobe	Y	Y	1
220922_035815-107751.pdf	adobe			0
221022_035133-335989.pdf	adobe			0
221022_092919-734261.PDF	bcsi_packdesign			0
221022_092923-669027.pdf	bcsi_packdesign			0
221122_014436-664165.pdf	office_print			0
221122_024537-617678.PDF	bcsi_packdesign			0
221122_031543-796030.pdf	adobe			0
221122_031624-951294.pdf	adobe			0
221122_053713-938350.pdf	cairo			0
221122_054304-591019.pdf	adobe			0
221122_062957-266735.pdf	adobe			0
221122_063748-785372.PDF	bcsi_packdesign			0
221122_063754-545965.PDF	bcsi_packdesign			0
221122_063804-377493.pdf	bcsi_packdesign			0
221122_063810-321513.pdf	bcsi_packdesign			0
221122_063816-879870.pdf	bcsi_packdesign			0
221122_083905-764176.pdf	office_print			0
221122_083921-972380.pdf	bcsi_packdesign			0
221122_083934-252175.pdf	other			0
221122_083942-426083.PDF	bcsi_packdesign			0
221122_090352-858492.pdf	adobe			0
221122_090503-568275.pdf	adobe			0
221122_090648-812793.pdf	adobe			0
221222_030929-957353.PDF	adobe			0
221222_030946-125136.pdf	adobe	Y	Y	1
221222_062255-468237.pdf	adobe			0
221222_072819-698614.pdf	adobe			0
221222_072826-278360.PDF	bcsi_packdesign			0
221222_073125-527731.pdf	bcsi_packdesign			0
221222_073130-157839.PDF	bcsi_packdesign			0
221222_073422-771197.pdf	bcsi_packdesign			0
221222_073428-798341.PDF	bcsi_packdesign			0
221222_073701-829244.pdf	bcsi_packdesign			0
221222_073706-871411.PDF	bcsi_packdesign			0
221222_074240-693597.pdf	bcsi_packdesign			0
221222_074246-237422.PDF	bcsi_packdesign			0
221222_075602-197396.pdf	cairo			0
221222_085953-195176.PDF	bcsi_packdesign			0
221222_090023-277337.PDF	bcsi_packdesign			0
22200399 สินค้าใหม่ Lot.แรก_ศิริวัฒนา_09	other			0
230123_020440-268233.PDF	bcsi_packdesign			0
230123_020449-952620.pdf	bcsi_packdesign			0
230123_044419-552182.pdf	adobe	Y	Y	1
230123_044523-254185.pdf	bcsi_packdesign			0
230123_045101-807472.pdf	adobe	Y	Y	1
230123_051324-582481.pdf	office_print			0
230123_074703-495694.pdf	other			0
230223_004908-903490.pdf	adobe	Y	Y	1
230223_004913-774926.PDF	bcsi_packdesign			0
230223_004930-346345.pdf	adobe			0
230223_011122-202920.PDF	bcsi_packdesign			0
230223_011127-274668.pdf	bcsi_packdesign			0
230223_011311-781170.pdf	other			0
230223_011708-164484.pdf	adobe	Y	Y	1
230223_011844-243674.pdf	adobe	Y	Y	1
230223_011930-541195.pdf	adobe			0
230223_012421-811560.pdf	office_print			0
230223_012720-972947.pdf	adobe			0
230223_015216-644861.PDF	bcsi_packdesign			0
230223_015237-531196.pdf	bcsi_packdesign			0
230223_015333-427280.pdf	bcsi_packdesign			0
230223_015340-374277.PDF	bcsi_packdesign			0
230223_021653-992434.pdf	other			0
230223_031619-701293.PDF	adobe			0
230223_044135-708584.PDF	bcsi_packdesign			0
230223_044141-924293.pdf	bcsi_packdesign			0
230223_044328-714620.PDF	adobe			0
230223_051945-419018.pdf	adobe			0
230223_051957-401553.pdf	adobe			0
230223_052003-539054.pdf	adobe			0
230223_052007-377247.pdf	adobe			0
230223_052211-307453.pdf	adobe			0
230223_052217-662430.pdf	adobe			0
230223_052222-452125.pdf	adobe			0
230223_052226-901983.pdf	adobe			0
230223_052313-207031.pdf	adobe			0
230223_052323-547254.pdf	adobe			0
230223_052329-953817.pdf	adobe			0
230223_052333-283042.pdf	adobe			0
230223_053648-487796.PDF	bcsi_packdesign			0
230223_053651-322298.pdf	bcsi_packdesign			0
230223_054551-586081.PDF	bcsi_packdesign			0
230223_054553-897082.pdf	bcsi_packdesign			0
230223_060314-528570.PDF	bcsi_packdesign			0
230223_060317-225385.pdf	bcsi_packdesign			0
230223_061231-423233.pdf	adobe			0
230223_071502-821897.PDF	bcsi_packdesign			0
230223_071506-378746.pdf	bcsi_packdesign			0
230223_071933-548031.PDF	bcsi_packdesign			0
230223_071936-862315.pdf	bcsi_packdesign			0
230223_074106-616418.pdf	adobe	Y	Y	1
230223_074444-879578.pdf	adobe			0
230223_074559-546449.pdf	adobe			0
230223_075052-465395.PDF	adobe			0
230223_075056-397155.pdf	adobe	Y	Y	1
230223_080917-885192.pdf	other			0
230223_081144-985952.pdf	adobe			0
230223_081244-649567.pdf	adobe			0
230223_082128-776717.PDF	adobe			0
230223_082131-352443.pdf	adobe	Y	Y	1
230223_084246-173076.pdf	other			0
230223_084317-332353.pdf	other			0
230223_085856-608821.pdf	cairo			0
230223_090222-827051.PDF	adobe			0
230223_090228-319882.pdf	adobe	Y	Y	1
230223_090648-836036.pdf	other			0
230223_090712-965168.PDF	adobe			0
230223_090718-353593.pdf	adobe	Y	Y	1
230223_120401-299528.pdf	adobe			0
230323_013950-379650.PDF	bcsi_packdesign			0
230323_014027-257421.pdf	bcsi_packdesign			0
230323_014309-953670.PDF	adobe			0
230323_014310-113940.pdf	adobe	Y	Y	1
230323_014725-791023.pdf	bcsi_packdesign			0
230323_014826-706237.PDF	bcsi_packdesign			0
230323_014900-757623.pdf	bcsi_packdesign			0
230323_014901-704171.pdf	bcsi_packdesign			0
230323_021457-569536.PDF	adobe			0
230323_021459-343859.pdf	bcsi_packdesign			0
230323_024943-851110.pdf	office_print			0
230323_031036-693898.PDF	bcsi_packdesign			0
230323_031044-871236.pdf	bcsi_packdesign			0
230323_040152-887357.pdf	adobe			0
230323_040644-985258.pdf	adobe			0
230323_041021-749213.pdf	other			0
230323_043012-526386.pdf	bcsi_packdesign			0
230323_055033-735130.pdf	adobe	Y	Y	1
230323_060121-259284.pdf	adobe	Y	Y	1
230323_060342-335989.pdf	adobe			0
230323_060346-678130.pdf	other			0
230323_064710-556357.PDF	adobe			0
230323_064713-857688.pdf	adobe	Y	Y	1
230323_064717-558450.pdf	other			0
230323_065059-211876.PDF	adobe			0
230323_065102-909247.pdf	adobe	Y	Y	1
230323_065106-155646.pdf	other			0
230323_065856-477852.PDF	adobe			0
230323_065859-818642.pdf	bcsi_packdesign			0
230323_070417-488118.pdf	other			0
230323_070506-629779.pdf	other			0
230323_073412-798314.PDF	bcsi_packdesign			0
230323_075108-635246.PDF	bcsi_packdesign			0
230323_075114-624617.PDF	bcsi_packdesign			0
230323_091752-659932.pdf	cairo			0
230523_010917-178952.pdf	other			0
230523_011647-904533.pdf	other			0
230523_021803-936695.pdf	adobe	Y	Y	1
230523_025302-757594.pdf	cairo			0
230523_025307-774624.pdf	other			0
230523_041557-281516.pdf	other			0
230523_060613-613082.PDF	bcsi_packdesign			0
230523_060621-393555.pdf	bcsi_packdesign			0
230523_062925-895282.PDF	bcsi_packdesign			0
230523_062929-423744.pdf	bcsi_packdesign			0
230523_063607-359049.pdf	office_print			0
230523_063708-696868.PDF	bcsi_packdesign			0
230523_063717-693360.pdf	bcsi_packdesign			0
230523_075551-296733.pdf	cairo			0
230523_075626-331365.PDF	adobe			0
230523_075638-168048.pdf	adobe	Y	Y	1
230523_082648-982316.PDF	bcsi_packdesign			0
230523_082651-928167.pdf	bcsi_packdesign			0
230523_084856-761381.pdf	other			0
230523_092916-257338.pdf	cairo			0
230523_094439-835433.pdf	adobe			0
230523_094550-695461.pdf	other			0
230622_043018.pdf	adobe	Y	Y	1
230622_043022.pdf	office_print			0
230622_055011.pdf	adobe			0
230622_072517.pdf	adobe			0
230622_072834.pdf	office_print			0
230622_073146.pdf	cairo			0
230623_020301-852973.pdf	other			0
230623_022503-234032.pdf	cairo			0
230623_041713-301213.PDF	bcsi_packdesign			0
230623_041727-339195.pdf	adobe			0
230623_060645-889577.pdf	adobe			0
230623_071814-698284.pdf	cairo			0
230623_074209-182957.pdf	cairo			0
230623_074228-635282.PDF	bcsi_packdesign			0
230623_074236-429171.PDF	bcsi_packdesign			0
230623_101228-252897.PDF	bcsi_packdesign			0
230623_101920-452811.PDF	bcsi_packdesign			0
230722_015649.pdf	other			0
230722_015908.pdf	other			0
230722_072019.PDF	adobe			0
230722_072022.pdf	adobe			0
230722_084510.PDF	adobe			0
230722_084537.pdf	adobe	Y	Y	1
230722_091655.PDF	adobe			0
230722_091658.pdf	adobe	Y	Y	1
230822_021725-105622.PDF	bcsi_packdesign			0
230822_021730-724052.pdf	adobe	Y	Y	1
230822_061726-469954.PDF	adobe			0
230822_061730-674229.pdf	adobe	Y	Y	1
230822_083620-762459.pdf	adobe			0
230822_083623-506626.pdf	adobe	Y	Y	1
230822_083636-676212.pdf	adobe			0
230822_083640-276971.pdf	adobe	Y	Y	1
230822_083652-695818.pdf	adobe			0
230822_083655-877715.pdf	adobe	Y	Y	1
230822_083710-907210.pdf	adobe			0
230822_083712-195835.pdf	adobe	Y	Y	1
230822_093745-703752.pdf	other			0
230822_093835-656386.pdf	other			0
230822_094222-342024.pdf	other			0
230822_094644-951834.pdf	other			0
230823_095234-874890.pdf	other			0
230823_095359-496170.PDF	bcsi_packdesign			0
230823_095653-511554.pdf	other			0
230823_125742-156012.PDF	bcsi_packdesign			0
230823_142751-639925.pdf	adobe			0
230823_144232-744115.pdf	adobe			0
230823_161704-466739.pdf	adobe			0
230823_170655-813571.pdf	adobe	Y	Y	1
230823_170702-936184.pdf	adobe			0
230823_170707-279164.pdf	adobe			0
230823_170712-599443.pdf	adobe			0
230823_171758-239971.pdf	adobe			0
230823_171805-843065.pdf	adobe			0
230823_173138-613292.pdf	adobe			0
230823_174401-314456.pdf	cairo			0
230922_093946-813068.pdf	cairo			0
231122_013643-733028.pdf	adobe			0
231122_020440-977898.pdf	adobe	Y	Y	1
231122_020453-713057.PDF	bcsi_packdesign			0
231122_022102-924212.pdf	other			0
231122_022111-937327.PDF	bcsi_packdesign			0
231122_022121-358144.pdf	adobe	Y	Y	1
231122_025002-567288.PDF	bcsi_packdesign			0
231122_025009-495421.pdf	adobe	Y	Y	1
231122_025046-559564.pdf	other			0
231122_031058-381280.PDF	bcsi_packdesign			0
231122_031106-115740.pdf	adobe	Y	Y	1
231122_031114-319471.pdf	other	Y	Y	1
231122_031714-176010.pdf	office_print			0
231122_031719-459864.pdf	office_print			0
231122_031918-369258.pdf	office_print			0
231122_032029-569719.pdf	adobe			0
231122_045240-959034.pdf	adobe	Y	Y	1
231122_045254-271845.pdf	bcsi_packdesign			0
231122_051504-142860.pdf	office_print			0
231122_051508-203375.pdf	office_print			0
231122_051512-435151.pdf	office_print			0
231122_051516-272413.pdf	office_print			0
231122_052358-891179.pdf	office_print			0
231122_052401-878920.pdf	office_print			0
231122_052405-123848.pdf	office_print			0
231122_052408-523983.pdf	office_print			0
231122_072418-172712.pdf	adobe			0
231122_072834-991512.pdf	office_print			0
231122_072906-885977.pdf	office_print			0
231122_073747-438148.pdf	office_print			0
231122_080842-848823.pdf	cairo			0
231122_085405-229789.pdf	adobe	Y	Y	1
231122_085416-222260.pdf	bcsi_packdesign			0
231122_085424-162110.pdf	adobe	Y	Y	1
231122_085906-633537.PDF	bcsi_packdesign			0
231122_085912-949454.pdf	adobe	Y	Y	1
231122_085931-347093.pdf	other			0
231122_090340-282383.pdf	adobe	Y	Y	1
231122_090352-813780.PDF	bcsi_packdesign			0
231122_090400-242953.pdf	adobe	Y	Y	1
231222_012302-509020.pdf	bcsi_packdesign			0
231222_012309-112084.PDF	bcsi_packdesign			0
231222_024340-128736.pdf	cairo			0
231222_044913-931415.pdf	office_print			0
231222_064929-176614.pdf	cairo			0
231222_084753-126579.PDF	bcsi_packdesign			0
231222_085531-137867.PDF	bcsi_packdesign			0
240123_013624-699599.pdf	cairo			0
240123_030843-523298.pdf	office_print			0
240123_031745-438988.pdf	office_print			0
240123_033251-555754.PDF	adobe			0
240123_033300-527914.pdf	adobe	Y	Y	1
240123_033307-166375.pdf	adobe			0
240123_052539-884360.PDF	bcsi_packdesign			0
240123_052544-204153.pdf	bcsi_packdesign			0
240123_063227-502898.pdf	adobe			0
240223_001741-981567.pdf	adobe	Y	Y	1
240223_001752-963012.pdf	adobe			0
240223_001753-788342.pdf	other			0
240223_005429-798762.pdf	adobe			0
240223_013022-802282.PDF	bcsi_packdesign			0
240223_013025-903490.pdf	bcsi_packdesign			0
240223_015936-597972.pdf	adobe			0
240223_033830-862224.pdf	office_print			0
240223_034942-512870.pdf	office_print			0
240223_034947-974628.pdf	office_print			0
240223_034951-109523.pdf	office_print			0
240223_045517-459498.pdf	other			0
240223_055016-736628.pdf	adobe			0
240223_060203-128590.pdf	other			0
240223_064350-516927.pdf	adobe			0
240223_064416-932018.pdf	adobe			0
240223_101858-154632.pdf	adobe			0
240323_013123-706090.pdf	cairo			0
240323_023346-788698.pdf	other			0
240323_061339-186914.pdf	adobe			0
240323_062918-752223.PDF	bcsi_packdesign			0
240323_063126-876335.PDF	bcsi_packdesign			0
240323_064654-871145.pdf	adobe	Y	Y	1
240323_065115-191393.pdf	adobe			0
240323_065152-769751.PDF	bcsi_packdesign			0
240323_070204-592782.PDF	bcsi_packdesign			0
240323_070352-227367.PDF	bcsi_packdesign			0
240323_070741-105348.PDF	bcsi_packdesign			0
240323_070952-943552.PDF	bcsi_packdesign			0
240323_082959-399915.PDF	bcsi_packdesign			0
240323_083727-476865.PDF	bcsi_packdesign			0
240323_085201-129614.pdf	other			0
240323_085332-245237.pdf	cairo			0
240323_091727-491189.pdf	adobe	Y	Y	1
240323_092843-605011.PDF	bcsi_packdesign			0
240323_092848-352086.pdf	bcsi_packdesign			0
240323_092852-846483.pdf	other			0
240323_094141-128352.PDF	bcsi_packdesign			0
240423_021016-316613.PDF	bcsi_packdesign			0
240423_023252-706575.pdf	office_print			0
240423_025230-911151.PDF	bcsi_packdesign			0
240423_025235-731137.pdf	bcsi_packdesign			0
240423_041824-919247.pdf	office_print			0
240423_072837-572454.pdf	adobe			0
240423_084648-707954.pdf	adobe	Y	Y	1
240423_084740-284996.pdf	adobe	Y	Y	1
240423_084745-783663.pdf	adobe	Y	Y	1
240423_085507-303945.pdf	cairo			0
240423_091320-331786.pdf	adobe			0
240523_041140-725824.pdf	office_print			0
240523_041206-814356.pdf	cairo			0
240523_042718-888527.pdf	adobe	Y	Y	1
240523_060515-264276.pdf	office_print			0
240523_060524-105229.pdf	office_print			0
240523_065654-978922.pdf	other			0
240523_091409-312656.PDF	bcsi_packdesign			0
240523_091413-563534.pdf	bcsi_packdesign			0
240523_091659-993850.pdf	other			0
240622_094242.PDF	bcsi_packdesign			0
240622_094304.pdf	bcsi_packdesign			0
240723_104409-224845.PDF	bcsi_packdesign			0
240723_104414-188650.pdf	bcsi_packdesign			0
240723_115505-838914.PDF	bcsi_packdesign			0
240723_120524-627943.pdf	cairo			0
240723_121031-729927.pdf	adobe	Y	Y	1
240723_121040-753784.PDF	bcsi_packdesign			0
240723_124534-857085.pdf	office_print			0
240723_124608-945133.PDF	bcsi_packdesign			0
240723_124613-811889.pdf	cairo			0
240723_132229-685553.pdf	cairo			0
240723_133120-886636.pdf	adobe	Y	Y	1
240723_133124-904834.PDF	bcsi_packdesign			0
240723_133159-296824.pdf	cairo			0
240723_134539-879158.pdf	adobe	Y	Y	1
240723_134611-453715.pdf	cairo			0
240723_141140-525391.pdf	adobe	Y	Y	1
240723_144646-465934.pdf	bcsi_packdesign			0
240723_144650-136551.PDF	bcsi_packdesign			0
240723_145044-304932.pdf	bcsi_packdesign			0
240723_145048-916935.PDF	bcsi_packdesign			0
240723_145156-493776.pdf	cairo			0
240723_150044-291963.pdf	adobe			0
240723_152255-186492.pdf	bcsi_packdesign			0
240723_152300-931058.pdf	adobe			0
240723_164506-244844.pdf	office_print			0
240723_164540-893399.pdf	office_print			0
240723_172516-459527.PDF	bcsi_packdesign			0
240723_172525-118710.pdf	bcsi_packdesign			0
240723_173254-883512.PDF	bcsi_packdesign			0
240723_173259-819756.pdf	bcsi_packdesign			0
240723_173643-937152.PDF	bcsi_packdesign			0
240723_173649-779330.pdf	bcsi_packdesign			0
240822_020929-288386.pdf	office_print			0
240822_022944-773390.pdf	adobe	Y	Y	1
240822_022949-501729.pdf	office_print			0
240822_060210-185260.pdf	adobe			0
240822_080749-889121.pdf	adobe	Y	Y	1
240822_092414-117266.pdf	adobe	Y	Y	1
240823_100143-883520.pdf	cairo			0
240823_100812-815279.PDF	bcsi_packdesign			0
240823_100835-201513.pdf	bcsi_packdesign			0
240823_101348-595367.pdf	bcsi_packdesign			0
240823_101357-707919.PDF	bcsi_packdesign			0
240823_103716-692035.pdf	cairo			0
240823_105215-509139.pdf	cairo			0
240823_125457-415335.pdf	cairo			0
240823_151229-937774.pdf	cairo			0
240823_151815-854719.pdf	other			0
240823_161330-704411.pdf	cairo			0
240823_173130-346682.pdf	cairo			0
240823_173841-128710.pdf	adobe	Y	Y	1
240823_173939-946248.pdf	cairo			0
240823_180950-483593.pdf	adobe	Y	Y	1
240823_181010-777474.pdf	cairo			0
240823_181046-904358.pdf	cairo			0
241022_031656-288569.PDF	bcsi_packdesign			0
241022_031702-945471.pdf	bcsi_packdesign			0
241022_031821-329526.PDF	bcsi_packdesign			0
241022_031825-745613.pdf	bcsi_packdesign			0
241022_031901-972983.PDF	bcsi_packdesign			0
241022_031905-591859.pdf	bcsi_packdesign			0
241022_032003-412146.PDF	bcsi_packdesign			0
241022_032012-573176.pdf	bcsi_packdesign			0
241022_032042-999635.PDF	bcsi_packdesign			0
241022_032051-764085.pdf	bcsi_packdesign			0
241022_043340-856756.pdf	other			0
241022_055714-799630.PDF	bcsi_packdesign			0
241022_060812-391882.pdf	bcsi_packdesign			0
241022_060904-576867.PDF	bcsi_packdesign			0
241022_082402-952591.pdf	other			0
241022_082521-802976.pdf	other			0
241022_082623-691559.pdf	other			0
241022_082725-444254.pdf	other			0
241022_094420-563561.pdf	other			0
241022_100101-251188.pdf	adobe			0
241022_100106-291726.pdf	adobe			0
241022_100112-568331.pdf	adobe			0
241022_100119-574491.pdf	adobe			0
241122_003157-593293.PDF	bcsi_packdesign			0
241122_004324-262148.pdf	other			0
241122_010917-996097.pdf	cairo			0
241122_010929-172355.pdf	adobe	Y	Y	1
241122_010932-944630.pdf	adobe	Y	Y	1
241122_011427-246799.pdf	other			0
241122_014730-246580.pdf	office_print			0
241122_021610-472215.pdf	adobe			0
241122_023931-889486.pdf	adobe	Y	Y	1
241122_044144-301368.PDF	bcsi_packdesign			0
241122_044200-539740.pdf	adobe	Y	Y	1
241122_044205-614078.pdf	other			0
241122_045245-318594.pdf	other			0
241122_045327-151177.PDF	bcsi_packdesign			0
241122_045346-771326.pdf	adobe	Y	Y	1
241122_053921-786451.pdf	office_print			0
241122_060602-541945.pdf	adobe			0
241122_060944-871172.pdf	adobe	Y		1
241122_065615-619687.pdf	other			0
241122_070707-943094.pdf	adobe			0
241122_074251-389649.pdf	adobe			0
241122_080741-467250.pdf	adobe			0
241122_081820-571943.pdf	cairo			0
241122_082009-665399.pdf	cairo			0
241122_083615-868491.PDF	bcsi_packdesign			0
241122_083619-243940.pdf	adobe	Y	Y	1
241222_055518-715368.PDF	adobe			0
241222_055528-614736.pdf	adobe	Y	Y	1
241222_063757-229551.pdf	adobe			0
241222_063807-953158.pdf	adobe			0
241222_064253-119276.pdf	adobe			0
241222_064259-914896.pdf	adobe			0
250123_014942-196849.pdf	adobe			0
250123_020641-319856.PDF	adobe			0
250123_020658-239193.pdf	adobe	Y	Y	1
250123_060855-672246.pdf	office_print			0
250123_060901-902349.pdf	office_print			0
250123_061015-377613.pdf	office_print			0
250123_064306-551013.PDF	adobe			0
250123_064326-244159.pdf	adobe			0
250123_070750-341639.pdf	adobe			0
250123_074559-181093.PDF	bcsi_packdesign			0
250123_074605-145198.pdf	adobe			0
250123_080359-927419.pdf	adobe			0
250223_003905-186521.pdf	cairo			0
250223_004213-515931.pdf	cairo			0
250323_082234-437216.pdf	other			0
250423_013315-404614.pdf	cairo			0
250423_013320-933845.pdf	other			0
250423_013603-398571.pdf	cairo			0
250423_022244-208320.pdf	office_print			0
250423_063035-422090.PDF	adobe			0
250423_063047-411342.pdf	adobe	Y	Y	1
250423_074227-844298.pdf	other			0
250423_082023-799210.pdf	adobe	Y	Y	1
250423_092438-312957.PDF	bcsi_packdesign			0
250423_092728-732517.pdf	office_print			0
250423_100325-874059.pdf	bcsi_packdesign			0
250523_024002-393948.pdf	adobe			0
250523_032014-727560.PDF	adobe			0
250523_032017-875641.pdf	adobe	Y	Y	1
250523_032825-995257.pdf	cairo			0
250523_035355-412722.PDF	adobe			0
250523_040542-326347.pdf	cairo			0
250523_060945-679027.PDF	bcsi_packdesign			0
250523_061030-146971.pdf	bcsi_packdesign			0
250523_061202-803635.pdf	cairo			0
250523_065415-429921.pdf	adobe			0
250523_071231-642724.PDF	bcsi_packdesign			0
250523_071235-751381.pdf	bcsi_packdesign			0
250523_071304-211063.PDF	bcsi_packdesign			0
250523_071309-353794.pdf	bcsi_packdesign			0
250523_071521-945434.pdf	cairo			0
250523_080328-719781.PDF	bcsi_packdesign			0
250523_080332-375329.pdf	bcsi_packdesign			0
250523_084955-906068.pdf	adobe	Y	Y	1
250523_084958-116854.pdf	adobe	Y	Y	1
250523_091828-269312.pdf	office_print			0
250622_071856.PDF	bcsi_packdesign			0
250622_071901.pdf	office_print			0
250722_052348.pdf	adobe	Y	Y	1
250722_074949.pdf	adobe			0
250723_093044-303351.pdf	cairo			0
250723_095612-927263.PDF	bcsi_packdesign			0
250723_095616-638819.pdf	adobe			0
250723_095930-543681.pdf	adobe			0
250723_100136-515154.pdf	adobe			0
250723_100200-688696.pdf	adobe			0
250723_112105-131810.pdf	adobe			0
250723_115226-792010.pdf	adobe			0
250723_120338-752496.pdf	adobe			0
250723_121255-227696.pdf	cairo			0
250723_162645-915044.pdf	office_print			0
250723_184703-355777.pdf	adobe			0
250822_020926-412986.PDF	bcsi_packdesign			0
250822_032536-913161.pdf	office_print			0
250822_032753-717470.PDF	adobe			0
250822_032758-836693.pdf	adobe	Y		1
250822_032803-282292.pdf	office_print			0
250822_040102-371336.pdf	office_print			0
250822_040106-734024.pdf	office_print			0
250822_042859-669693.pdf	other			0
250822_063319-637412.PDF	adobe			0
250822_063324-643419.pdf	adobe	Y	Y	1
250822_063327-415453.pdf	adobe	Y	Y	1
250822_092202-509532.pdf	adobe			0
250822_092340-538788.PDF	office_print			0
250822_092456-554649.pdf	adobe	Y	Y	1
250823_092602-559866.pdf	bcsi_packdesign			0
250823_092607-737349.PDF	bcsi_packdesign			0
250823_101229-155289.pdf	adobe	Y	Y	1
250823_101858-729626.pdf	adobe			0
250823_101939-469653.pdf	adobe			0
250823_141905-615038.PDF	bcsi_packdesign			0
250823_141908-661798.PDF	adobe	Y	Y	1
250823_141911-487341.PDF	adobe	Y	Y	1
250823_142627-175982.pdf	cairo			0
250823_145036-712097.pdf	other			0
250823_145050-351456.pdf	office_print			0
250823_160006-755374.pdf	cairo			0
250823_162438-301130.PDF	bcsi_packdesign			0
250823_171013-313734.pdf	office_print			0
250823_172440-428779.PDF	bcsi_packdesign			0
250823_174530-661617.pdf	office_print			0
250823_174533-805673.pdf	office_print			0
250823_174539-791771.pdf	office_print			0
250823_174543-798194.pdf	other			0
251022_063533-807948.PDF	bcsi_packdesign			0
251022_063539-602453.pdf	adobe	Y	Y	1
251022_071950-258353.pdf	cairo			0
251022_072006-966064.PDF	bcsi_packdesign			0
251022_072012-816092.pdf	bcsi_packdesign			0
251022_072034-438212.pdf	adobe			0
251022_072307-318924.PDF	bcsi_packdesign			0
251022_072314-958650.pdf	bcsi_packdesign			0
251022_072330-296979.pdf	adobe			0
251022_072334-827799.pdf	cairo			0
251022_085801-323193.PDF	bcsi_packdesign			0
251022_085811-444821.pdf	adobe	Y	Y	1
251022_093158-703716.PDF	bcsi_packdesign			0
251022_093201-103128.pdf	bcsi_packdesign			0
251022_094649-857113.pdf	adobe			0
251022_102232-753328.pdf	other			0
251022_102346-103155.pdf	other			0
251122_005751-582581.pdf	adobe			0
251122_005802-375722.PDF	adobe			0
251122_010723-174994.pdf	adobe			0
251122_010727-681496.PDF	adobe			0
251122_011909-658369.pdf	adobe			0
251122_011913-957234.PDF	adobe			0
251122_011935-957873.pdf	adobe			0
251122_011939-557764.PDF	adobe			0
251122_012002-636689.pdf	bcsi_packdesign			0
251122_012006-996966.PDF	bcsi_packdesign			0
251122_012027-515482.pdf	bcsi_packdesign			0
251122_012031-411881.PDF	bcsi_packdesign			0
251122_012056-782942.pdf	bcsi_packdesign			0
251122_012102-473138.PDF	bcsi_packdesign			0
251122_023637-245867.pdf	adobe			0
251122_025327-557527.pdf	adobe			0
251122_070316-336647.PDF	bcsi_packdesign			0
251122_070320-962528.pdf	bcsi_packdesign			0
251122_071329-772221.PDF	bcsi_packdesign			0
251122_071354-423736.pdf	bcsi_packdesign			0
251122_072344-259522.pdf	adobe	Y	Y	1
251122_072357-518397.PDF	adobe			0
251122_073221-271754.PDF	bcsi_packdesign			0
251122_073246-707114.pdf	bcsi_packdesign			0
251122_073300-676121.pdf	other			0
260123_004627-458420.PDF	bcsi_packdesign			0
260123_005124-928972.PDF	adobe			0
260123_012026-374789.pdf	adobe			0
260123_012041-679062.PDF	bcsi_packdesign			0
260123_012149-431459.PDF	adobe			0
260123_012159-158980.pdf	adobe			0
260123_012319-497046.pdf	adobe			0
260123_013553-691294.PDF	bcsi_packdesign			0
260123_013557-318686.pdf	bcsi_packdesign			0
260123_021605-328211.pdf	bcsi_packdesign			0
260123_021617-769477.pdf	other			0
260123_021625-818760.pdf	bcsi_packdesign			0
260123_025726-153426.PDF	bcsi_packdesign			0
260123_030543-328722.pdf	other			0
260123_032243-893721.pdf	office_print			0
260123_045502-313140.pdf	other			0
260123_045533-368117.PDF	bcsi_packdesign			0
260123_051323-673899.pdf	adobe	Y	Y	1
260123_051327-156577.pdf	adobe	Y	Y	1
260123_051333-666176.PDF	adobe			0
260123_052801-256525.pdf	adobe	Y	Y	1
260123_053411-855523.pdf	office_print			0
260123_054438-832856.pdf	adobe			0
260123_055252-443442.PDF	bcsi_packdesign			0
260123_055258-529740.pdf	adobe			0
260123_062641-344454.pdf	other			0
260123_063635-485029.pdf	cairo			0
260123_063648-623090.pdf	adobe			0
260123_064625-167336.PDF	bcsi_packdesign			0
260123_064628-949573.pdf	bcsi_packdesign			0
260123_064633-882194.pdf	other			0
260123_071128-189399.pdf	other			0
260123_072441-375684.PDF	bcsi_packdesign			0
260123_072445-222562.pdf	bcsi_packdesign			0
260123_072549-643481.pdf	other			0
260123_073321-271095.pdf	adobe			0
260123_073327-781087.pdf	adobe			0
260423_021550-665217.pdf	office_print			0
260423_024548-289311.pdf	adobe	Y		1
260423_031814-764652.pdf	adobe			0
260423_031817-401251.pdf	adobe			0
260423_033319-462060.pdf	cairo			0
260423_041216-997897.pdf	cairo			0
260423_071015-444136.PDF	bcsi_packdesign			0
260423_071026-542182.pdf	bcsi_packdesign			0
260423_072439-698312.PDF	bcsi_packdesign			0
260423_072446-313587.pdf	bcsi_packdesign			0
260423_073706-234396.pdf	other			0
260423_073749-245383.pdf	other			0
260423_073852-852799.pdf	adobe			0
260423_074229-416293.pdf	bcsi_packdesign			0
260423_075159-918827.PDF	bcsi_packdesign			0
260423_080044-979488.pdf	office_print			0
260423_080152-576530.pdf	other			0
260423_091751-407757.PDF	adobe			0
260423_091800-305745.PDF	adobe			0
260523_013309-399292.pdf	cairo			0
260523_024140-811176.pdf	adobe			0
260523_024144-591312.pdf	adobe	Y	Y	1
260523_024148-433287.pdf	adobe	Y	Y	1
260523_054452-637019.pdf	adobe			0
260523_060225-529594.PDF	bcsi_packdesign			0
260523_065634-637915.pdf	cairo			0
260523_081531-973193.pdf	adobe	Y	Y	1
260523_081826-907657.PDF	adobe			0
260523_082628-699691.pdf	cairo			0
260523_083058-711795.pdf	adobe			0
260523_095412-735943.PDF	bcsi_packdesign			0
260523_095424-805736.PDF	bcsi_packdesign			0
260523_095430-521196.pdf	adobe			0
260623_014725-497313.PDF	bcsi_packdesign			0
260623_014741-984025.pdf	bcsi_packdesign			0
260623_015044-602425.pdf	bcsi_packdesign			0
260623_015107-474855.PDF	bcsi_packdesign			0
260623_015411-996490.pdf	bcsi_packdesign			0
260623_015421-285270.PDF	bcsi_packdesign			0
260623_015813-423196.pdf	bcsi_packdesign			0
260623_015824-189610.PDF	bcsi_packdesign			0
260623_020806-334546.PDF	bcsi_packdesign			0
260623_020817-749661.pdf	bcsi_packdesign			0
260623_021935-127119.pdf	adobe	Y	Y	1
260623_023202-566329.pdf	cairo			0
260623_023904-551223.pdf	adobe			0
260623_062452-991840.PDF	bcsi_packdesign			0
260623_100201-752579.pdf	adobe			0
260623_100320-143225.pdf	cairo			0
260722_024823.pdf	adobe			0
260722_060617.PDF	adobe			0
260722_060621.pdf	adobe	Y	Y	1
260723_111124-731977.pdf	adobe			0
260723_111131-531014.PDF	bcsi_packdesign			0
260723_111146-192892.pdf	adobe			0
260723_111242-727442.pdf	adobe			0
260723_111252-539110.PDF	bcsi_packdesign			0
260723_111259-801652.pdf	adobe			0
260723_115231-763573.pdf	cairo			0
260723_130438-283288.pdf	cairo			0
260723_143335-951596.pdf	office_print			0
260723_144120-931451.pdf	office_print			0
260723_144340-117841.pdf	adobe			0
260723_145908-864681.pdf	adobe	Y	Y	1
260723_151028-136726.pdf	cairo			0
260723_151445-762970.pdf	cairo			0
260723_160715-923335.pdf	adobe			0
260723_160726-316530.pdf	adobe			0
260723_162749-144239.PDF	bcsi_packdesign			0
260723_162753-451458.pdf	bcsi_packdesign			0
260723_173642-532091.PDF	bcsi_packdesign			0
260723_173648-337159.pdf	bcsi_packdesign			0
260723_175038-325835.PDF	adobe			0
260723_175043-958795.pdf	adobe			0
260723_175053-429976.pdf	adobe			0
260723_180036-206135.PDF	bcsi_packdesign			0
260723_180311-986043.pdf	bcsi_packdesign			0
260723_181505-931415.PDF	adobe			0
260723_181510-715368.pdf	adobe			0
260822_030713-212562.PDF	bcsi_packdesign			0
260822_030716-246077.pdf	adobe	Y	Y	1
260822_031939-511344.pdf	adobe			0
260822_032639-424613.pdf	adobe			0
260822_043455-703961.PDF	bcsi_packdesign			0
260822_062920-566986.PDF	bcsi_packdesign			0
260822_080137-657592.pdf	other			0
260822_092650-205889.pdf	cairo			0
260822_093704-862918.pdf	adobe			0
260822_093727-462719.pdf	adobe			0
260822_093745-442034.pdf	adobe			0
260822_093758-774624.pdf	adobe			0
260823_125714-209133.pdf	adobe			0
260823_125723-715971.pdf	office_print			0
260823_151104-367157.pdf	office_print			0
260823_163746-272658.pdf	cairo			0
260922_025100-601621.PDF	bcsi_packdesign			0
260922_025104-106335.pdf	bcsi_packdesign			0
260922_034758-712134.pdf	cairo			0
260922_054548-532457.pdf	other			0
260922_072351-289766.pdf	adobe			0
260922_072935-386497.pdf	adobe	Y	Y	1
260922_073223-703394.pdf	other			0
260922_090050-152859.pdf	office_print			0
260922_093616-452719.pdf	bcsi_packdesign			0
260922_093619-913335.pdf	bcsi_packdesign			0
260922_094503-887960.pdf	bcsi_packdesign			0
260922_094507-308293.pdf	bcsi_packdesign			0
260922_094556-424311.pdf	bcsi_packdesign			0
260922_094600-316347.pdf	bcsi_packdesign			0
260922_095255-593595.pdf	bcsi_packdesign			0
260922_095302-336922.pdf	adobe	Y	Y	1
260922_095546-257421.pdf	bcsi_packdesign			0
260922_095550-592517.pdf	adobe	Y	Y	1
260922_095707-853212.pdf	bcsi_packdesign			0
261022_012958-685133.pdf	bcsi_packdesign			0
261022_013019-172592.PDF	bcsi_packdesign			0
261022_013209-806184.pdf	other			0
261022_043114-669512.pdf	other			0
261022_043556-107751.PDF	bcsi_packdesign			0
261022_063912-721110.pdf	adobe	Y	Y	1
261022_063920-265236.pdf	adobe	Y	Y	1
261022_063925-829874.pdf	adobe	Y	Y	1
261022_063929-516534.pdf	adobe	Y	Y	1
261022_064553-583323.pdf	adobe			0
261022_064557-616116.pdf	adobe			0
261022_070429-469836.pdf	adobe			0
261022_070853-682849.pdf	adobe			0
261022_070858-698312.pdf	adobe			0
261022_071100-773327.pdf	office_print			0
261022_071253-454162.pdf	other			0
261022_080238-273737.pdf	office_print			0
261022_080309-159163.pdf	other			0
261022_081124-563114.PDF	bcsi_packdesign			0
261022_081130-585788.pdf	bcsi_packdesign			0
261022_095721-211814.pdf	office_print			0
261022_100139-233885.pdf	cairo			0
261122_004752-794567.pdf	adobe			0
261122_004829-244451.pdf	adobe			0
261122_004951-886187.pdf	adobe			0
261122_013519-407127.pdf	cairo			0
261122_015905-779484.pdf	cairo			0
261122_024716-465870.pdf	office_print			0
261122_024748-813817.PDF	bcsi_packdesign			0
261122_024753-562665.pdf	bcsi_packdesign			0
261222_014310-689720.pdf	office_print			0
261222_023638-433168.pdf	adobe			0
261222_024050-978977.pdf	office_print			0
261222_025644-964446.pdf	cairo			0
261222_055157-799090.pdf	adobe			0
261222_055215-642485.pdf	adobe			0
261222_072947-304547.pdf	adobe			0
261222_090221-762523.pdf	bcsi_packdesign			0
261222_090231-225951.PDF	bcsi_packdesign			0
270123_020243-973695.pdf	adobe			0
270123_020530-186283.pdf	adobe			0
270123_020949-714289.pdf	adobe			0
270123_022432-247212.pdf	cairo			0
270123_025653-772074.pdf	cairo			0
270123_032926-844893.pdf	cairo			0
270123_060757-494644.PDF	adobe			0
270123_061808-665874.pdf	adobe			0
270123_061811-968832.PDF	bcsi_packdesign			0
270123_061814-196968.pdf	bcsi_packdesign			0
270123_063345-515692.pdf	other			0
270123_064117-333559.pdf	other			0
270123_084159-358720.pdf	adobe			0
270123_084408-981027.PDF	adobe			0
270123_084416-352653.pdf	adobe	Y	Y	1
270123_084446-145711.PDF	adobe			0
270123_084451-934028.pdf	adobe	Y	Y	1
270123_084503-605394.pdf	adobe			0
270123_085954-384524.pdf	adobe	Y		1
270123_090046-474911.pdf	adobe	Y		1
270123_090117-601831.pdf	adobe	Y		1
270223_003923-122140.PDF	adobe			0
270223_003928-967662.pdf	adobe	Y	Y	1
270223_011051-244369.pdf	adobe	Y	Y	1
270223_011059-826877.PDF	bcsi_packdesign			0
270223_020009-148085.pdf	adobe			0
270223_021619-862526.pdf	adobe			0
270223_025451-519321.pdf	office_print			0
270223_031001-285417.PDF	adobe			0
270223_031004-897959.pdf	adobe	Y	Y	1
270223_043748-573989.pdf	cairo			0
270223_051019-319737.pdf	office_print			0
270223_054018-408424.PDF	adobe			0
270223_054022-364754.pdf	adobe	Y	Y	1
270223_063120-492661.pdf	adobe			0
270223_063446-608520.PDF	adobe			0
270323_011923-772248.pdf	other			0
270323_011942-964684.PDF	adobe			0
270323_011944-567920.pdf	adobe	Y	Y	1
270323_012234-289163.PDF	bcsi_packdesign			0
270323_012240-956823.pdf	adobe	Y	Y	1
270323_014503-486920.pdf	adobe	Y	Y	1
270323_014533-985468.pdf	office_print			0
270323_014539-965679.pdf	cairo			0
270323_015247-388243.PDF	adobe			0
270323_015250-286769.pdf	adobe	Y	Y	1
270323_020936-742698.pdf	adobe	Y		1
270323_021020-295444.pdf	adobe			0
270323_023546-225321.pdf	other			0
270323_032142-653810.PDF	bcsi_packdesign			0
270323_032149-342928.pdf	bcsi_packdesign			0
270323_032631-708164.pdf	adobe			0
270323_034841-679657.pdf	bcsi_packdesign			0
270323_034845-437398.PDF	bcsi_packdesign			0
270323_035127-534221.pdf	other			0
270323_054331-449892.pdf	other			0
270323_062717-601675.PDF	bcsi_packdesign			0
270323_062721-378480.pdf	bcsi_packdesign			0
270323_080852-399832.pdf	other			0
270323_083929-888288.pdf	adobe	Y	Y	1
270323_084003-344874.pdf	adobe	Y	Y	1
270323_084012-871985.PDF	adobe			0
270323_084215-947810.pdf	other			0
270323_084458-691349.pdf	other			0
270323_084619-641974.pdf	other			0
270323_084710-482817.pdf	other			0
270323_084711-172291.pdf	adobe			0
270423_010138-412146.pdf	office_print			0
270423_035432-784084.pdf	adobe			0
270423_043156-611529.PDF	bcsi_packdesign			0
270423_081552-256224.pdf	adobe			0
270423_084255-559747.PDF	bcsi_packdesign			0
270423_084306-745969.pdf	bcsi_packdesign			0
270423_085634-239642.pdf	adobe			0
270423_090627-317187.pdf	bcsi_packdesign			0
270423_090630-315597.PDF	bcsi_packdesign			0
270423_091310-384487.PDF	bcsi_packdesign			0
270423_091314-237815.pdf	bcsi_packdesign			0
270423_093129-572729.PDF	bcsi_packdesign			0
270423_093156-604764.pdf	bcsi_packdesign			0
270423_093653-725615.PDF	bcsi_packdesign			0
270423_093659-607587.pdf	bcsi_packdesign			0
270423_094131-912256.PDF	bcsi_packdesign			0
270423_094141-509595.pdf	bcsi_packdesign			0
270523_070601-936184.pdf	bcsi_packdesign			0
270523_070604-279164.PDF	bcsi_packdesign			0
270523_073059-807628.pdf	bcsi_packdesign			0
270523_073103-526295.PDF	bcsi_packdesign			0
270523_073808-498180.pdf	bcsi_packdesign			0
270523_073811-474161.PDF	bcsi_packdesign			0
270523_075739-551678.pdf	adobe			0
270523_075743-383892.pdf	bcsi_packdesign			0
270523_075747-573743.PDF	bcsi_packdesign			0
270622_015927.pdf	adobe			0
270622_015949.pdf	adobe			0
270622_015957.pdf	adobe			0
270622_020300.pdf	office_print			0
270622_020406.pdf	other			0
270622_023924.pdf	other			0
270622_024023.pdf	other			0
270622_084916.pdf	bcsi_packdesign			0
270622_090454.pdf	cairo			0
270622_095304.pdf	office_print			0
270622_095309.pdf	other			0
270622_101135.pdf	other			0
270622_101138.pdf	office_print			0
270622_101820.pdf	other			0
270622_101826.pdf	office_print			0
270623_012526-456382.PDF	bcsi_packdesign			0
270623_012530-165142.pdf	bcsi_packdesign			0
270623_021342-108445.pdf	adobe	Y	Y	1
270623_021438-869871.PDF	bcsi_packdesign			0
270623_021454-182171.pdf	bcsi_packdesign			0
270623_021603-492123.pdf	cairo			0
270623_021609-848018.pdf	cairo			0
270623_025129-375027.pdf	adobe	Y	Y	1
270623_151426-135564.pdf	adobe			0
270623_164949-467223.pdf	adobe	Y	Y	1
270623_165001-354096.pdf	cairo			0
270623_173335-719662.pdf	other			0
270623_173553-635639.pdf	adobe	Y	Y	1
270623_180715-908015.pdf	cairo			0
270623_180817-966666.pdf	adobe	Y	Y	1
270722_060416.pdf	adobe			0
270722_063108.pdf	other			0
270722_073041.pdf	adobe			0
270722_093052.pdf	bcsi_packdesign			0
270722_093056.pdf	bcsi_packdesign			0
270722_093059.pdf	office_print			0
270722_093505.pdf	office_print			0
270722_093909.pdf	office_print			0
270722_094141.pdf	office_print			0
270722_094436.pdf	bcsi_packdesign			0
270722_094442.pdf	bcsi_packdesign			0
270722_094447.pdf	office_print			0
270722_094537.pdf	office_print			0
270722_094623.pdf	bcsi_packdesign			0
270722_094631.pdf	bcsi_packdesign			0
270722_094637.pdf	office_print			0
270722_094706.pdf	office_print			0
270723_100923-629175.pdf	adobe	Y	Y	1
270723_100939-538570.pdf	other			0
270723_104509-954420.pdf	cairo			0
270723_112001-622726.pdf	cairo			0
270723_112333-319197.pdf	cairo			0
270723_114952-266433.pdf	cairo			0
270723_115148-373620.pdf	cairo			0
270723_143447-583659.pdf	cairo			0
270723_144420-242687.pdf	cairo			0
270723_161921-733694.PDF	bcsi_packdesign			0
270723_161926-957388.pdf	bcsi_packdesign			0
270723_162409-922165.PDF	bcsi_packdesign			0
270723_162412-285116.pdf	bcsi_packdesign			0
270723_164342-219461.PDF	bcsi_packdesign			0
270922_083506-175233.pdf	office_print			0
270922_092651-807116.PDF	adobe			0
270922_092700-282383.pdf	bcsi_packdesign			0
270922_105837-589626.pdf	other			0
270922_105843-739177.pdf	adobe			0
270922_105848-216674.pdf	adobe			0
271022_012828-439354.pdf	bcsi_packdesign			0
271022_012835-716237.pdf	bcsi_packdesign			0
271022_013238-227485.PDF	adobe			0
271022_013245-468246.pdf	cairo			0
271022_013932-406322.pdf	other			0
271022_013939-142887.pdf	bcsi_packdesign			0
271022_013948-318714.pdf	bcsi_packdesign			0
271022_021120-895137.pdf	adobe	Y	Y	1
271022_021123-478931.PDF	bcsi_packdesign			0
271022_021127-268387.pdf	adobe	Y	Y	1
271022_021938-924413.PDF	bcsi_packdesign			0
271022_021943-133555.pdf	bcsi_packdesign			0
271022_023055-816540.PDF	bcsi_packdesign			0
271022_023108-758217.pdf	bcsi_packdesign			0
271022_024406-107724.pdf	bcsi_packdesign			0
271022_024413-955919.PDF	bcsi_packdesign			0
271022_063108-484946.pdf	office_print			0
271022_075541-507220.pdf	bcsi_packdesign			0
271022_075544-697654.PDF	bcsi_packdesign			0
271022_094556-572070.pdf	adobe			0
271022_094703-321367.pdf	adobe	Y	Y	1
271022_094823-344489.pdf	adobe			0
271022_094853-609597.PDF	bcsi_packdesign			0
271022_095105-506717.pdf	cairo			0
271222_013732-365924.PDF	adobe			0
271222_013740-268772.pdf	adobe	Y	Y	1
271222_013927-662968.pdf	adobe			0
271222_062334-518754.pdf	cairo			0
271222_084331-798999.pdf	adobe	Y	Y	1
271222_091503-374880.pdf	adobe			0
271222_234347-996756.pdf	adobe			0
280123_004855-271754.PDF	bcsi_packdesign			0
280123_004904-707114.pdf	bcsi_packdesign			0
280123_004933-997779.PDF	bcsi_packdesign			0
280123_004936-861684.pdf	bcsi_packdesign			0
280123_022111-629176.pdf	adobe	Y		1
280123_031350-685251.pdf	cairo			0
280123_032453-534074.pdf	cairo			0
280123_080011-145226.pdf	office_print			0
280123_080025-595725.pdf	other			0
280123_082640-999578.pdf	office_print			0
280223_002302-917236.PDF	adobe			0
280223_002305-862827.pdf	adobe	Y		1
280223_002643-671141.PDF	adobe			0
280223_002646-232981.pdf	adobe	Y		1
280223_002956-534943.PDF	adobe			0
280223_002959-157812.pdf	adobe	Y		1
280223_003014-969544.pdf	cairo			0
280223_003242-427463.pdf	cairo			0
280223_003306-636177.pdf	cairo			0
280223_010844-581915.pdf	office_print			0
280223_015526-339050.pdf	office_print			0
280223_030121-453294.pdf	other			0
280223_062718-923426.PDF	bcsi_packdesign			0
280223_062724-898288.pdf	bcsi_packdesign			0
280223_070412-178112.pdf	cairo			0
280223_071536-679145.pdf	bcsi_packdesign			0
280223_071544-689482.PDF	bcsi_packdesign			0
280223_073546-142384.pdf	bcsi_packdesign			0
280223_073558-183314.PDF	bcsi_packdesign			0
280223_073957-374132.PDF	bcsi_packdesign			0
280223_074005-619953.pdf	bcsi_packdesign			0
280223_074704-752075.PDF	bcsi_packdesign			0
280223_075609-468630.pdf	bcsi_packdesign			0
280223_075630-926514.PDF	bcsi_packdesign			0
280223_075737-776844.PDF	bcsi_packdesign			0
280223_075745-662156.pdf	bcsi_packdesign			0
280223_075922-377878.PDF	bcsi_packdesign			0
280223_075948-472242.pdf	bcsi_packdesign			0
280223_080043-752158.PDF	bcsi_packdesign			0
280223_080051-608189.pdf	bcsi_packdesign			0
280223_080233-702043.PDF	bcsi_packdesign			0
280223_080304-382660.pdf	bcsi_packdesign			0
280223_080510-564949.PDF	bcsi_packdesign			0
280223_080518-104452.pdf	bcsi_packdesign			0
280223_080631-445479.PDF	bcsi_packdesign			0
280223_080638-489652.pdf	bcsi_packdesign			0
280223_080737-994453.PDF	bcsi_packdesign			0
280223_080746-335359.pdf	bcsi_packdesign			0
280223_081857-355422.pdf	bcsi_packdesign			0
280223_081907-472718.PDF	bcsi_packdesign			0
280223_083736-855769.pdf	other			0
280223_085157-233639.pdf	other			0
280223_085733-717918.pdf	other			0
280323_014911-658396.pdf	other			0
280323_015207-286341.pdf	other			0
280323_025310-502241.pdf	cairo			0
280323_053833-877952.PDF	bcsi_packdesign			0
280323_053840-533681.pdf	bcsi_packdesign			0
280323_053906-231245.pdf	other			0
280323_061126-551853.PDF	bcsi_packdesign			0
280323_061140-872616.pdf	bcsi_packdesign			0
280323_080044-912859.pdf	adobe			0
280323_080057-308742.PDF	bcsi_packdesign			0
280323_080100-695224.pdf	bcsi_packdesign			0
280323_081940-516442.pdf	bcsi_packdesign			0
280323_081948-236435.PDF	bcsi_packdesign			0
280323_085225-795043.PDF	adobe			0
280323_085228-152475.pdf	adobe			0
280323_085907-329828.PDF	adobe			0
280323_085909-286761.pdf	adobe			0
280323_090820-297482.pdf	adobe			0
280323_090826-267483.pdf	adobe			0
280323_090832-996454.pdf	adobe			0
280323_090836-557226.pdf	adobe			0
280323_090841-457854.pdf	adobe			0
280323_090845-647613.pdf	adobe			0
280323_091755-383345.pdf	office_print			0
280323_103812-454821.pdf	office_print			0
280323_103816-235292.pdf	office_print			0
280323_103820-921990.pdf	office_print			0
280323_110425-696392.pdf	adobe	Y		1
280423_013524-599324.pdf	other			0
280423_024752-143847.pdf	office_print			0
280423_030540-822437.pdf	other			0
280423_043608-762944.pdf	office_print			0
280423_062847-998410.pdf	bcsi_packdesign			0
280423_062854-835369.PDF	bcsi_packdesign			0
280423_082955-754287.PDF	bcsi_packdesign			0
280423_093559-844080.PDF	adobe			0
280423_095406-138316.pdf	cairo			0
280622_012745.pdf	other			0
280622_012753.pdf	office_print			0
280622_014139.pdf	other			0
280622_015438.pdf	other			0
280622_015557.pdf	other			0
280622_022132.pdf	office_print			0
280622_022251.pdf	cairo			0
280622_032748.pdf	office_print			0
280622_040407.pdf	other			0
280622_054458.pdf	adobe	Y	Y	1
280622_062508.pdf	adobe	Y	Y	1
280622_062520.pdf	office_print			0
280622_064333.pdf	office_print			0
280622_064341.pdf	adobe	Y	Y	1
280622_064739.pdf	cairo			0
280622_073134.pdf	adobe	Y	Y	1
280622_073142.pdf	office_print			0
280622_092908.PDF	bcsi_packdesign			0
280622_092914.pdf	bcsi_packdesign			0
280622_093234.pdf	office_print			0
280622_094257.pdf	other			0
280622_094337.pdf	office_print			0
280622_124358.pdf	adobe			0
280623_100725-545069.pdf	adobe	Y	Y	1
280623_101652-825370.pdf	office_print			0
280623_104014-503382.pdf	cairo			0
280623_105841-277337.pdf	cairo			0
280623_112522-146194.pdf	office_print			0
280623_123211-666267.pdf	bcsi_packdesign			0
280623_123215-182747.PDF	bcsi_packdesign			0
280623_124500-918077.pdf	office_print			0
280623_152056-944173.pdf	office_print			0
280623_182226-226791.pdf	adobe	Y	Y	1
280823_101230-462636.PDF	bcsi_packdesign			0
280823_101239-463559.pdf	bcsi_packdesign			0
280823_115203-969462.pdf	adobe	Y	Y	1
280823_142901-392476.pdf	cairo			0
280823_145410-858976.pdf	bcsi_packdesign			0
280823_145419-713751.PDF	bcsi_packdesign			0
280823_145726-202982.pdf	adobe	Y	Y	1
280823_160847-121719.pdf	office_print			0
280823_174423-892314.pdf	adobe			0
280922_015352-108472.pdf	bcsi_packdesign			0
280922_015400-886124.PDF	adobe			0
280922_070016-933999.PDF	bcsi_packdesign			0
280922_070230-269522.PDF	bcsi_packdesign			0
280922_083336-817590.pdf	office_print			0
280922_083408-509175.pdf	office_print			0
280922_083531-804566.pdf	adobe			0
280922_083534-488783.pdf	adobe			0
280922_083550-972289.pdf	other			0
280922_083726-746956.pdf	adobe			0
280922_083728-359616.pdf	adobe			0
280922_083734-598310.pdf	other			0
280922_083823-921241.pdf	adobe			0
280922_083826-779274.pdf	adobe			0
280922_083832-734982.pdf	other			0
280922_084003-252834.pdf	adobe			0
280922_084006-709480.pdf	adobe			0
280922_084013-476892.pdf	other			0
280922_091358-236581.pdf	bcsi_packdesign			0
280922_091402-597315.pdf	adobe	Y		1
280922_091604-461613.pdf	bcsi_packdesign			0
280922_091607-601347.pdf	adobe	Y		1
280922_091700-527521.pdf	bcsi_packdesign			0
280922_091706-943460.pdf	adobe	Y		1
280922_091919-259824.pdf	bcsi_packdesign			0
280922_091923-712911.pdf	adobe	Y	Y	1
280922_092038-421880.pdf	bcsi_packdesign			0
280922_092041-551853.pdf	adobe	Y	Y	1
280922_092146-471823.pdf	bcsi_packdesign			0
280922_092150-274485.pdf	adobe	Y	Y	1
281022_013558-126342.pdf	cairo			0
281022_032837-732370.PDF	bcsi_packdesign			0
281022_062623-692674.pdf	bcsi_packdesign			0
281022_062628-566868.PDF	bcsi_packdesign			0
281022_062704-485247.pdf	bcsi_packdesign			0
281022_062712-614470.PDF	bcsi_packdesign			0
281022_081229-479744.PDF	bcsi_packdesign			0
281022_081246-837534.pdf	bcsi_packdesign			0
281022_101717-312683.pdf	adobe			0
281022_101725-873246.pdf	adobe			0
281122_021156-675034.pdf	bcsi_packdesign			0
281122_021202-461046.PDF	bcsi_packdesign			0
281122_021751-443651.pdf	bcsi_packdesign			0
281122_021822-345057.PDF	bcsi_packdesign			0
281122_024053-434036.pdf	office_print			0
281122_024555-868190.pdf	other			0
281122_024702-854956.pdf	other			0
281122_051745-666450.pdf	cairo			0
281122_054645-995230.pdf	adobe			0
281122_073740-147246.pdf	cairo			0
281122_074431-406441.pdf	cairo			0
281122_081254-924632.pdf	cairo			0
281122_082948-544138.pdf	bcsi_packdesign			0
281122_083003-644350.pdf	adobe	Y	Y	1
281122_083742-676988.pdf	office_print			0
281122_084142-635731.pdf	bcsi_packdesign			0
281122_084202-496710.PDF	bcsi_packdesign			0
281122_090405-225979.pdf	adobe			0
281222_021444-916066.PDF	bcsi_packdesign			0
281222_021454-821414.pdf	bcsi_packdesign			0
281222_030925-612543.PDF	bcsi_packdesign			0
281222_030937-325926.pdf	bcsi_packdesign			0
290323_011727-103914.pdf	office_print			0
290323_014453-162356.pdf	other			0
290323_040329-944447.PDF	bcsi_packdesign			0
290323_040334-575159.pdf	bcsi_packdesign			0
290323_041415-731593.PDF	bcsi_packdesign			0
290323_041419-735431.pdf	bcsi_packdesign			0
290323_041845-587251.pdf	adobe			0
290323_042334-909667.PDF	bcsi_packdesign			0
290323_042338-588274.pdf	bcsi_packdesign			0
290323_060422-864417.PDF	bcsi_packdesign			0
290323_060825-334217.PDF	bcsi_packdesign			0
290323_065214-842288.PDF	bcsi_packdesign			0
290323_065653-165745.PDF	bcsi_packdesign			0
290323_070114-832912.pdf	bcsi_packdesign			0
290323_070119-229377.PDF	bcsi_packdesign			0
290323_070125-474344.pdf	adobe			0
290323_071649-928980.pdf	bcsi_packdesign			0
290323_071653-156193.PDF	bcsi_packdesign			0
290323_072124-465897.pdf	office_print			0
290323_074244-505483.PDF	bcsi_packdesign			0
290323_074248-597132.pdf	bcsi_packdesign			0
290323_074334-726839.pdf	other			0
290323_082013-833879.pdf	cairo			0
290323_083814-843485.pdf	cairo			0
290323_094118-607377.PDF	bcsi_packdesign			0
290423_020934-415453.PDF	bcsi_packdesign			0
290423_020954-899010.pdf	bcsi_packdesign			0
290423_021138-529265.PDF	bcsi_packdesign			0
290423_022755-312419.PDF	adobe			0
290423_022811-323139.pdf	adobe	Y	Y	1
290423_023004-896963.PDF	bcsi_packdesign			0
290423_023007-569353.pdf	bcsi_packdesign			0
290423_023759-225559.pdf	bcsi_packdesign			0
290423_023803-377823.PDF	bcsi_packdesign			0
290423_025139-812310.PDF	bcsi_packdesign			0
290423_025143-894871.pdf	bcsi_packdesign			0
290523_013854-521736.pdf	adobe			0
290523_013902-719297.pdf	adobe	Y	Y	1
290523_013910-579746.pdf	other			0
290523_015752-152986.pdf	bcsi_packdesign			0
290523_015759-879368.pdf	adobe	Y	Y	1
290523_021559-871236.PDF	adobe			0
290523_021604-652695.pdf	adobe	Y	Y	1
290523_021613-573660.pdf	other			0
290523_055457-142475.pdf	cairo			0
290523_060004-611346.pdf	other			0
290523_070756-255958.pdf	adobe			0
290523_071956-105832.PDF	bcsi_packdesign			0
290523_072529-226554.pdf	adobe			0
290523_072536-287692.pdf	adobe			0
290523_072543-126972.pdf	adobe			0
290523_081512-588010.pdf	adobe	Y	Y	1
290523_083546-855523.pdf	cairo			0
290523_084049-134542.pdf	adobe	Y	Y	1
290523_084145-545335.pdf	cairo			0
290622_014313.pdf	other			0
290622_015618.pdf	office_print			0
290622_020034.PDF	bcsi_packdesign			0
290622_020037.pdf	bcsi_packdesign			0
290622_020044.pdf	other			0
290622_021540.pdf	other			0
290622_021543.pdf	other			0
290622_022538.pdf	adobe	Y	Y	1
290622_022557.pdf	office_print			0
290622_035502.pdf	other			0
290622_083016.pdf	other			0
290622_093644.pdf	adobe			0
290623_095851-624525.pdf	cairo			0
290623_102613-161395.pdf	other			0
290623_113345-399593.pdf	other			0
290623_123314-433415.pdf	other			0
290623_123419-211128.pdf	other			0
290623_124809-395299.pdf	other			0
290623_125721-649384.pdf	other			0
290623_125736-913791.pdf	office_print			0
290623_130757-687554.pdf	other			0
290623_130804-572720.pdf	office_print			0
290623_175125-724829.PDF	bcsi_packdesign			0
290623_175135-361757.pdf	bcsi_packdesign			0
290623_175422-925197.PDF	bcsi_packdesign			0
290623_175509-687527.pdf	bcsi_packdesign			0
290623_185843-634022.pdf	other			0
290623_201026-945343.pdf	other			0
290722_013528.pdf	cairo			0
290722_040014.pdf	adobe			0
290722_074719.pdf	adobe	Y	Y	1
290722_074724.PDF	adobe			0
290722_080936.PDF	adobe			0
290722_081002.pdf	adobe	Y	Y	1
290722_090006.PDF	bcsi_packdesign			0
290722_090011.pdf	adobe	Y	Y	1
290722_094001.PDF	bcsi_packdesign			0
290722_094006.pdf	adobe	Y	Y	1
290822_014637-479617.pdf	adobe	Y	Y	1
290822_023404-465660.pdf	cairo			0
290822_034616-318833.pdf	office_print			0
290822_034642-376982.PDF	bcsi_packdesign			0
290822_034651-216318.PDF	adobe	Y	Y	1
290822_034742-319737.PDF	adobe	Y	Y	1
290822_034753-605093.PDF	bcsi_packdesign			0
290822_034759-576474.pdf	office_print			0
290822_035002-335267.pdf	other			0
290822_042158-362744.pdf	adobe			0
290822_062408-928315.pdf	adobe	Y		1
290822_062411-678852.pdf	adobe	Y		1
290822_062415-566567.pdf	adobe	Y		1
290822_071245-379650.pdf	adobe	Y		1
290822_072145-336080.PDF	bcsi_packdesign			0
290822_080807-477377.pdf	adobe			0
290822_080933-398689.pdf	adobe	Y		1
290822_084103-717918.pdf	adobe			0
290822_095912-177216.pdf	adobe			0
290823_093348-999516.PDF	adobe			0
290823_093350-594737.pdf	adobe			0
290823_101623-335870.pdf	cairo			0
290823_102453-888883.pdf	other			0
290823_104810-144030.pdf	adobe	Y	Y	1
290823_104824-244789.pdf	office_print			0
290823_111003-283379.pdf	other			0
290823_111019-366380.pdf	adobe			0
290823_111123-365567.pdf	adobe			0
290823_112214-773811.pdf	other			0
290823_113923-258745.pdf	bcsi_packdesign			0
290823_113927-353256.PDF	bcsi_packdesign			0
290823_115622-985615.PDF	bcsi_packdesign			0
290823_115627-592160.pdf	bcsi_packdesign			0
290823_115631-716784.pdf	other			0
290823_115753-948586.pdf	adobe			0
290823_120556-756837.pdf	adobe			0
290823_131825-112587.pdf	adobe			0
290823_151545-449197.pdf	other			0
290823_163742-297490.pdf	cairo			0
290823_181052-716181.PDF	bcsi_packdesign			0
290922_013419-166038.PDF	bcsi_packdesign			0
290922_013436-955827.pdf	adobe	Y	Y	1
290922_013911-206639.PDF	bcsi_packdesign			0
290922_013933-913819.pdf	adobe	Y	Y	1
290922_015528-507348.pdf	cairo			0
290922_040653-245412.PDF	bcsi_packdesign			0
290922_040658-595039.pdf	adobe	Y	Y	1
290922_043531-496115.pdf	other			0
290922_043609-591942.pdf	other			0
290922_043618-339561.pdf	other			0
290922_090828-362122.PDF	bcsi_packdesign			0
291022_093040-512486.pdf	other			0
291022_093043-279045.pdf	adobe	Y	Y	1
291022_093047-965442.PDF	bcsi_packdesign			0
291122_002247-697197.pdf	adobe			0
291122_032213-403379.pdf	office_print			0
2PA1N000294_090522_111733.pdf	other			0
300123_003642-818796.PDF	bcsi_packdesign			0
300123_003648-343230.pdf	bcsi_packdesign			0
300123_003653-211814.pdf	office_print			0
300123_005521-425544.pdf	adobe	Y	Y	1
300123_005528-938048.pdf	office_print			0
300123_005659-862580.pdf	other			0
300123_005943-455241.PDF	bcsi_packdesign			0
300123_005947-667830.pdf	adobe	Y	Y	1
300123_005951-346975.pdf	adobe			0
300123_010253-203375.pdf	other			0
300123_011209-756781.pdf	adobe			0
300123_011513-233885.pdf	office_print			0
300123_015604-248444.pdf	bcsi_packdesign			0
300123_015610-467194.PDF	bcsi_packdesign			0
300123_015748-323194.PDF	adobe			0
300123_020443-272413.pdf	adobe			0
300123_023452-269767.pdf	other			0
300123_035122-543352.pdf	adobe	Y	Y	1
300123_035353-177965.pdf	adobe	Y	Y	1
300123_041101-572847.pdf	other			0
300123_041112-173697.PDF	adobe			0
300123_041114-339470.pdf	adobe	Y	Y	1
300123_045639-474855.pdf	other			0
300123_062818-991512.PDF	adobe			0
300123_062822-157236.pdf	adobe	Y	Y	1
300123_063542-335113.pdf	cairo			0
300123_071133-941240.pdf	adobe			0
300123_071503-573450.pdf	adobe			0
300123_072758-363713.PDF	bcsi_packdesign			0
300123_072803-721046.pdf	adobe	Y	Y	1
300123_073004-473055.pdf	other			0
300123_075015-868136.pdf	adobe	Y	Y	1
300123_075027-973458.pdf	office_print			0
300123_083816-277364.PDF	adobe			0
300123_083820-818733.pdf	adobe	Y	Y	1
300123_084414-477733.PDF	adobe			0
300123_084421-274541.pdf	adobe			0
300323_012516-692127.PDF	bcsi_packdesign			0
300323_033423-178139.PDF	bcsi_packdesign			0
300323_041257-291788.PDF	adobe			0
300323_041300-616088.pdf	adobe	Y	Y	1
300323_061930-678879.PDF	bcsi_packdesign			0
300323_094324-916039.pdf	other			0
300323_095814-687983.pdf	cairo			0
300323_100156-511791.pdf	cairo			0
300523_022420-638096.pdf	adobe			0
300523_024835-704354.pdf	other			0
300523_055513-297581.pdf	office_print			0
300523_055757-973724.pdf	office_print			0
300523_055821-378362.pdf	adobe	Y	Y	3
300523_060509-779239.PDF	bcsi_packdesign			0
300523_061007-106938.pdf	adobe			0
300523_061603-681560.pdf	adobe			0
300523_062341-352059.PDF	adobe			0
300523_062840-516324.PDF	adobe			0
300523_065221-363172.pdf	bcsi_packdesign			0
300523_085113-746929.pdf	office_print			0
300523_085304-998976.pdf	office_print			0
300523_085400-989369.pdf	office_print			0
300523_085407-978256.pdf	office_print			0
300523_085447-985615.pdf	office_print			0
300523_105209-881537.pdf	office_print			0
300622_021803.pdf	adobe			0
300622_022456.pdf	office_print			0
300622_023132.pdf	adobe			0
300622_023136.pdf	office_print			0
300622_072907.pdf	cairo			0
300622_073338.pdf	office_print			0
300622_073347.PDF	bcsi_packdesign			0
300622_073351.pdf	bcsi_packdesign			0
300622_073356.pdf	bcsi_packdesign			0
300622_073401.pdf	office_print			0
300622_073504.pdf	office_print			0
300622_073509.PDF	bcsi_packdesign			0
300622_073515.pdf	bcsi_packdesign			0
300622_073519.pdf	bcsi_packdesign			0
300622_073625.pdf	office_print			0
300622_073650.PDF	bcsi_packdesign			0
300622_073659.pdf	bcsi_packdesign			0
300622_073704.pdf	bcsi_packdesign			0
300622_084041.pdf	other			0
300622_085942.pdf	office_print			0
300622_090007.pdf	office_print			0
300622_093230.pdf	cairo			0
300623_095450-369441.PDF	bcsi_packdesign			0
300623_095453-466866.pdf	bcsi_packdesign			0
300623_101742-709599.pdf	other			0
300623_101858-922256.pdf	other			0
300623_103039-866874.pdf	cairo			0
300623_103109-367130.pdf	adobe	Y	Y	1
300623_103221-425690.pdf	adobe	Y	Y	1
300623_103333-915254.pdf	cairo			0
300623_103347-938140.pdf	adobe	Y	Y	1
300623_103406-116279.pdf	adobe			0
300623_103613-369377.pdf	cairo			0
300623_103638-656688.pdf	other			0
300623_112904-274961.pdf	bcsi_packdesign			0
300623_112937-165919.PDF	bcsi_packdesign			0
300623_143136-653655.pdf	adobe	Y	Y	1
300623_143143-398114.pdf	office_print			0
300623_143607-324245.pdf	adobe	Y	Y	1
300623_143653-484854.pdf	office_print			0
300623_150458-296230.PDF	bcsi_packdesign			0
300623_150503-901682.pdf	bcsi_packdesign			0
300623_164226-927263.PDF	bcsi_packdesign			0
300623_171029-816659.PDF	bcsi_packdesign			0
300623_172451-696841.PDF	bcsi_packdesign			0
300623_172500-739927.pdf	bcsi_packdesign			0
300623_173357-556020.pdf	adobe	Y		1
300623_173826-688486.PDF	bcsi_packdesign			0
300623_173832-753364.pdf	bcsi_packdesign			0
300623_174842-966913.pdf	adobe			0
300623_174849-772157.pdf	adobe			0
300623_174852-422749.PDF	bcsi_packdesign			0
300722_030326.pdf	bcsi_packdesign			0
300822_022643-185744.pdf	other			0
300822_024447-656661.PDF	bcsi_packdesign			0
300822_024506-518178.pdf	bcsi_packdesign			0
300822_025241-582034.pdf	bcsi_packdesign			0
300822_032458-949792.pdf	adobe	Y	Y	1
300822_032501-516295.PDF	bcsi_packdesign			0
300822_032513-232324.pdf	other			0
300822_032736-144778.pdf	other			0
300822_032850-727560.pdf	adobe	Y	Y	1
300822_033620-153580.pdf	bcsi_packdesign			0
300822_055810-922950.pdf	adobe	Y	Y	1
300822_062523-459982.pdf	adobe	Y	Y	1
300822_063247-647493.pdf	adobe	Y	Y	1
300822_081452-669813.pdf	cairo			0
300822_084245-582188.pdf	office_print			0
300822_092535-413653.PDF	bcsi_packdesign			0
300822_092538-575570.pdf	adobe	Y	Y	1
300822_095007-884324.pdf	adobe	Y	Y	1
300823_103049-222470.pdf	cairo			0
300823_103327-716958.pdf	cairo			0
300823_110137-568878.pdf	adobe			0
300823_110146-969462.pdf	cairo			0
300823_110649-846692.pdf	cairo			0
300823_111334-858976.pdf	cairo			0
300823_111723-793397.pdf	cairo			0
300823_150020-309528.PDF	bcsi_packdesign			0
300823_150025-931954.pdf	bcsi_packdesign			0
300823_152858-496471.pdf	adobe			0
300823_152902-375119.PDF	adobe			0
300823_152905-745220.pdf	adobe	Y	Y	1
300823_152926-835194.pdf	adobe	Y	Y	1
300823_153300-409018.pdf	cairo			0
300823_161213-946248.PDF	adobe			0
300823_162857-171515.pdf	adobe			0
300823_163115-424283.pdf	adobe			0
300823_163630-435845.pdf	other			0
300823_164039-762249.pdf	other			0
300823_170254-743631.pdf	adobe	Y	Y	1
300823_181248-293763.PDF	bcsi_packdesign			0
300823_183221-917145.pdf	cairo			0
300922_012511-106069.pdf	other			0
300922_022145-656597.pdf	adobe	Y	Y	1
300922_022248-228957.pdf	cairo			0
300922_072742-409292.PDF	bcsi_packdesign			0
300922_073456-389558.pdf	other			0
300922_074554-272896.pdf	other			0
300922_074559-204427.pdf	office_print			0
300922_074649-755164.pdf	other			0
300922_080042-155983.pdf	office_print			0
300922_080048-482479.pdf	other			0
300922_091403-872259.pdf	adobe			0
300922_092845-472215.pdf	adobe			0
300922_093053-754680.PDF	bcsi_packdesign			0
300922_093056-906214.pdf	adobe	Y	Y	1
301122_003815-864745.pdf	office_print			0
301122_004146-462417.pdf	bcsi_packdesign			0
301122_004208-315780.PDF	bcsi_packdesign			0
301122_005538-657712.pdf	office_print			0
301122_010541-766754.pdf	office_print			0
301122_061838-256827.pdf	bcsi_packdesign			0
301122_061842-937445.PDF	bcsi_packdesign			0
301122_064439-185177.pdf	other			0
301122_065015-983065.pdf	cairo			0
301122_071921-712672.pdf	adobe	Y	Y	1
301122_085533-737797.pdf	adobe			0
301122_090033-184813.pdf	adobe			0
310123_010356-623181.pdf	other			0
310123_010400-749934.PDF	adobe			0
310123_010452-991356.pdf	adobe	Y	Y	1
310123_062853-244516.pdf	adobe			0
310123_063154-521819.pdf	adobe	Y		1
310123_063243-602964.pdf	adobe	Y	Y	1
310123_063337-159127.pdf	adobe	Y		1
310123_071211-961029.PDF	adobe			0
310123_071214-181724.pdf	adobe	Y	Y	1
310123_072429-118983.PDF	adobe			0
310123_072434-444612.pdf	adobe	Y	Y	1
310123_075103-761143.PDF	adobe			0
310123_075107-877869.pdf	adobe	Y		1
310123_075245-367641.pdf	other			0
310123_081850-748491.pdf	adobe	Y	Y	1
310123_082258-176011.PDF	bcsi_packdesign			0
310123_082307-103584.pdf	other			0
310123_082418-192472.pdf	other			0
310323_005343-267420.pdf	office_print			0
310323_014743-145472.pdf	other			0
310323_014753-347725.pdf	other			0
310323_014801-235832.pdf	office_print			0
310323_023655-549538.pdf	adobe	Y	Y	1
310323_023903-547016.PDF	adobe			0
310323_023907-774715.pdf	adobe	Y	Y	1
310323_025017-954237.PDF	bcsi_packdesign			0
310323_025022-715669.pdf	adobe			0
310323_030257-513263.PDF	bcsi_packdesign			0
310323_030301-197543.pdf	bcsi_packdesign			0
310323_072229-867021.PDF	adobe			0
310323_072322-228199.pdf	adobe	Y	Y	1
310323_072330-667319.pdf	other			0
310323_074436-302054.pdf	adobe			0
310323_074511-895858.pdf	adobe			0
310323_080716-594738.pdf	adobe			0
310323_080718-958622.pdf	adobe	Y	Y	1
310323_080749-152593.pdf	adobe			0
310323_080753-756452.pdf	adobe	Y	Y	1
310323_090632-618875.PDF	bcsi_packdesign			0
310522_102104.pdf	office_print			0
310522_102115.pdf	office_print			0
310522_102557.pdf	office_print			0
310523_013327-911361.pdf	office_print			0
310523_015736-599626.pdf	bcsi_packdesign			0
310523_020441-273079.PDF	adobe			0
310523_020745-378873.PDF	adobe			0
310523_032810-793572.pdf	cairo			0
310523_033508-397456.pdf	cairo			0
310523_033719-407218.pdf	cairo			0
310523_040023-275088.pdf	adobe	Y	Y	1
310523_040324-254158.pdf	office_print			0
310523_041431-926459.pdf	other			0
310523_065140-952262.PDF	bcsi_packdesign			0
310523_065144-803425.pdf	bcsi_packdesign			0
310523_065151-982471.pdf	adobe			0
310523_070259-595486.PDF	bcsi_packdesign			0
310523_082639-291123.pdf	other			0
310523_082741-607678.pdf	other			0
310523_084407-839690.pdf	bcsi_packdesign			0
310523_084420-966758.PDF	bcsi_packdesign			0
310523_084740-182327.PDF	bcsi_packdesign			0
310523_084749-448567.pdf	bcsi_packdesign			0
310523_092419-254543.PDF	bcsi_packdesign			0
310523_092426-452152.pdf	bcsi_packdesign			0
310523_092955-198348.PDF	bcsi_packdesign			0
310523_093003-665582.pdf	bcsi_packdesign			0
310523_093553-866427.PDF	bcsi_packdesign			0
310523_100438-536057.pdf	adobe			0
310523_100835-245412.pdf	office_print			0
310723_092252-869277.PDF	bcsi_packdesign			0
310723_092312-554885.pdf	bcsi_packdesign			0
310723_112644-245054.pdf	cairo			0
310723_113902-424366.pdf	adobe			0
310723_121208-242084.pdf	other			0
310723_121215-386945.pdf	other			0
310723_122934-289913.pdf	other			0
310723_131643-752013.pdf	cairo			0
310723_155902-116279.PDF	bcsi_packdesign			0
310723_180346-442930.pdf	office_print			0
310822_010449-191393.PDF	adobe			0
310822_010501-853814.pdf	other			0
310822_010536-547254.pdf	office_print			0
310822_010607-399915.pdf	bcsi_packdesign			0
310822_034610-994956.PDF	bcsi_packdesign			0
310823_093602-924212.pdf	adobe	Y	Y	1
310823_105000-294128.pdf	cairo			0
310823_105314-647137.pdf	cairo			0
310823_110357-314967.pdf	cairo			0
310823_112217-911689.pdf	cairo			0
310823_112534-642815.pdf	cairo			0
310823_112931-235028.pdf	cairo			0
310823_113225-688725.pdf	cairo			0
310823_113520-182327.pdf	cairo			0
310823_114836-433588.pdf	cairo			0
310823_115323-219918.pdf	cairo			0
310823_120359-375119.pdf	adobe	Y	Y	1
310823_121330-522029.pdf	cairo			0
310823_121351-992050.PDF	bcsi_packdesign			0
310823_145832-823122.pdf	adobe			0
310823_145933-762459.PDF	bcsi_packdesign			0
310823_145938-506626.pdf	adobe			0
310823_161245-214965.pdf	office_print			0
310823_164804-621227.pdf	cairo			0
310823_174716-918826.pdf	adobe	Y	Y	1
310823_174721-436768.pdf	adobe	Y	Y	1
310823_183804-978831.pdf	office_print			0
311022_031742-142384.pdf	bcsi_packdesign			0
311022_071709-624552.PDF	bcsi_packdesign			0
311022_071735-428778.pdf	bcsi_packdesign			0
311022_073113-379441.PDF	bcsi_packdesign			0
311022_073147-769815.pdf	bcsi_packdesign			0
311022_095244-487733.PDF	bcsi_packdesign			0
311022_095521-631921.pdf	bcsi_packdesign			0
50005093 Allowrie_MCT_DISPLAY BOX 10x200	adobe	Y	Y	1
8701012810 BOX STUN 6x20g Paper Catan_F0	adobe	Y	Y	1
ARS Plus Coil8 (New Logo)_LS_Lavender_F0	adobe	Y	Y	1
ARS Plus Coil8 (New Logo)_LS_Sakura_F007	adobe	Y	Y	1
ART_2PAGB000890_050422_101202.pdf	other			0
ART_2PAGB000891_050422_101146.pdf	other			0
AW GF1.  ขิงผสมขมิ้น_060422_170016.pdf	adobe			0
AW GF_060422_152807.pdf	adobe			0
AW Logan Box_290422_151650.pdf	adobe	Y	Y	1
AW SAIRAMIRROR SPAY LIMITED - 650507_090	adobe			0
AW มันซ์ พิงค์ X15_290422_174647.pdf	office_print			0
AWColdBrew MU_060422_175729.pdf	adobe			0
AWColdBrew MU_070422_125729.pdf	adobe			0
AW_DisplayBox_สเปรย์กันยุง_compressed_06	other			0
AW_Lamoon_DisplayBox_Toothpaste_060522_1	adobe			0
aw_Packaging-Sri Vara-FINAL C (1)_200522	adobe			0
AW_เมดิเชน_สีเขียว_1-4-65_060422_111235.	adobe			0
BOX KHUN DAO BIG_120422_145127.PDF	bcsi_packdesign			0
BOX KHUN DAO SMALL_120422_145101.PDF	bcsi_packdesign			0
Box VAHiNe Kawaii_110522_145214.pdf	other			0
Box VAHiNe Kawaii_110522_145515.pdf	other			0
Box VAHiNe Kawaii_110522_145639.pdf	other			0
C6409010R5_L120xW35xD187 mm_กล่องแกงเผ็ด	adobe			0
C6505006R1_L242xW222xD189 mm_กล่องนอกแกง	adobe			0
C6505006R1_L242xW222xD189 mm_กล่องนอกแกง	adobe			0
Die-Line_Yunhee_Serum_100522_100508.pdf	adobe	Y	Y	1
DIECUT LAY F009523 F009524_110522_114151	adobe	Y	Y	1
Diecut_ARB-00015-2105003_Insert-Box PEAR	adobe			0
Dr.pong [Converted]_210522_142759.pdf	adobe			0
E21120081_060522_150914.pdf	cairo			0
E22030108_100522_100543.pdf	cairo			0
E22030215_210422_094144.pdf	other			0
E22030275_230522_172833.pdf	cairo			0
E22030350 กล่องเบเกอรี่ HARIO CAFE_12042	bcsi_packdesign			0
E22030350 กล่องเบเกอรี่ HARIO CAFE_12042	bcsi_packdesign			0
E22030357_200422_140702.pdf	cairo			0
E22030360_110422_133459.pdf	office_print			0
E22040024_110422_142623.pdf	cairo			0
E22040035_170522_151126.pdf	cairo			0
E22040067_180422_152132.pdf	cairo			0
E22040067_180422_153016.pdf	cairo			0
E22040070_040522_142232.pdf	cairo			0
E22040128_210422_095607.pdf	cairo			0
E22040130_030522_105038.pdf	cairo			0
E22040130_280422_165617.pdf	cairo			0
E22040137_250422_115437.pdf	cairo			0
E22040141_210522_163412.pdf	cairo			0
E22040148- Rep.CARTON BOX MFX-70L_REM_UL	cairo			0
E22040152_230522_172252.pdf	cairo			0
E22040154_240522_163736.pdf	cairo			0
E22040163_030522_110343.pdf	cairo			0
E22040167_230522_131956.pdf	cairo			0
E22040173_230522_165658.pdf	cairo			0
E22040176_250522_163346.pdf	cairo			0
E22040178_230522_163324.pdf	cairo			0
E22040225_030522_170750.pdf	cairo			0
E22040233_170522_164835.pdf	cairo			0
E22040259_200522_094223.pdf	cairo			0
E22050025_230522_165203.pdf	cairo			0
E22050244-Rep.CARTON BOX LN3-DIN75_REM-เ	cairo			0
E22050245-Rep.CARTON BOX MFX - 90L_REM_U	cairo			0
E22050246-Rep.CARTON BOX EX120R+HB(WET)_	cairo			0
E22050248_230522_104852.pdf	cairo			0
Est เก่า_260422_104521.pdf	office_print			0
F005977 Hi Whey Marine Coffee-Rev2_06042	adobe	Y	Y	1
F006332 ปัจจุบัน._220422_093841.pdf	other			0
F007173 กล่องเมล็ดทานตะวัน ตรา ชาช่า Rev	bcsi_packdesign			0
F007346 GPO DICLOX-Rev1_160522_151249.pd	adobe	Y	Y	1
F007743 กล่องยาองค์การฯ 33X121X33MM._100	bcsi_packdesign			0
F008962 องค์การเภสัชกรรม JE21110604 3421	bcsi_packdesign			0
F008962 องค์การเภสัชกรรม JE21110604 3421	bcsi_packdesign			0
F008962 องค์การเภสัชกรรม JE21110604 3421	bcsi_packdesign			0
F009523 COCO(TH) SUNNY-OK-1_110522_11421	adobe			0
F009606 ENC1028-1EN Tuna With Salmon 16x	adobe	Y	Y	1
F009639 INNERBOX - CREAMY TREATS - CHICK	adobe	Y	Y	1
F009640 INNERBOX - CREAMY TREATS - SALMO	adobe	Y	Y	1
F009641 INNERBOX - CREAMY TREATS - TUNA 	adobe	Y	Y	1
F009695 PTT Performa Super Synthetic 0w-	other			0
F009697 TRAY REV.1_070422_165933.PDF	bcsi_packdesign			0
F009698 COVER REV.1_070422_170743.PDF	bcsi_packdesign			0
F009699 PARTITION REV.1_070422_170748.PD	bcsi_packdesign			0
F009728 กล่องรังนกโบกิ_120422_120340.PDF	bcsi_packdesign			0
F009744 4223521 SIDEGRA (SIDENAFIL) TABL	bcsi_packdesign			0
F009744 4223521 SIDEGRA (SIDENAFIL) TABL	bcsi_packdesign			0
F009744 4223521 SIDEGRA (SIDENAFIL) TABL	bcsi_packdesign			0
F009745_HIP-BIO_TECH_MASK_KN95_120422_13	adobe	Y	Y	1
F009746_CHAOKHUN_MASK_(SMALL NEW SIZE) R	adobe	Y	Y	1
F009775 กล่องใส่สบู่ 3 ก้อน (KING POWER)	bcsi_packdesign			0
F009780 รังนกเพิร์ล (ไส้ใน)_250422_18242	bcsi_packdesign			0
F009780 รังนกเพิร์ล_250422_182429.PDF	bcsi_packdesign			0
F009798 PIZZA PAN (TOM YUM SEAFOOD) 220 	bcsi_packdesign			0
F009798 PIZZA PAN (TOM YUM SEAFOOD) 220 	bcsi_packdesign			0
F009799 PIZZA (HAWAIIAN) 135 G lay_27042	adobe			0
F009799 PIZZA (HAWAIIAN) 135 G_270422_15	bcsi_packdesign			0
F009800 PIZZA SEAFOOD 135 G lay_270422_1	bcsi_packdesign			0
F009800 PIZZA SEAFOOD 135 G_270422_15282	bcsi_packdesign			0
F009801 CHEESE STICK Lay_270422_160654.p	bcsi_packdesign			0
F009801 CHEESE STICK_270422_160701.PDF	bcsi_packdesign			0
F009802 CABIN SNACK BOX Lay_270422_16363	bcsi_packdesign			0
F009802 CABIN SNACK BOX_270422_163635.PD	bcsi_packdesign			0
F009855 MELON BOX (L)_100522_162321.PDF	bcsi_packdesign			0
F009862 กล่องบรรจุเมล่อน (วาสนาฟาร์ม Siz	bcsi_packdesign			0
F009862 กล่องบรรจุเมล่อน (วาสนาฟาร์ม Siz	bcsi_packdesign			0
F009867 TMAIRAI BRAND BOX X 10 TRAY_1205	bcsi_packdesign			0
F009868 TMAIRAI BRAND BOX X 10 COVER_120	bcsi_packdesign			0
F009870 TMAIRAI BRAND BOX X 10 CUSHION_1	bcsi_packdesign			0
F009874  กล่องกระดาษทิชชู Lay_200522_093	bcsi_packdesign			0
F009874  กล่องกระดาษทิชชู_200522_093351.	bcsi_packdesign			0
F009878 CARGURU LEATHER WAX Lay_120522_1	bcsi_packdesign			0
F009878 CARGURU LEATHER WAX_120522_15151	bcsi_packdesign			0
F009879 HORSEY CAR CARE Lay_120522_14505	bcsi_packdesign			0
F009879 HORSEY CAR CARE Lay_120522_14585	bcsi_packdesign			0
F009879 HORSEY CAR CARE_120522_145102.PD	bcsi_packdesign			0
F009879 HORSEY CAR CARE_120522_145854.PD	bcsi_packdesign			0
F009884 กล่อง OAT FIBER SPAGHETTI_240522	bcsi_packdesign			0
F009885 กล่องยาน้ำ 15 ML_130522_173507.P	bcsi_packdesign			0
F009885 กล่องยาน้ำ 15 ML_130522_173523.P	bcsi_packdesign			0
F009886 กล่องยาน้ำ 30 ML_130522_173550.P	bcsi_packdesign			0
F009886 กล่องยาน้ำ 30 ML_130522_173603.P	bcsi_packdesign			0
F009887 กล่องยาน้ำ 60 ML_130522_173619.P	bcsi_packdesign			0
F009887 กล่องยาน้ำ 60 ML_130522_173635.P	bcsi_packdesign			0
F009894 CHICKEN WRAP_170522_170843.PDF	bcsi_packdesign			0
F009903 - CARTON ZENDA 1000 (25x2 TABLET	bcsi_packdesign			0
F009904 - CARTON BENDA 500_200522_144622	bcsi_packdesign			0
F009905 - CARTON PATBLU FEVER AND PAIN M	bcsi_packdesign			0
F009906 - BOX BENDA 500_200522_144605.PD	bcsi_packdesign			0
F009907 - Carton Annylyn 21S & 28S_20052	bcsi_packdesign			0
F009929 กล่อง  FETTUCCINE REV.1_280522_1	bcsi_packdesign			0
FAHW0007  กล่องสี (2)_060522_155152.PDF	adobe	Y		1
FAHW0007 กล่องสี (1)_060522_155133.pdf	other			0
Greatfully Box_280422_163656.pdf	adobe			0
H4-0158 (OWW1464 ) # H4-0159 (WNW0054 ) 	other			0
H4-0158 (OWW1464) -1_060522_151457.pdf	other			0
H7-10642 ( OWW1467C1485 ) -2_060522_1539	other			0
H7-10642 (OWW1467) -1_060522_154001.pdf	other			0
Inner box Super cat_060522_172415.pdf	other			0
INNER BOX_070422_110425.PDF	bcsi_packdesign			0
JE1803-0209-4 อังกฤษตรางู (แอล.พี.)_กล่อ	office_print			0
JE1910-0252 Health Food creation_Rep.กล่	office_print			0
JE2005-0120 สยามโยโกะ_Y5322 กล่องเกลือโย	office_print			0
JE2009-0216-2 กลุ่มสยามบรรจุภัณฑ์_Gift B	office_print			0
JE2011-0554 องค์การเภสัชกรรม_31012661 กล	office_print			0
JE2102-0086 องค์การเภสัชกรรม_31012797 กล	other			0
JE2102-0136 เจี่ยฮงเยลโลพลาส_Rep.กล่อง G	office_print			0
JE2102-0573 สยามGS แบตเตอร์รี่_Rep.CARTO	office_print			0
JE21020567 D-Plus Intertrade_Rep.Po5-200	office_print			0
JE2103-0586 องค์การเภสัชกรรม_31012744 กล	office_print			0
JE2106-0057-1 D-Plus Intertrade_Rep.Po5-	office_print			0
JE2106-0738 โชติวัฒน์_Rep.Sleeve Box RIO	other			0
JE2107-0512-1 Pattaya Food_Rep.Tray Salm	other			0
JE2108-0258 องค์การเภสัชกรรม_31012782 LE	other			0
JE2109-0276 Pattaya Food_Rep.Inner box S	other			0
JE2109-0287 ควอลิตี้ คอยส์_Rep.กล่องยากั	other			0
JE2109-0366-1 เคซีจี_กล่องในอลาวรี่พรีเม	other			0
JE2109-0478 เฮลท์ฟู้ด แอนด์ คอสเมติค_Rep	other			0
JE2110-0295 อังกฤษตรางู (แอล.พี.)_PKBC87	other			0
JE2110-0411 เอส แอนด์ พี ซินดิเคท_Rep.กล	other			0
JE2111-0004-6 JET PRESS  กลาง_งานกล่องธู	office_print			0
JE2111-0333 องค์การเภสัชกรรม_31013270 กล	office_print			0
JE2111-0413 สยามGS แบตเตอร์รี่_Rep.CARTO	office_print			0
JE2111-0457 องค์การเภสัชกรรม_31012944 กล	other			0
JE2111-0478 สยามGS แบตเตอร์รี่_Rep.CARTO	office_print			0
JE2111-0497 สยามGS แบตเตอร์รี่_Rep.CARTO	office_print			0
JE2111-0604 องค์การเภสัชกรรม_34215270 กล	other			0
JE2111-0653 องค์การเภสัชกรรม_34214241 กล	other			0
JE2111-0653 องค์การเภสัชกรรม_34214241 กล	other			0
JE2111-0851 สยามGS แบตเตอร์รี่_Rep CARTO	office_print			0
JE2112-0179 จาง แอนด์ โค_งานกล่องกาแฟ Co	office_print			0
JE2112-0227 กนกวรรณฟูดส์_Rep.กล่องเครื่อ	other			0
JE2112-0232 เอส แอนด์ พี ซินดิเคท_Rep.ฐา	other			0
JE2112-0362-2 ลอฟเทน(ไทยแลนด์)_Rep HOMEL	other			0
JE2112-0364-2 ลอฟเทน(ไทยแลนด์)_Rep HOMEL	other			0
JE2112-0467 สยามGS แบตเตอร์รี่_CARTON  B	office_print			0
JE2112-0553 สยามGS แบตเตอร์รี่_Rep.Inner	office_print			0
JE2112-0577 ลานนาเกษตร_Rep.Inner box RPN	other			0
JE2201-0024 จี่ยฮงเยลโลพลาส_Rep.ป้ายแขวน	office_print			0
JE2201-0135 โชติวัฒน์_Rep.Inner Box Appl	other			0
JE2201-0200 เจี่ยฮงเยลโลพลาส_ใบ INSTRUCT	other			0
JE2201-0200 เจี่ยฮงเยลโลพลาส_ใบ INSTRUCT	other			0
JE2201-0237-1 โทฟู สกินแคร์_กล่อง Alpha 	other			0
JE2201-0353 โชติวัฒน์_Rep.Inner box Appl	office_print			0
JE2201-0468 สยามGS แบตเตอร์รี่_Rep.CARTO	office_print			0
JE2201-0468 สยามGS แบตเตอร์รี่_Rep.CARTO	office_print			0
JE2201-0468 สยามGS แบตเตอร์รี่_Rep.CARTO	office_print			0
JE2201-0541-2 ไก่ดำมหากิจ_บอนแบค 42ml. (	office_print			0
JE2201-0564-1 กลุ่มสยามบรรจุภัณฑ์_Box Sc	office_print			0
JE2201-0587-1 เจี่ยฮงเยลโลพลาส_กล่องGift	other			0
JE2201-0608 Pattaya Food_Rep. Tray Ocean	other			0
JE2201-0630 ควอลิตี้ คอยส์_Rep.Inner Box	other			0
JE2201-0631 ควอลิตี้ คอยส์_Rep.Paper ARS	other			0
JE2201-0695 ยูนิเพรสซิเดนท์_Rep กล่องน้ำ	other			0
JE2201-0698 โชติวัฒน์_Rep.ฝาครอบ Tray Ap	other			0
JE2201-0725 Pattaya Food_Rep.Tray Sealor	other			0
JE2201-0725 Pattaya Food_Rep.Tray Sealor	other			0
JE2202-0001 Pattaya Food_Rep.Tray Sealor	office_print			0
JE2202-0039-2 ก.เจริญ อินดัสทรีส์_กล่อง 	office_print			0
JE2202-0048-1 ก.เจริญ อินดัสทรีส์_กล่องบ	office_print			0
JE2202-0241-1 โชติวัฒน์_Rep.Cover Applaw	office_print			0
JE2202-0259 โชติวัฒน์_RepTray Applaws ca	office_print			0
JE2202-0358 ลานนาเกษตร_Rep.Sleeve Box Of	office_print			0
JE2202-0387 เอเชี่ยน_Rep.Tray Applaws US	office_print			0
JE2202-0535 โชติวัษน์_Cover Applaws pouc	office_print			0
JE2202-0627 โชติวัฒน์_Rep.Tray Applaws p	office_print			0
JE2202-0705 สยามGS แบตเตอร์รี่_Rep. CART	office_print			0
JE2202-0706 สยามGS แบตเตอร์รี่_Rep. CART	office_print			0
JE2202-0717 สยามGS แบตเตอร์รี่_Rep.Inner	office_print			0
JE2202-0727 สยามGS แบตเตอร์รี่_Rep.CARTO	office_print			0
JE2202-0730 สยามGS แบตเตอร์รี่_Rep.Paper	office_print			0
JE2202-0737สยามGS แบตเตอร์รี่_Rep CARTON	office_print			0
JE2202-0737สยามGS แบตเตอร์รี่_Rep CARTON	office_print			0
JE2202-0737สยามGS แบตเตอร์รี่_Rep CARTON	office_print			0
JE2202-0737สยามGS แบตเตอร์รี่_Rep CARTON	office_print			0
JE2202-0737สยามGS แบตเตอร์รี่_Rep CARTON	office_print			0
JE2202-0741 สยามGS แบตเตอร์รี่_Rep.Paper	office_print			0
JE2202-0799 สยามอินเตอร์เนชั่นแนลฟู๊ด_Tr	office_print			0
JE2202-0912 โชติวัฒน์_Rep.Inner box Appl	office_print			0
JE2203-0090 SK foods_Rep.tray coles yell	office_print			0
JE2203-0093 SK foods_Rep.Tray Wild Tides	office_print			0
JE2203-0199 เอส แอนด์ พี ซินดิเคท_Rep ฐา	office_print			0
JE2203-0228-2 โชติวัฒน์_ Tray+Cover Enco	office_print			0
JE2203-0228-2 โชติวัฒน์_ Tray+Cover Enco	office_print			0
JE2203-0244 ลานนาเกษตร_Rep Inner Box LTS	office_print			0
JE2203-0266 โชติวัฒน์_Rep Insert Encore 	office_print			0
JE2203-0277 เอเชี่ยน_Rep.กล่อง Multipack	office_print			0
JE2203-0362 โชติวัฒน์_Rep.Tray Encore Po	office_print			0
JE2203-0392 โชติวัฒน์_Rep.Cover Applaws 	office_print			0
JE2203-0394 โชติวัฒน์_Rep.Tray Applaws P	office_print			0
JE2203-0395 โชติวัฒน์_Rep.Inner box enco	office_print			0
JE2203-0397 โชติวัฒน์_Rep.Cover Applaws 	office_print			0
JE2203-0397 โชติวัฒน์_Rep.Cover Applaws 	office_print			0
JE2203-0467 โชติวัฒน์_Rep กล่อง Reveal 1	office_print			0
JE2203-0501 ปตท. น้ำมันและการค้าปลีก_Rep	office_print			0
JE2203-0501 ปตท. น้ำมันและการค้าปลีก_Rep	office_print			0
JE2203-0502 ปตท. น้ำมันและการค้าปลีก_Rep	office_print			0
JE2203-0502 ปตท. น้ำมันและการค้าปลีก_Rep	office_print			0
JE2203-0502 ปตท. น้ำมันและการค้าปลีก_Rep	office_print			0
JE2203-0502 ปตท. น้ำมันและการค้าปลีก_Rep	office_print			0
JE2203-0530 เจี่ยฮงเยลโลพลาส_กล่อง GIFT 	office_print			0
JE2203-0584 ทรอปิคอลแคนนิ่ง_Rep Tray Por	office_print			0
JE2203-0585 ทรอปิคอลแคนนิ่ง_RepTray Port	office_print			0
JE2203-0852-1 เคซีจี_กล่องในแดรี่โกลด์ขน	office_print			0
JE2204-0093 เอเชี่ยน_Rep.Tray Applaws Mu	office_print			0
JE2204-0181 เชอร์วู้ด คอร์ปอเรชั่น_กล่อง	office_print			0
JE2204-0248 ทรอปิคอลแคนนิ่ง_Rep Tray Por	office_print			0
JE2204-0291 โชติวัฒน์_Rep.Insert Applaws	office_print			0
JE2204-0325 ชาชา ฟู้ด_Rep.กล่อง 301334 V	office_print			0
JE2204-0371 ควอลิตี้ คอยส์_Rep Inner box	office_print			0
JE2204-0587 Pattaya Food_Rep.Tray Sealor	office_print			0
JE2204-0587 Pattaya Food_Rep.Tray Sealor	office_print			0
JE2204-0587 Pattaya Food_Rep.Tray Sealor	office_print			0
JE2204-0587 Pattaya Food_Rep.Tray Sealor	office_print			0
JE2204-0587 Pattaya Food_Rep.Tray Sealor	office_print			0
JE2204-0587 Pattaya Food_Rep.Tray Sealor	office_print			0
JE2204-0646 เอส แอนด์ พี ซินดิเคท_Rep ฐา	office_print			0
JE2205-0084-1 โชติวัฒน์_Cover Encore Cat	office_print			0
JE2205-0104 àÍàªÕèÂ¹_Rep.Cover for Nulo 	office_print			0
JE2205-0146 เอเชี่ยน_Rep Tray Nulo Pouch	office_print			0
JE2205-0617 เจี่ยฮงเยลโลพลาส_Rep.กล่อง G	office_print			0
JE2205-0633 โชติวัฒน์_Rep.Tray Applaws p	office_print			0
Kainda Box_070422_180608.pdf	adobe			0
KRAKEN-Dieline_030522_214826.pdf	adobe			0
KRAKEN-Dieline_030522_214919.pdf	adobe			0
Lay BOX KHUN DAO BIG_120422_145133.pdf	adobe			0
LAY BOX KHUN DAO SMALL_120422_145109.PDF	bcsi_packdesign			0
LAY DIECUT F008365 (4)_110422_174624.pdf	adobe	Y	Y	1
LAY E22030350 กล่องเบเกอรี่ HARIO CAFE_1	bcsi_packdesign			0
LAY E22030350 กล่องเบเกอรี่ HARIO CAFE_1	bcsi_packdesign			0
LAY F007346 31012660 กล่องพิมพ์ GPO DICL	adobe			0
LAY F007346 31012660 กล่องพิมพ์ GPO DICL	adobe			0
LAY F007883 องค์การเภสัชฯ AUTO LOCK 35 X	bcsi_packdesign			0
LAY F009596 กล่องหูหิ้ว REV.5_130522_154	bcsi_packdesign			0
LAY F009596 กล่องหูหิ้ว REV.5_170522_103	bcsi_packdesign			0
LAY F009728 กล่องรังนกโบกิ_120422_120345	bcsi_packdesign			0
LAY F009744 4223521 SIDEGRA (SIDENAFIL) 	bcsi_packdesign			0
LAY F009744 4223521 SIDEGRA (SIDENAFIL) 	bcsi_packdesign			0
LAY F009744 4223521 SIDEGRA (SIDENAFIL) 	bcsi_packdesign			0
LAY F009780 รังนกเพิร์ล (ไส้ใน)_250422_1	bcsi_packdesign			0
LAY F009780 รังนกเพิร์ล_250422_182438.pd	bcsi_packdesign			0
LAY F009884 กล่อง OAT FIBER SPAGHETTI_24	bcsi_packdesign			0
LAY F009929 กล่อง  FETTUCCINE REV.1_2805	bcsi_packdesign			0
LAY INNER BOX_070422_110436.pdf	bcsi_packdesign			0
LAY RFQ22040015 กล่อง SPA ME BODY CREAM_	bcsi_packdesign			0
LAY กล่อง TRD GOLD_270422_100403.pdf	bcsi_packdesign			0
LAY คิดราคาPENRoo_110522_090649.pdf	adobe			0
LAY คิดราคาPENRoo_110522_091226.pdf	adobe			0
LAy ยากันยุง SIZE 137 X137 X93MM_200522_	bcsi_packdesign			0
LAY แบบที่ 1 F007743 กล่องยาองค์การฯ 33X	bcsi_packdesign			0
LAY แบบที่ 2 F007743 กล่องยาองค์การฯ 33X	adobe			0
LAY_sample_2_260422_162344.pdf	adobe	Y	Y	1
MER - Nitrylex Black MMT Black Nitrile (	adobe			0
Mockup Kilenebox_170522_112506.pdf	adobe			0
NEW_MedC mask 3 ชั้น เกรดพิเศษ-15-11-64_	adobe			0
PENLOO_110522_090642.pdf	adobe			0
PENLOO_110522_091220.pdf	adobe			0
printed boxes sedeogra_120422_151501.pdf	other			0
RFQ22030517 กล่องสบู่_300322_102051.PDF	bcsi_packdesign			0
RFQ22040014NATURAL ENRICHED MOISTURIZING	bcsi_packdesign			0
s (EXPORT)_110422_173829.pdf	other			0
Seema Crystal Soap Box_230522_152820.pdf	adobe			0
s_250522_142756.pdf	other			0
TDR Gold in side_270422_100347.pdf	other			0
TDR Gold_270422_100341.pdf	other			0
TOR 34224160 TORSEMIDE GPO_040422_155721	other			0
TOR _31012944 กล่องพิมพ์ MOMETASONE GPO 	other			0
TOR_100522_132136.pdf	other			0
TOR_100522_141349.pdf	other			0
TOR_160522_140127.pdf	other			0
TOR_180422_103105.pdf	other			0
TOR_180422_154858.pdf	other			0
Tray Sealord  แพ็ค 12x85g.  ปัจจุบัน_100	cairo			0
Tray Sealord แพ็ค 24x185g. ปัจจุบัน_1705	cairo			0
Tray Sealord แพ็ค 24x185g. ปัจจุบัน_1705	cairo			0
Tray Sealord แพ็ค 24x95 g ราคาปัจจุบัน_1	cairo			0
Tray Sealord แพ็ค 24x95 g ราคาปัจจุบัน_1	cairo			0
Tray Sealord แพ็ค 24x95 g ราคาปัจจุบัน_1	cairo			0
Tray Sealord แพ็ค 24x95 g ราคาปัจจุบัน_1	cairo			0
¡ÅèÍ§ The Gent._310522_100022.pdf	office_print			0
¡ÅèÍ§ The Gent_310522_100736.pdf	office_print			0
กล่อง Collagen Whey Protein Plus  29.3.6	adobe			0
กล่อง Kotei Keto_100522_110327.pdf	office_print			0
กล่อง NA-HI_110422_085907.pdf	office_print			0
กล่อง TRD GOLD_270422_100357.PDF	bcsi_packdesign			0
กล่องชามะนาวล่าสุดสีน้ำตาล_040422_113920	cairo			0
กล่องฝาพับ ALOLE2_120422_104703.pdf	adobe			0
ฐานเค้กฐาปนี_300322_110207.pdf	other			0
ตัวอย่างกล่อง_160522_110753.pdf	other			0
ตัวอย่างงาน_010422_164029.pdf	other			0
ตัวอย่างไดไลน์_190522_144612.pdf	office_print			0
ถาด Max life 1_280422_155236.pdf	adobe			0
น้ำหอมปรับอากาศ 2_180422_114228.pdf	adobe			0
ราคา Partition (1)_170522_173531.pdf	other			0
ราคา Partition (1)_170522_173604.pdf	other			0
รูปภาพสินค้า_100522_100454.pdf	office_print			0
รูปแบบงานกล่อง_260422_152846.pdf	other			0
ใบเสนอราคา 2PAGB000930_180422_164824.pdf	other			0
ใบเสนอราคา 2PAGB000931_180422_164643.pdf	other			0
ใบเสนอราคา PGTRZ8003R0_230422_150011.pdf	other			0
